X [ERROR] Could not resolve "react-aria/useCalendar"

    node_modules/.pnpm/@heroui+react@3.2.6_@intern_b1a806e12e22dd8c9aea32e8a3cc2bf3/node_modules/@heroui/react/dist/components/calendar-year-picker/calendar-year-picker.js:4:58:
      4 │ ...ndarYearPicker, useCalendarHeading } from 'react-aria/useCalendar';
        ╵                                              ~~~~~~~~~~~~~~~~~~~~~~~~

  The module "./dist/exports/useCalendar.mjs" was not found on the file system:

    node_modules/.pnpm/node_modules/react-aria/package.json:30:16:
      30 │       "import": "./dist/exports/*.mjs",
         ╵                 ~~~~~~~~~~~~~~~~~~~~~~

  You can mark the path "react-aria/useCalendar" as external to exclude it from the bundle, which will remove this error and leave the unresolved path in the bundle.

X [ERROR] Could not resolve "react-aria/private/i18n/server"

    node_modules/.pnpm/react-aria-components@1.21._b5cfd5b3f7fdf12844df94706b6190db/node_modules/react-aria-components/i18n/index.mjs:1:72:
      1 │ ...etPackageLocalizationScript} from 'react-aria/private/i18n/server';
        ╵                                      ~~~~~~~~~~~~~~~~~~~~~~~~~~~~~~~~

  The module "./dist/exports/private/i18n/server.mjs" was not found on the file system:

    node_modules/.pnpm/node_modules/react-aria/package.json:30:16:
      30 │       "import": "./dist/exports/*.mjs",
         ╵                 ~~~~~~~~~~~~~~~~~~~~~~

  You can mark the path "react-aria/private/i18n/server" as external to exclude it from the bundle, which will remove this error and leave the unresolved path in the bundle.

X [ERROR] Could not resolve "react-aria/Collection"

    node_modules/.pnpm/react-aria-components@1.21._b5cfd5b3f7fdf12844df94706b6190db/node_modules/react-aria-components/dist/exports/index.mjs:70:67:
      70 │ ...be900807531178$re_export$Collection} from "react-aria/Collection";
         ╵                                              ~~~~~~~~~~~~~~~~~~~~~~~

  The module "./dist/exports/Collection.mjs" was not found on the file system:

    node_modules/.pnpm/node_modules/react-aria/package.json:30:16:
      30 │       "import": "./dist/exports/*.mjs",
         ╵                 ~~~~~~~~~~~~~~~~~~~~~~

  You can mark the path "react-aria/Collection" as external to exclude it from the bundle, which will remove this error and leave the unresolved path in the bundle.

X [ERROR] Could not resolve "react-aria/private/utils/constants"

    node_modules/.pnpm/@react-aria+utils@3.34.1_re_99a585eb891972086b0f4d932b80d394/node_modules/@react-aria/utils/dist/import.mjs:1:137:
      1 │ ...f$re_export$FOCUS_EVENT} from "react-aria/private/utils/constants";
        ╵                                  ~~~~~~~~~~~~~~~~~~~~~~~~~~~~~~~~~~~~

  The module "./dist/exports/private/utils/constants.mjs" was not found on the file system:

    node_modules/.pnpm/node_modules/react-aria/package.json:30:16:
      30 │       "import": "./dist/exports/*.mjs",
         ╵                 ~~~~~~~~~~~~~~~~~~~~~~

  You can mark the path "react-aria/private/utils/constants" as external to exclude it from the bundle, which will remove this error and leave the unresolved path in the bundle.

X [ERROR] Could not resolve "react-aria/SSRProvider"

    node_modules/.pnpm/@react-aria+ssr@3.10.1_reac_e0d6db4fb2cd00f0160d6ec353da61d4/node_modules/@react-aria/ssr/dist/import.mjs:1:119:
      1 │ ...f00dc27212b61f45$re_export$useIsSSR} from "react-aria/SSRProvider";
        ╵                                              ~~~~~~~~~~~~~~~~~~~~~~~~

  The module "./dist/exports/SSRProvider.mjs" was not found on the file system:

    node_modules/.pnpm/node_modules/react-aria/package.json:30:16:
      30 │       "import": "./dist/exports/*.mjs",
         ╵                 ~~~~~~~~~~~~~~~~~~~~~~

  You can mark the path "react-aria/SSRProvider" as external to exclude it from the bundle, which will remove this error and leave the unresolved path in the bundle.

X [ERROR] Could not resolve "react-aria/useFocusVisible"

    node_modules/.pnpm/@heroui+react@3.2.6_@intern_b1a806e12e22dd8c9aea32e8a3cc2bf3/node_modules/@heroui/react/dist/components/toast/toast.js:5:32:
      5 │ import { useFocusVisible } from 'react-aria/useFocusVisible';
        ╵                                 ~~~~~~~~~~~~~~~~~~~~~~~~~~~~

  The module "./dist/exports/useFocusVisible.mjs" was not found on the file system:

    node_modules/.pnpm/node_modules/react-aria/package.json:30:16:
      30 │       "import": "./dist/exports/*.mjs",
         ╵                 ~~~~~~~~~~~~~~~~~~~~~~

  You can mark the path "react-aria/useFocusVisible" as external to exclude it from the bundle, which will remove this error and leave the unresolved path in the bundle.

X [ERROR] Could not resolve "react-aria/private/collections/Hidden"

    node_modules/.pnpm/@heroui+react@3.2.6_@intern_b1a806e12e22dd8c9aea32e8a3cc2bf3/node_modules/@heroui/react/dist/components/combo-box/combo-box.js:4:28:
      4 │ import { useIsHidden } from 'react-aria/private/collections/Hidden';
        ╵                             ~~~~~~~~~~~~~~~~~~~~~~~~~~~~~~~~~~~~~~~

  The module "./dist/exports/private/collections/Hidden.mjs" was not found on the file system:

    node_modules/.pnpm/node_modules/react-aria/package.json:30:16:
      30 │       "import": "./dist/exports/*.mjs",
         ╵                 ~~~~~~~~~~~~~~~~~~~~~~

  You can mark the path "react-aria/private/collections/Hidden" as external to exclude it from the bundle, which will remove this error and leave the unresolved path in the bundle.

X [ERROR] Could not resolve "react-aria/useColorSlider"

    node_modules/.pnpm/react-aria-components@1.21._b5cfd5b3f7fdf12844df94706b6190db/node_modules/react-aria-components/dist/private/ColorSlider.mjs:5:54:
      5 │ ...rSlider as $egeNW$useColorSlider} from "react-aria/useColorSlider";
        ╵                                           ~~~~~~~~~~~~~~~~~~~~~~~~~~~

  The module "./dist/exports/useColorSlider.mjs" was not found on the file system:

    node_modules/.pnpm/node_modules/react-aria/package.json:30:16:
      30 │       "import": "./dist/exports/*.mjs",
         ╵                 ~~~~~~~~~~~~~~~~~~~~~~

  You can mark the path "react-aria/useColorSlider" as external to exclude it from the bundle, which will remove this error and leave the unresolved path in the bundle.

X [ERROR] Could not resolve "react-aria/CollectionBuilder"

    node_modules/.pnpm/react-aria-components@1.21._b5cfd5b3f7fdf12844df94706b6190db/node_modules/react-aria-components/dist/exports/index.mjs:71:229:
      71 │ ...$re_export$CollectionBuilder} from "react-aria/CollectionBuilder";
         ╵                                       ~~~~~~~~~~~~~~~~~~~~~~~~~~~~~~

  The module "./dist/exports/CollectionBuilder.mjs" was not found on the file system:

    node_modules/.pnpm/node_modules/react-aria/package.json:30:16:
      30 │       "import": "./dist/exports/*.mjs",
         ╵                 ~~~~~~~~~~~~~~~~~~~~~~

  You can mark the path "react-aria/CollectionBuilder" as external to exclude it from the bundle, which will remove this error and leave the unresolved path in the bundle.

X [ERROR] Could not resolve "react-aria/useFocusable"

    node_modules/.pnpm/@heroui+react@3.2.6_@intern_b1a806e12e22dd8c9aea32e8a3cc2bf3/node_modules/@heroui/react/dist/components/tooltip/tooltip.js:5:29:
      5 │ import { useFocusable } from 'react-aria/useFocusable';
        ╵                              ~~~~~~~~~~~~~~~~~~~~~~~~~

  The module "./dist/exports/useFocusable.mjs" was not found on the file system:

    node_modules/.pnpm/node_modules/react-aria/package.json:30:16:
      30 │       "import": "./dist/exports/*.mjs",
         ╵                 ~~~~~~~~~~~~~~~~~~~~~~

  You can mark the path "react-aria/useFocusable" as external to exclude it from the bundle, which will remove this error and leave the unresolved path in the bundle.

X [ERROR] Could not resolve "react-aria/filterDOMProps"

    node_modules/.pnpm/react-aria-components@1.21._b5cfd5b3f7fdf12844df94706b6190db/node_modules/react-aria-components/dist/private/ColorThumb.mjs:2:54:
      2 │ ...OMProps as $fqlfY$filterDOMProps} from "react-aria/filterDOMProps";
        ╵                                           ~~~~~~~~~~~~~~~~~~~~~~~~~~~

  The module "./dist/exports/filterDOMProps.mjs" was not found on the file system:

    node_modules/.pnpm/node_modules/react-aria/package.json:30:16:
      30 │       "import": "./dist/exports/*.mjs",
         ╵                 ~~~~~~~~~~~~~~~~~~~~~~

  You can mark the path "react-aria/filterDOMProps" as external to exclude it from the bundle, which will remove this error and leave the unresolved path in the bundle.

X [ERROR] Could not resolve "react-aria/useSlider"

    node_modules/.pnpm/react-aria-components@1.21._b5cfd5b3f7fdf12844df94706b6190db/node_modules/react-aria-components/dist/private/Slider.mjs:3:85:
      3 │ ...eSliderThumb as $270k0$useSliderThumb} from "react-aria/useSlider";
        ╵                                                ~~~~~~~~~~~~~~~~~~~~~~

  The module "./dist/exports/useSlider.mjs" was not found on the file system:

    node_modules/.pnpm/node_modules/react-aria/package.json:30:16:
      30 │       "import": "./dist/exports/*.mjs",
         ╵                 ~~~~~~~~~~~~~~~~~~~~~~

  You can mark the path "react-aria/useSlider" as external to exclude it from the bundle, which will remove this error and leave the unresolved path in the bundle.

X [ERROR] Could not resolve "react-aria/mergeProps"

    node_modules/.pnpm/react-aria-components@1.21._b5cfd5b3f7fdf12844df94706b6190db/node_modules/react-aria-components/dist/private/utils.mjs:1:46:
      1 │ import {mergeProps as $ahdqC$mergeProps} from "react-aria/mergeProps";
        ╵                                               ~~~~~~~~~~~~~~~~~~~~~~~

  The module "./dist/exports/mergeProps.mjs" was not found on the file system:

    node_modules/.pnpm/node_modules/react-aria/package.json:30:16:
      30 │       "import": "./dist/exports/*.mjs",
         ╵                 ~~~~~~~~~~~~~~~~~~~~~~

  You can mark the path "react-aria/mergeProps" as external to exclude it from the bundle, which will remove this error and leave the unresolved path in the bundle.

X [ERROR] Could not resolve "react-aria/private/ssr/SSRProvider"

    node_modules/.pnpm/@react-aria+ssr@3.10.1_reac_e0d6db4fb2cd00f0160d6ec353da61d4/node_modules/@react-aria/ssr/dist/import.mjs:2:71:
      2 │ ...$re_export$useSSRSafeId} from "react-aria/private/ssr/SSRProvider";
        ╵                                  ~~~~~~~~~~~~~~~~~~~~~~~~~~~~~~~~~~~~

  The module "./dist/exports/private/ssr/SSRProvider.mjs" was not found on the file system:

    node_modules/.pnpm/node_modules/react-aria/package.json:30:16:
      30 │       "import": "./dist/exports/*.mjs",
         ╵                 ~~~~~~~~~~~~~~~~~~~~~~

  You can mark the path "react-aria/private/ssr/SSRProvider" as external to exclude it from the bundle, which will remove this error and leave the unresolved path in the bundle.

X [ERROR] Could not resolve "react-aria/useToolbar"

    node_modules/.pnpm/react-aria-components@1.21._b5cfd5b3f7fdf12844df94706b6190db/node_modules/react-aria-components/dist/private/Toolbar.mjs:2:46:
      2 │ import {useToolbar as $1ohuH$useToolbar} from "react-aria/useToolbar";
        ╵                                               ~~~~~~~~~~~~~~~~~~~~~~~

  The module "./dist/exports/useToolbar.mjs" was not found on the file system:

    node_modules/.pnpm/node_modules/react-aria/package.json:30:16:
      30 │       "import": "./dist/exports/*.mjs",
         ╵                 ~~~~~~~~~~~~~~~~~~~~~~

  You can mark the path "react-aria/useToolbar" as external to exclude it from the bundle, which will remove this error and leave the unresolved path in the bundle.

X [ERROR] Could not resolve "react-aria/Pressable"

    node_modules/.pnpm/react-aria-components@1.21._b5cfd5b3f7fdf12844df94706b6190db/node_modules/react-aria-components/dist/exports/Modal.mjs:6:65:
      6 │ ...$7dc87d3b8883264b$re_export$Pressable} from "react-aria/Pressable";
        ╵                                                ~~~~~~~~~~~~~~~~~~~~~~

  The module "./dist/exports/Pressable.mjs" was not found on the file system:

    node_modules/.pnpm/node_modules/react-aria/package.json:30:16:
      30 │       "import": "./dist/exports/*.mjs",
         ╵                 ~~~~~~~~~~~~~~~~~~~~~~

  You can mark the path "react-aria/Pressable" as external to exclude it from the bundle, which will remove this error and leave the unresolved path in the bundle.

X [ERROR] Could not resolve "react-aria/Collection"

    node_modules/.pnpm/react-aria-components@1.21._b5cfd5b3f7fdf12844df94706b6190db/node_modules/react-aria-components/dist/exports/Menu.mjs:9:67:
      9 │ ...8f2d696436e43df$re_export$Collection} from "react-aria/Collection";
        ╵                                               ~~~~~~~~~~~~~~~~~~~~~~~

  The module "./dist/exports/Collection.mjs" was not found on the file system:

    node_modules/.pnpm/node_modules/react-aria/package.json:30:16:
      30 │       "import": "./dist/exports/*.mjs",
         ╵                 ~~~~~~~~~~~~~~~~~~~~~~

  You can mark the path "react-aria/Collection" as external to exclude it from the bundle, which will remove this error and leave the unresolved path in the bundle.

X [ERROR] Could not resolve "react-aria/useDateField"

    node_modules/.pnpm/react-aria-components@1.21._b5cfd5b3f7fdf12844df94706b6190db/node_modules/react-aria-components/dist/private/DateField.mjs:9:91:
      9 │ ...teSegment as $lX0XJ$useDateSegment} from "react-aria/useDateField";
        ╵                                             ~~~~~~~~~~~~~~~~~~~~~~~~~

  The module "./dist/exports/useDateField.mjs" was not found on the file system:

    node_modules/.pnpm/node_modules/react-aria/package.json:30:16:
      30 │       "import": "./dist/exports/*.mjs",
         ╵                 ~~~~~~~~~~~~~~~~~~~~~~

  You can mark the path "react-aria/useDateField" as external to exclude it from the bundle, which will remove this error and leave the unresolved path in the bundle.

X [ERROR] Could not resolve "react-aria/private/collections/Hidden"

    node_modules/.pnpm/@heroui+react@3.2.6_@intern_b1a806e12e22dd8c9aea32e8a3cc2bf3/node_modules/@heroui/react/dist/components/autocomplete/autocomplete.js:5:28:
      5 │ import { useIsHidden } from 'react-aria/private/collections/Hidden';
        ╵                             ~~~~~~~~~~~~~~~~~~~~~~~~~~~~~~~~~~~~~~~

  The module "./dist/exports/private/collections/Hidden.mjs" was not found on the file system:

    node_modules/.pnpm/node_modules/react-aria/package.json:30:16:
      30 │       "import": "./dist/exports/*.mjs",
         ╵                 ~~~~~~~~~~~~~~~~~~~~~~

  You can mark the path "react-aria/private/collections/Hidden" as external to exclude it from the bundle, which will remove this error and leave the unresolved path in the bundle.

X [ERROR] Could not resolve "react-aria/mergeProps"

    node_modules/.pnpm/react-aria-components@1.21._b5cfd5b3f7fdf12844df94706b6190db/node_modules/react-aria-components/dist/private/TextArea.mjs:2:46:
      2 │ import {mergeProps as $8MsPE$mergeProps} from "react-aria/mergeProps";
        ╵                                               ~~~~~~~~~~~~~~~~~~~~~~~

  The module "./dist/exports/mergeProps.mjs" was not found on the file system:

    node_modules/.pnpm/node_modules/react-aria/package.json:30:16:
      30 │       "import": "./dist/exports/*.mjs",
         ╵                 ~~~~~~~~~~~~~~~~~~~~~~

  You can mark the path "react-aria/mergeProps" as external to exclude it from the bundle, which will remove this error and leave the unresolved path in the bundle.

X [ERROR] Could not resolve "react-aria/useSeparator"

    node_modules/.pnpm/react-aria-components@1.21._b5cfd5b3f7fdf12844df94706b6190db/node_modules/react-aria-components/dist/private/Separator.mjs:2:50:
      2 │ ...seSeparator as $adn6H$useSeparator} from "react-aria/useSeparator";
        ╵                                             ~~~~~~~~~~~~~~~~~~~~~~~~~

  The module "./dist/exports/useSeparator.mjs" was not found on the file system:

    node_modules/.pnpm/node_modules/react-aria/package.json:30:16:
      30 │       "import": "./dist/exports/*.mjs",
         ╵                 ~~~~~~~~~~~~~~~~~~~~~~

  You can mark the path "react-aria/useSeparator" as external to exclude it from the bundle, which will remove this error and leave the unresolved path in the bundle.

X [ERROR] Could not resolve "react-aria/Collection"

    node_modules/.pnpm/react-aria-components@1.21._b5cfd5b3f7fdf12844df94706b6190db/node_modules/react-aria-components/dist/exports/ListBox.mjs:6:67:
      6 │ ...4dced9b9bd961e9$re_export$Collection} from "react-aria/Collection";
        ╵                                               ~~~~~~~~~~~~~~~~~~~~~~~

  The module "./dist/exports/Collection.mjs" was not found on the file system:

    node_modules/.pnpm/node_modules/react-aria/package.json:30:16:
      30 │       "import": "./dist/exports/*.mjs",
         ╵                 ~~~~~~~~~~~~~~~~~~~~~~

  You can mark the path "react-aria/Collection" as external to exclude it from the bundle, which will remove this error and leave the unresolved path in the bundle.

X [ERROR] Could not resolve "react-aria/mergeProps"

    node_modules/.pnpm/react-aria-components@1.21._b5cfd5b3f7fdf12844df94706b6190db/node_modules/react-aria-components/dist/private/ColorThumb.mjs:3:46:
      3 │ import {mergeProps as $fqlfY$mergeProps} from "react-aria/mergeProps";
        ╵                                               ~~~~~~~~~~~~~~~~~~~~~~~

  The module "./dist/exports/mergeProps.mjs" was not found on the file system:

    node_modules/.pnpm/node_modules/react-aria/package.json:30:16:
      30 │       "import": "./dist/exports/*.mjs",
         ╵                 ~~~~~~~~~~~~~~~~~~~~~~

  You can mark the path "react-aria/mergeProps" as external to exclude it from the bundle, which will remove this error and leave the unresolved path in the bundle.

X [ERROR] Could not resolve "react-aria/private/utils/platform"

    node_modules/.pnpm/@react-aria+utils@3.34.1_re_99a585eb891972086b0f4d932b80d394/node_modules/@react-aria/utils/dist/import.mjs:2:461:
      2 │ ...4d2f$re_export$isFirefox} from "react-aria/private/utils/platform";
        ╵                                   ~~~~~~~~~~~~~~~~~~~~~~~~~~~~~~~~~~~

  The module "./dist/exports/private/utils/platform.mjs" was not found on the file system:

    node_modules/.pnpm/node_modules/react-aria/package.json:30:16:
      30 │       "import": "./dist/exports/*.mjs",
         ╵                 ~~~~~~~~~~~~~~~~~~~~~~

  You can mark the path "react-aria/private/utils/platform" as external to exclude it from the bundle, which will remove this error and leave the unresolved path in the bundle.

X [ERROR] Could not resolve "react-aria/Pressable"

    node_modules/.pnpm/react-aria-components@1.21._b5cfd5b3f7fdf12844df94706b6190db/node_modules/react-aria-components/dist/exports/Popover.mjs:5:65:
      5 │ ...$a9f6acaa1d41c5c2$re_export$Pressable} from "react-aria/Pressable";
        ╵                                                ~~~~~~~~~~~~~~~~~~~~~~

  The module "./dist/exports/Pressable.mjs" was not found on the file system:

    node_modules/.pnpm/node_modules/react-aria/package.json:30:16:
      30 │       "import": "./dist/exports/*.mjs",
         ╵                 ~~~~~~~~~~~~~~~~~~~~~~

  You can mark the path "react-aria/Pressable" as external to exclude it from the bundle, which will remove this error and leave the unresolved path in the bundle.

X [ERROR] Could not resolve "react-aria/filterDOMProps"

    node_modules/.pnpm/react-aria-components@1.21._b5cfd5b3f7fdf12844df94706b6190db/node_modules/react-aria-components/dist/private/ColorSlider.mjs:7:54:
      7 │ ...OMProps as $egeNW$filterDOMProps} from "react-aria/filterDOMProps";
        ╵                                           ~~~~~~~~~~~~~~~~~~~~~~~~~~~

  The module "./dist/exports/filterDOMProps.mjs" was not found on the file system:

    node_modules/.pnpm/node_modules/react-aria/package.json:30:16:
      30 │       "import": "./dist/exports/*.mjs",
         ╵                 ~~~~~~~~~~~~~~~~~~~~~~

  You can mark the path "react-aria/filterDOMProps" as external to exclude it from the bundle, which will remove this error and leave the unresolved path in the bundle.

X [ERROR] Could not resolve "react-aria/filterDOMProps"

    node_modules/.pnpm/react-aria-components@1.21._b5cfd5b3f7fdf12844df94706b6190db/node_modules/react-aria-components/dist/private/Toolbar.mjs:3:54:
      3 │ ...OMProps as $1ohuH$filterDOMProps} from "react-aria/filterDOMProps";
        ╵                                           ~~~~~~~~~~~~~~~~~~~~~~~~~~~

  The module "./dist/exports/filterDOMProps.mjs" was not found on the file system:

    node_modules/.pnpm/node_modules/react-aria/package.json:30:16:
      30 │       "import": "./dist/exports/*.mjs",
         ╵                 ~~~~~~~~~~~~~~~~~~~~~~

  You can mark the path "react-aria/filterDOMProps" as external to exclude it from the bundle, which will remove this error and leave the unresolved path in the bundle.

X [ERROR] Could not resolve "react-aria/useMeter"

    node_modules/.pnpm/react-aria-components@1.21._b5cfd5b3f7fdf12844df94706b6190db/node_modules/react-aria-components/dist/private/Meter.mjs:3:42:
      3 │ import {useMeter as $dVrrg$useMeter} from "react-aria/useMeter";
        ╵                                           ~~~~~~~~~~~~~~~~~~~~~

  The module "./dist/exports/useMeter.mjs" was not found on the file system:

    node_modules/.pnpm/node_modules/react-aria/package.json:30:16:
      30 │       "import": "./dist/exports/*.mjs",
         ╵                 ~~~~~~~~~~~~~~~~~~~~~~

  You can mark the path "react-aria/useMeter" as external to exclude it from the bundle, which will remove this error and leave the unresolved path in the bundle.

X [ERROR] Could not resolve "react-aria/useModalOverlay"

    node_modules/.pnpm/react-aria-components@1.21._b5cfd5b3f7fdf12844df94706b6190db/node_modules/react-aria-components/dist/private/Modal.mjs:3:56:
      3 │ ...erlay as $gJBoF$useModalOverlay} from "react-aria/useModalOverlay";
        ╵                                          ~~~~~~~~~~~~~~~~~~~~~~~~~~~~

  The module "./dist/exports/useModalOverlay.mjs" was not found on the file system:

    node_modules/.pnpm/node_modules/react-aria/package.json:30:16:
      30 │       "import": "./dist/exports/*.mjs",
         ╵                 ~~~~~~~~~~~~~~~~~~~~~~

  You can mark the path "react-aria/useModalOverlay" as external to exclude it from the bundle, which will remove this error and leave the unresolved path in the bundle.

X [ERROR] Could not resolve "react-aria/Collection"

    node_modules/.pnpm/react-aria-components@1.21._b5cfd5b3f7fdf12844df94706b6190db/node_modules/react-aria-components/dist/exports/TagGroup.mjs:7:67:
      7 │ ...334343e31acfa75$re_export$Collection} from "react-aria/Collection";
        ╵                                               ~~~~~~~~~~~~~~~~~~~~~~~

  The module "./dist/exports/Collection.mjs" was not found on the file system:

    node_modules/.pnpm/node_modules/react-aria/package.json:30:16:
      30 │       "import": "./dist/exports/*.mjs",
         ╵                 ~~~~~~~~~~~~~~~~~~~~~~

  You can mark the path "react-aria/Collection" as external to exclude it from the bundle, which will remove this error and leave the unresolved path in the bundle.

X [ERROR] Could not resolve "react-aria/useDialog"

    node_modules/.pnpm/react-aria-components@1.21._b5cfd5b3f7fdf12844df94706b6190db/node_modules/react-aria-components/dist/private/Dialog.mjs:7:44:
      7 │ import {useDialog as $gV8PY$useDialog} from "react-aria/useDialog";
        ╵                                             ~~~~~~~~~~~~~~~~~~~~~~

  The module "./dist/exports/useDialog.mjs" was not found on the file system:

    node_modules/.pnpm/node_modules/react-aria/package.json:30:16:
      30 │       "import": "./dist/exports/*.mjs",
         ╵                 ~~~~~~~~~~~~~~~~~~~~~~

  You can mark the path "react-aria/useDialog" as external to exclude it from the bundle, which will remove this error and leave the unresolved path in the bundle.

X [ERROR] Could not resolve "react-aria/filterDOMProps"

    node_modules/.pnpm/react-aria-components@1.21._b5cfd5b3f7fdf12844df94706b6190db/node_modules/react-aria-components/dist/private/OverlayArrow.mjs:2:54:
      2 │ ...OMProps as $cVyXW$filterDOMProps} from "react-aria/filterDOMProps";
        ╵                                           ~~~~~~~~~~~~~~~~~~~~~~~~~~~

  The module "./dist/exports/filterDOMProps.mjs" was not found on the file system:

    node_modules/.pnpm/node_modules/react-aria/package.json:30:16:
      30 │       "import": "./dist/exports/*.mjs",
         ╵                 ~~~~~~~~~~~~~~~~~~~~~~

  You can mark the path "react-aria/filterDOMProps" as external to exclude it from the bundle, which will remove this error and leave the unresolved path in the bundle.

X [ERROR] Could not resolve "react-aria/useLink"

    node_modules/.pnpm/react-aria-components@1.21._b5cfd5b3f7fdf12844df94706b6190db/node_modules/react-aria-components/dist/private/Link.mjs:2:40:
      2 │ import {useLink as $czt8L$useLink} from "react-aria/useLink";
        ╵                                         ~~~~~~~~~~~~~~~~~~~~

  The module "./dist/exports/useLink.mjs" was not found on the file system:

    node_modules/.pnpm/node_modules/react-aria/package.json:30:16:
      30 │       "import": "./dist/exports/*.mjs",
         ╵                 ~~~~~~~~~~~~~~~~~~~~~~

  You can mark the path "react-aria/useLink" as external to exclude it from the bundle, which will remove this error and leave the unresolved path in the bundle.

X [ERROR] Could not resolve "react-aria/Pressable"

    node_modules/.pnpm/react-aria-components@1.21._b5cfd5b3f7fdf12844df94706b6190db/node_modules/react-aria-components/dist/exports/Menu.mjs:10:65:
      10 │ ...a8f2d696436e43df$re_export$Pressable} from "react-aria/Pressable";
         ╵                                               ~~~~~~~~~~~~~~~~~~~~~~

  The module "./dist/exports/Pressable.mjs" was not found on the file system:

    node_modules/.pnpm/node_modules/react-aria/package.json:30:16:
      30 │       "import": "./dist/exports/*.mjs",
         ╵                 ~~~~~~~~~~~~~~~~~~~~~~

  You can mark the path "react-aria/Pressable" as external to exclude it from the bundle, which will remove this error and leave the unresolved path in the bundle.

X [ERROR] Could not resolve "react-aria/filterDOMProps"

    node_modules/.pnpm/react-aria-components@1.21._b5cfd5b3f7fdf12844df94706b6190db/node_modules/react-aria-components/dist/private/Slider.mjs:5:54:
      5 │ ...OMProps as $270k0$filterDOMProps} from "react-aria/filterDOMProps";
        ╵                                           ~~~~~~~~~~~~~~~~~~~~~~~~~~~

  The module "./dist/exports/filterDOMProps.mjs" was not found on the file system:

    node_modules/.pnpm/node_modules/react-aria/package.json:30:16:
      30 │       "import": "./dist/exports/*.mjs",
         ╵                 ~~~~~~~~~~~~~~~~~~~~~~

  You can mark the path "react-aria/filterDOMProps" as external to exclude it from the bundle, which will remove this error and leave the unresolved path in the bundle.

X [ERROR] Could not resolve "react-aria/private/collections/Hidden"

    node_modules/.pnpm/react-aria-components@1.21._b5cfd5b3f7fdf12844df94706b6190db/node_modules/react-aria-components/dist/private/Label.mjs:2:72:
      2 │ ...ateHideableComponent} from "react-aria/private/collections/Hidden";
        ╵                               ~~~~~~~~~~~~~~~~~~~~~~~~~~~~~~~~~~~~~~~

  The module "./dist/exports/private/collections/Hidden.mjs" was not found on the file system:

    node_modules/.pnpm/node_modules/react-aria/package.json:30:16:
      30 │       "import": "./dist/exports/*.mjs",
         ╵                 ~~~~~~~~~~~~~~~~~~~~~~

  You can mark the path "react-aria/private/collections/Hidden" as external to exclude it from the bundle, which will remove this error and leave the unresolved path in the bundle.

X [ERROR] Could not resolve "react-aria/filterDOMProps"

    node_modules/.pnpm/react-aria-components@1.21._b5cfd5b3f7fdf12844df94706b6190db/node_modules/react-aria-components/dist/private/FieldError.mjs:3:54:
      3 │ ...OMProps as $QpkXT$filterDOMProps} from "react-aria/filterDOMProps";
        ╵                                           ~~~~~~~~~~~~~~~~~~~~~~~~~~~

  The module "./dist/exports/filterDOMProps.mjs" was not found on the file system:

    node_modules/.pnpm/node_modules/react-aria/package.json:30:16:
      30 │       "import": "./dist/exports/*.mjs",
         ╵                 ~~~~~~~~~~~~~~~~~~~~~~

  You can mark the path "react-aria/filterDOMProps" as external to exclude it from the bundle, which will remove this error and leave the unresolved path in the bundle.

X [ERROR] Could not resolve "react-aria/private/collections/Hidden"

    node_modules/.pnpm/react-aria-components@1.21._b5cfd5b3f7fdf12844df94706b6190db/node_modules/react-aria-components/dist/private/Text.mjs:2:72:
      2 │ ...ateHideableComponent} from "react-aria/private/collections/Hidden";
        ╵                               ~~~~~~~~~~~~~~~~~~~~~~~~~~~~~~~~~~~~~~~

  The module "./dist/exports/private/collections/Hidden.mjs" was not found on the file system:

    node_modules/.pnpm/node_modules/react-aria/package.json:30:16:
      30 │       "import": "./dist/exports/*.mjs",
         ╵                 ~~~~~~~~~~~~~~~~~~~~~~

  You can mark the path "react-aria/private/collections/Hidden" as external to exclude it from the bundle, which will remove this error and leave the unresolved path in the bundle.

X [ERROR] Could not resolve "react-aria/mergeRefs"

    node_modules/.pnpm/react-aria-components@1.21._b5cfd5b3f7fdf12844df94706b6190db/node_modules/react-aria-components/dist/private/utils.mjs:2:44:
      2 │ import {mergeRefs as $ahdqC$mergeRefs} from "react-aria/mergeRefs";
        ╵                                             ~~~~~~~~~~~~~~~~~~~~~~

  The module "./dist/exports/mergeRefs.mjs" was not found on the file system:

    node_modules/.pnpm/node_modules/react-aria/package.json:30:16:
      30 │       "import": "./dist/exports/*.mjs",
         ╵                 ~~~~~~~~~~~~~~~~~~~~~~

  You can mark the path "react-aria/mergeRefs" as external to exclude it from the bundle, which will remove this error and leave the unresolved path in the bundle.

X [ERROR] Could not resolve "react-aria/useDrag"

    node_modules/.pnpm/react-aria-components@1.21._b5cfd5b3f7fdf12844df94706b6190db/node_modules/react-aria-components/dist/exports/index.mjs:73:61:
      73 │ ...as $a3be900807531178$re_export$useDrag} from "react-aria/useDrag";
         ╵                                                 ~~~~~~~~~~~~~~~~~~~~

  The module "./dist/exports/useDrag.mjs" was not found on the file system:

    node_modules/.pnpm/node_modules/react-aria/package.json:30:16:
      30 │       "import": "./dist/exports/*.mjs",
         ╵                 ~~~~~~~~~~~~~~~~~~~~~~

  You can mark the path "react-aria/useDrag" as external to exclude it from the bundle, which will remove this error and leave the unresolved path in the bundle.

X [ERROR] Could not resolve "react-aria/I18nProvider"

    node_modules/.pnpm/react-aria-components@1.21._b5cfd5b3f7fdf12844df94706b6190db/node_modules/react-aria-components/dist/exports/I18nProvider.mjs:1:167:
      1 │ ... $8af9d88affbe43c6$re_export$isRTL} from "react-aria/I18nProvider";
        ╵                                             ~~~~~~~~~~~~~~~~~~~~~~~~~

  The module "./dist/exports/I18nProvider.mjs" was not found on the file system:

    node_modules/.pnpm/node_modules/react-aria/package.json:30:16:
      30 │       "import": "./dist/exports/*.mjs",
         ╵                 ~~~~~~~~~~~~~~~~~~~~~~

  You can mark the path "react-aria/I18nProvider" as external to exclude it from the bundle, which will remove this error and leave the unresolved path in the bundle.

X [ERROR] Could not resolve "react-aria/useDisclosure"

    node_modules/.pnpm/react-aria-components@1.21._b5cfd5b3f7fdf12844df94706b6190db/node_modules/react-aria-components/dist/private/Disclosure.mjs:3:52:
      3 │ ...isclosure as $evqUs$useDisclosure} from "react-aria/useDisclosure";
        ╵                                            ~~~~~~~~~~~~~~~~~~~~~~~~~~

  The module "./dist/exports/useDisclosure.mjs" was not found on the file system:

    node_modules/.pnpm/node_modules/react-aria/package.json:30:16:
      30 │       "import": "./dist/exports/*.mjs",
         ╵                 ~~~~~~~~~~~~~~~~~~~~~~

  You can mark the path "react-aria/useDisclosure" as external to exclude it from the bundle, which will remove this error and leave the unresolved path in the bundle.

X [ERROR] Could not resolve "react-aria/private/utils/openLink"

    node_modules/.pnpm/@react-aria+utils@3.34.1_re_99a585eb891972086b0f4d932b80d394/node_modules/@react-aria/utils/dist/import.mjs:3:525:
      3 │ ...e_export$handleLinkClick} from "react-aria/private/utils/openLink";
        ╵                                   ~~~~~~~~~~~~~~~~~~~~~~~~~~~~~~~~~~~

  The module "./dist/exports/private/utils/openLink.mjs" was not found on the file system:

    node_modules/.pnpm/node_modules/react-aria/package.json:30:16:
      30 │       "import": "./dist/exports/*.mjs",
         ╵                 ~~~~~~~~~~~~~~~~~~~~~~

  You can mark the path "react-aria/private/utils/openLink" as external to exclude it from the bundle, which will remove this error and leave the unresolved path in the bundle.

X [ERROR] Could not resolve "react-aria/useTimeField"

    node_modules/.pnpm/react-aria-components@1.21._b5cfd5b3f7fdf12844df94706b6190db/node_modules/react-aria-components/dist/private/DateField.mjs:10:50:
      10 │ ...eTimeField as $lX0XJ$useTimeField} from "react-aria/useTimeField";
         ╵                                            ~~~~~~~~~~~~~~~~~~~~~~~~~

  The module "./dist/exports/useTimeField.mjs" was not found on the file system:

    node_modules/.pnpm/node_modules/react-aria/package.json:30:16:
      30 │       "import": "./dist/exports/*.mjs",
         ╵                 ~~~~~~~~~~~~~~~~~~~~~~

  You can mark the path "react-aria/useTimeField" as external to exclude it from the bundle, which will remove this error and leave the unresolved path in the bundle.

X [ERROR] Could not resolve "react-aria/private/collections/Hidden"

    node_modules/.pnpm/react-aria-components@1.21._b5cfd5b3f7fdf12844df94706b6190db/node_modules/react-aria-components/dist/private/Input.mjs:2:72:
      2 │ ...ateHideableComponent} from "react-aria/private/collections/Hidden";
        ╵                               ~~~~~~~~~~~~~~~~~~~~~~~~~~~~~~~~~~~~~~~

  The module "./dist/exports/private/collections/Hidden.mjs" was not found on the file system:

    node_modules/.pnpm/node_modules/react-aria/package.json:30:16:
      30 │       "import": "./dist/exports/*.mjs",
         ╵                 ~~~~~~~~~~~~~~~~~~~~~~

  You can mark the path "react-aria/private/collections/Hidden" as external to exclude it from the bundle, which will remove this error and leave the unresolved path in the bundle.

X [ERROR] Could not resolve "react-aria/useToggleButtonGroup"

    node_modules/.pnpm/react-aria-components@1.21._b5cfd5b3f7fdf12844df94706b6190db/node_modules/react-aria-components/dist/private/ToggleButtonGroup.mjs:3:66:
      3 │ ...9mIod$useToggleButtonGroup} from "react-aria/useToggleButtonGroup";
        ╵                                     ~~~~~~~~~~~~~~~~~~~~~~~~~~~~~~~~~

  The module "./dist/exports/useToggleButtonGroup.mjs" was not found on the file system:

    node_modules/.pnpm/node_modules/react-aria/package.json:30:16:
      30 │       "import": "./dist/exports/*.mjs",
         ╵                 ~~~~~~~~~~~~~~~~~~~~~~

  You can mark the path "react-aria/useToggleButtonGroup" as external to exclude it from the bundle, which will remove this error and leave the unresolved path in the bundle.

X [ERROR] Could not resolve "react-aria/useCheckboxGroup"

    node_modules/.pnpm/react-aria-components@1.21._b5cfd5b3f7fdf12844df94706b6190db/node_modules/react-aria-components/dist/private/Checkbox.mjs:6:111:
      6 │ ...as $j1L6B$useCheckboxGroupItem} from "react-aria/useCheckboxGroup";
        ╵                                         ~~~~~~~~~~~~~~~~~~~~~~~~~~~~~

  The module "./dist/exports/useCheckboxGroup.mjs" was not found on the file system:

    node_modules/.pnpm/node_modules/react-aria/package.json:30:16:
      30 │       "import": "./dist/exports/*.mjs",
         ╵                 ~~~~~~~~~~~~~~~~~~~~~~

  You can mark the path "react-aria/useCheckboxGroup" as external to exclude it from the bundle, which will remove this error and leave the unresolved path in the bundle.

X [ERROR] Could not resolve "react-aria/Collection"

    node_modules/.pnpm/react-aria-components@1.21._b5cfd5b3f7fdf12844df94706b6190db/node_modules/react-aria-components/dist/exports/Select.mjs:9:67:
      9 │ ...74cd6e161d89d44$re_export$Collection} from "react-aria/Collection";
        ╵                                               ~~~~~~~~~~~~~~~~~~~~~~~

  The module "./dist/exports/Collection.mjs" was not found on the file system:

    node_modules/.pnpm/node_modules/react-aria/package.json:30:16:
      30 │       "import": "./dist/exports/*.mjs",
         ╵                 ~~~~~~~~~~~~~~~~~~~~~~

  You can mark the path "react-aria/Collection" as external to exclude it from the bundle, which will remove this error and leave the unresolved path in the bundle.

X [ERROR] Could not resolve "react-aria/private/live-announcer/LiveAnnouncer"

    node_modules/.pnpm/react-aria-components@1.21._b5cfd5b3f7fdf12844df94706b6190db/node_modules/react-aria-components/dist/private/Button.mjs:3:42:
      3 │ ...H$announce} from "react-aria/private/live-announcer/LiveAnnouncer";
        ╵                     ~~~~~~~~~~~~~~~~~~~~~~~~~~~~~~~~~~~~~~~~~~~~~~~~~

  The module "./dist/exports/private/live-announcer/LiveAnnouncer.mjs" was not found on the file system:

    node_modules/.pnpm/node_modules/react-aria/package.json:30:16:
      30 │       "import": "./dist/exports/*.mjs",
         ╵                 ~~~~~~~~~~~~~~~~~~~~~~

  You can mark the path "react-aria/private/live-announcer/LiveAnnouncer" as external to exclude it from the bundle, which will remove this error and leave the unresolved path in the bundle.

X [ERROR] Could not resolve "react-aria/CollectionBuilder"

    node_modules/.pnpm/react-aria-components@1.21._b5cfd5b3f7fdf12844df94706b6190db/node_modules/react-aria-components/dist/private/Header.mjs:2:64:
      2 │ ...as $gfOZh$createLeafComponent} from "react-aria/CollectionBuilder";
        ╵                                        ~~~~~~~~~~~~~~~~~~~~~~~~~~~~~~

  The module "./dist/exports/CollectionBuilder.mjs" was not found on the file system:

    node_modules/.pnpm/node_modules/react-aria/package.json:30:16:
      30 │       "import": "./dist/exports/*.mjs",
         ╵                 ~~~~~~~~~~~~~~~~~~~~~~

  You can mark the path "react-aria/CollectionBuilder" as external to exclude it from the bundle, which will remove this error and leave the unresolved path in the bundle.

X [ERROR] Could not resolve "react-aria/private/collections/BaseCollection"

    node_modules/.pnpm/react-aria-components@1.21._b5cfd5b3f7fdf12844df94706b6190db/node_modules/react-aria-components/dist/private/Separator.mjs:3:54:
      3 │ ...llectionNode} from "react-aria/private/collections/BaseCollection";
        ╵                       ~~~~~~~~~~~~~~~~~~~~~~~~~~~~~~~~~~~~~~~~~~~~~~~

  The module "./dist/exports/private/collections/BaseCollection.mjs" was not found on the file system:

    node_modules/.pnpm/node_modules/react-aria/package.json:30:16:
      30 │       "import": "./dist/exports/*.mjs",
         ╵                 ~~~~~~~~~~~~~~~~~~~~~~

  You can mark the path "react-aria/private/collections/BaseCollection" as external to exclude it from the bundle, which will remove this error and leave the unresolved path in the bundle.

X [ERROR] Could not resolve "react-aria/useCalendar"

    node_modules/.pnpm/react-aria-components@1.21._b5cfd5b3f7fdf12844df94706b6190db/node_modules/react-aria-components/dist/private/Calendar.mjs:5:295:
      5 │ ...eading as $drly1$useCalendarHeading} from "react-aria/useCalendar";
        ╵                                              ~~~~~~~~~~~~~~~~~~~~~~~~

  The module "./dist/exports/useCalendar.mjs" was not found on the file system:

    node_modules/.pnpm/node_modules/react-aria/package.json:30:16:
      30 │       "import": "./dist/exports/*.mjs",
         ╵                 ~~~~~~~~~~~~~~~~~~~~~~

  You can mark the path "react-aria/useCalendar" as external to exclude it from the bundle, which will remove this error and leave the unresolved path in the bundle.

X [ERROR] Could not resolve "react-aria/useTabList"

    node_modules/.pnpm/react-aria-components@1.21._b5cfd5b3f7fdf12844df94706b6190db/node_modules/react-aria-components/dist/private/Tabs.mjs:5:106:
      5 │ ...b, useTabPanel as $4KeVI$useTabPanel} from "react-aria/useTabList";
        ╵                                               ~~~~~~~~~~~~~~~~~~~~~~~

  The module "./dist/exports/useTabList.mjs" was not found on the file system:

    node_modules/.pnpm/node_modules/react-aria/package.json:30:16:
      30 │       "import": "./dist/exports/*.mjs",
         ╵                 ~~~~~~~~~~~~~~~~~~~~~~

  You can mark the path "react-aria/useTabList" as external to exclude it from the bundle, which will remove this error and leave the unresolved path in the bundle.

X [ERROR] Could not resolve "react-aria/Overlay"

    node_modules/.pnpm/react-aria-components@1.21._b5cfd5b3f7fdf12844df94706b6190db/node_modules/react-aria-components/dist/private/Modal.mjs:4:79:
      4 │ ..., DismissButton as $gJBoF$DismissButton} from "react-aria/Overlay";
        ╵                                                  ~~~~~~~~~~~~~~~~~~~~

  The module "./dist/exports/Overlay.mjs" was not found on the file system:

    node_modules/.pnpm/node_modules/react-aria/package.json:30:16:
      30 │       "import": "./dist/exports/*.mjs",
         ╵                 ~~~~~~~~~~~~~~~~~~~~~~

  You can mark the path "react-aria/Overlay" as external to exclude it from the bundle, which will remove this error and leave the unresolved path in the bundle.

X [ERROR] Could not resolve "react-aria/useTextField"

    node_modules/.pnpm/react-aria-components@1.21._b5cfd5b3f7fdf12844df94706b6190db/node_modules/react-aria-components/dist/private/TextField.mjs:10:50:
      10 │ ...eTextField as $hlfBT$useTextField} from "react-aria/useTextField";
         ╵                                            ~~~~~~~~~~~~~~~~~~~~~~~~~

  The module "./dist/exports/useTextField.mjs" was not found on the file system:

    node_modules/.pnpm/node_modules/react-aria/package.json:30:16:
      30 │       "import": "./dist/exports/*.mjs",
         ╵                 ~~~~~~~~~~~~~~~~~~~~~~

  You can mark the path "react-aria/useTextField" as external to exclude it from the bundle, which will remove this error and leave the unresolved path in the bundle.

X [ERROR] Could not resolve "react-aria/useToast"

    node_modules/.pnpm/react-aria-components@1.21._b5cfd5b3f7fdf12844df94706b6190db/node_modules/react-aria-components/dist/private/Toast.mjs:4:83:
      4 │ ...astRegion, useToast as $jzto3$useToast} from "react-aria/useToast";
        ╵                                                 ~~~~~~~~~~~~~~~~~~~~~

  The module "./dist/exports/useToast.mjs" was not found on the file system:

    node_modules/.pnpm/node_modules/react-aria/package.json:30:16:
      30 │       "import": "./dist/exports/*.mjs",
         ╵                 ~~~~~~~~~~~~~~~~~~~~~~

  You can mark the path "react-aria/useToast" as external to exclude it from the bundle, which will remove this error and leave the unresolved path in the bundle.

X [ERROR] Could not resolve "react-aria/useToggleButton"

    node_modules/.pnpm/react-aria-components@1.21._b5cfd5b3f7fdf12844df94706b6190db/node_modules/react-aria-components/dist/private/ToggleButton.mjs:4:56:
      4 │ ...utton as $2YxXO$useToggleButton} from "react-aria/useToggleButton";
        ╵                                          ~~~~~~~~~~~~~~~~~~~~~~~~~~~~

  The module "./dist/exports/useToggleButton.mjs" was not found on the file system:

    node_modules/.pnpm/node_modules/react-aria/package.json:30:16:
      30 │       "import": "./dist/exports/*.mjs",
         ╵                 ~~~~~~~~~~~~~~~~~~~~~~

  You can mark the path "react-aria/useToggleButton" as external to exclude it from the bundle, which will remove this error and leave the unresolved path in the bundle.

X [ERROR] Could not resolve "react-aria/mergeProps"

    node_modules/.pnpm/react-aria-components@1.21._b5cfd5b3f7fdf12844df94706b6190db/node_modules/react-aria-components/dist/private/Toolbar.mjs:4:46:
      4 │ import {mergeProps as $1ohuH$mergeProps} from "react-aria/mergeProps";
        ╵                                               ~~~~~~~~~~~~~~~~~~~~~~~

  The module "./dist/exports/mergeProps.mjs" was not found on the file system:

    node_modules/.pnpm/node_modules/react-aria/package.json:30:16:
      30 │       "import": "./dist/exports/*.mjs",
         ╵                 ~~~~~~~~~~~~~~~~~~~~~~

  You can mark the path "react-aria/mergeProps" as external to exclude it from the bundle, which will remove this error and leave the unresolved path in the bundle.

X [ERROR] Could not resolve "react-aria/usePopover"

    node_modules/.pnpm/react-aria-components@1.21._b5cfd5b3f7fdf12844df94706b6190db/node_modules/react-aria-components/dist/private/Popover.mjs:4:46:
      4 │ import {usePopover as $g4jvP$usePopover} from "react-aria/usePopover";
        ╵                                               ~~~~~~~~~~~~~~~~~~~~~~~

  The module "./dist/exports/usePopover.mjs" was not found on the file system:

    node_modules/.pnpm/node_modules/react-aria/package.json:30:16:
      30 │       "import": "./dist/exports/*.mjs",
         ╵                 ~~~~~~~~~~~~~~~~~~~~~~

  You can mark the path "react-aria/usePopover" as external to exclude it from the bundle, which will remove this error and leave the unresolved path in the bundle.

X [ERROR] Could not resolve "react-aria/useProgressBar"

    node_modules/.pnpm/react-aria-components@1.21._b5cfd5b3f7fdf12844df94706b6190db/node_modules/react-aria-components/dist/private/ProgressBar.mjs:3:54:
      3 │ ...ressBar as $8MuvO$useProgressBar} from "react-aria/useProgressBar";
        ╵                                           ~~~~~~~~~~~~~~~~~~~~~~~~~~~

  The module "./dist/exports/useProgressBar.mjs" was not found on the file system:

    node_modules/.pnpm/node_modules/react-aria/package.json:30:16:
      30 │       "import": "./dist/exports/*.mjs",
         ╵                 ~~~~~~~~~~~~~~~~~~~~~~

  You can mark the path "react-aria/useProgressBar" as external to exclude it from the bundle, which will remove this error and leave the unresolved path in the bundle.

X [ERROR] Could not resolve "react-aria/useColorArea"

    node_modules/.pnpm/react-aria-components@1.21._b5cfd5b3f7fdf12844df94706b6190db/node_modules/react-aria-components/dist/private/ColorArea.mjs:3:50:
      3 │ ...seColorArea as $2zlb2$useColorArea} from "react-aria/useColorArea";
        ╵                                             ~~~~~~~~~~~~~~~~~~~~~~~~~

  The module "./dist/exports/useColorArea.mjs" was not found on the file system:

    node_modules/.pnpm/node_modules/react-aria/package.json:30:16:
      30 │       "import": "./dist/exports/*.mjs",
         ╵                 ~~~~~~~~~~~~~~~~~~~~~~

  You can mark the path "react-aria/useColorArea" as external to exclude it from the bundle, which will remove this error and leave the unresolved path in the bundle.

X [ERROR] Could not resolve "react-aria/useListBox"

    node_modules/.pnpm/react-aria-components@1.21._b5cfd5b3f7fdf12844df94706b6190db/node_modules/react-aria-components/dist/private/ListBox.mjs:10:124:
      10 │ ...tion, useOption as $c4d6w$useOption} from "react-aria/useListBox";
         ╵                                              ~~~~~~~~~~~~~~~~~~~~~~~

  The module "./dist/exports/useListBox.mjs" was not found on the file system:

    node_modules/.pnpm/node_modules/react-aria/package.json:30:16:
      30 │       "import": "./dist/exports/*.mjs",
         ╵                 ~~~~~~~~~~~~~~~~~~~~~~

  You can mark the path "react-aria/useListBox" as external to exclude it from the bundle, which will remove this error and leave the unresolved path in the bundle.

X [ERROR] Could not resolve "react-aria/useFocusRing"

    node_modules/.pnpm/react-aria-components@1.21._b5cfd5b3f7fdf12844df94706b6190db/node_modules/react-aria-components/dist/private/ColorThumb.mjs:5:50:
      5 │ ...seFocusRing as $fqlfY$useFocusRing} from "react-aria/useFocusRing";
        ╵                                             ~~~~~~~~~~~~~~~~~~~~~~~~~

  The module "./dist/exports/useFocusRing.mjs" was not found on the file system:

    node_modules/.pnpm/node_modules/react-aria/package.json:30:16:
      30 │       "import": "./dist/exports/*.mjs",
         ╵                 ~~~~~~~~~~~~~~~~~~~~~~

  You can mark the path "react-aria/useFocusRing" as external to exclude it from the bundle, which will remove this error and leave the unresolved path in the bundle.

X [ERROR] Could not resolve "react-aria/useRadioGroup"

    node_modules/.pnpm/react-aria-components@1.21._b5cfd5b3f7fdf12844df94706b6190db/node_modules/react-aria-components/dist/private/RadioGroup.mjs:8:81:
      8 │ ...roup, useRadio as $64B8K$useRadio} from "react-aria/useRadioGroup";
        ╵                                            ~~~~~~~~~~~~~~~~~~~~~~~~~~

  The module "./dist/exports/useRadioGroup.mjs" was not found on the file system:

    node_modules/.pnpm/node_modules/react-aria/package.json:30:16:
      30 │       "import": "./dist/exports/*.mjs",
         ╵                 ~~~~~~~~~~~~~~~~~~~~~~

  You can mark the path "react-aria/useRadioGroup" as external to exclude it from the bundle, which will remove this error and leave the unresolved path in the bundle.

X [ERROR] Could not resolve "react-aria/useFocusRing"

    node_modules/.pnpm/react-aria-components@1.21._b5cfd5b3f7fdf12844df94706b6190db/node_modules/react-aria-components/dist/private/TextArea.mjs:4:50:
      4 │ ...seFocusRing as $8MsPE$useFocusRing} from "react-aria/useFocusRing";
        ╵                                             ~~~~~~~~~~~~~~~~~~~~~~~~~

  The module "./dist/exports/useFocusRing.mjs" was not found on the file system:

    node_modules/.pnpm/node_modules/react-aria/package.json:30:16:
      30 │       "import": "./dist/exports/*.mjs",
         ╵                 ~~~~~~~~~~~~~~~~~~~~~~

  You can mark the path "react-aria/useFocusRing" as external to exclude it from the bundle, which will remove this error and leave the unresolved path in the bundle.

X [ERROR] Could not resolve "react-aria/useSwitch"

    node_modules/.pnpm/react-aria-components@1.21._b5cfd5b3f7fdf12844df94706b6190db/node_modules/react-aria-components/dist/private/Switch.mjs:5:44:
      5 │ import {useSwitch as $kf3DM$useSwitch} from "react-aria/useSwitch";
        ╵                                             ~~~~~~~~~~~~~~~~~~~~~~

  The module "./dist/exports/useSwitch.mjs" was not found on the file system:

    node_modules/.pnpm/node_modules/react-aria/package.json:30:16:
      30 │       "import": "./dist/exports/*.mjs",
         ╵                 ~~~~~~~~~~~~~~~~~~~~~~

  You can mark the path "react-aria/useSwitch" as external to exclude it from the bundle, which will remove this error and leave the unresolved path in the bundle.

X [ERROR] Could not resolve "react-aria/I18nProvider"

    node_modules/.pnpm/react-aria-components@1.21._b5cfd5b3f7fdf12844df94706b6190db/node_modules/react-aria-components/dist/private/ColorSlider.mjs:9:44:
      9 │ import {useLocale as $egeNW$useLocale} from "react-aria/I18nProvider";
        ╵                                             ~~~~~~~~~~~~~~~~~~~~~~~~~

  The module "./dist/exports/I18nProvider.mjs" was not found on the file system:

    node_modules/.pnpm/node_modules/react-aria/package.json:30:16:
      30 │       "import": "./dist/exports/*.mjs",
         ╵                 ~~~~~~~~~~~~~~~~~~~~~~

  You can mark the path "react-aria/I18nProvider" as external to exclude it from the bundle, which will remove this error and leave the unresolved path in the bundle.

X [ERROR] Could not resolve "react-aria/useTagGroup"

    node_modules/.pnpm/react-aria-components@1.21._b5cfd5b3f7fdf12844df94706b6190db/node_modules/react-aria-components/dist/private/TagGroup.mjs:10:73:
      10 │ ...eTagGroup, useTag as $ck0pj$useTag} from "react-aria/useTagGroup";
         ╵                                             ~~~~~~~~~~~~~~~~~~~~~~~~

  The module "./dist/exports/useTagGroup.mjs" was not found on the file system:

    node_modules/.pnpm/node_modules/react-aria/package.json:30:16:
      30 │       "import": "./dist/exports/*.mjs",
         ╵                 ~~~~~~~~~~~~~~~~~~~~~~

  You can mark the path "react-aria/useTagGroup" as external to exclude it from the bundle, which will remove this error and leave the unresolved path in the bundle.

X [ERROR] Could not resolve "react-aria/useHover"

    node_modules/.pnpm/react-aria-components@1.21._b5cfd5b3f7fdf12844df94706b6190db/node_modules/react-aria-components/dist/private/Group.mjs:2:42:
      2 │ import {useHover as $1mD4M$useHover} from "react-aria/useHover";
        ╵                                           ~~~~~~~~~~~~~~~~~~~~~

  The module "./dist/exports/useHover.mjs" was not found on the file system:

    node_modules/.pnpm/node_modules/react-aria/package.json:30:16:
      30 │       "import": "./dist/exports/*.mjs",
         ╵                 ~~~~~~~~~~~~~~~~~~~~~~

  You can mark the path "react-aria/useHover" as external to exclude it from the bundle, which will remove this error and leave the unresolved path in the bundle.

X [ERROR] Could not resolve "react-aria/Collection"

    node_modules/.pnpm/react-aria-components@1.21._b5cfd5b3f7fdf12844df94706b6190db/node_modules/react-aria-components/dist/exports/Table.mjs:6:67:
      6 │ ...601bd495b46d7ff$re_export$Collection} from "react-aria/Collection";
        ╵                                               ~~~~~~~~~~~~~~~~~~~~~~~

  The module "./dist/exports/Collection.mjs" was not found on the file system:

    node_modules/.pnpm/node_modules/react-aria/package.json:30:16:
      30 │       "import": "./dist/exports/*.mjs",
         ╵                 ~~~~~~~~~~~~~~~~~~~~~~

  You can mark the path "react-aria/Collection" as external to exclude it from the bundle, which will remove this error and leave the unresolved path in the bundle.

X [ERROR] Could not resolve "react-aria/filterDOMProps"

    node_modules/.pnpm/react-aria-components@1.21._b5cfd5b3f7fdf12844df94706b6190db/node_modules/react-aria-components/dist/private/Dialog.mjs:8:54:
      8 │ ...OMProps as $gV8PY$filterDOMProps} from "react-aria/filterDOMProps";
        ╵                                           ~~~~~~~~~~~~~~~~~~~~~~~~~~~

  The module "./dist/exports/filterDOMProps.mjs" was not found on the file system:

    node_modules/.pnpm/node_modules/react-aria/package.json:30:16:
      30 │       "import": "./dist/exports/*.mjs",
         ╵                 ~~~~~~~~~~~~~~~~~~~~~~

  You can mark the path "react-aria/filterDOMProps" as external to exclude it from the bundle, which will remove this error and leave the unresolved path in the bundle.

X [ERROR] Could not resolve "react-aria/useColorField"

    node_modules/.pnpm/react-aria-components@1.21._b5cfd5b3f7fdf12844df94706b6190db/node_modules/react-aria-components/dist/private/ColorField.mjs:7:105:
      7 │ ...olorField as $2BvAu$useColorField} from "react-aria/useColorField";
        ╵                                            ~~~~~~~~~~~~~~~~~~~~~~~~~~

  The module "./dist/exports/useColorField.mjs" was not found on the file system:

    node_modules/.pnpm/node_modules/react-aria/package.json:30:16:
      30 │       "import": "./dist/exports/*.mjs",
         ╵                 ~~~~~~~~~~~~~~~~~~~~~~

  You can mark the path "react-aria/useColorField" as external to exclude it from the bundle, which will remove this error and leave the unresolved path in the bundle.

X [ERROR] Could not resolve "react-aria/useColorSwatch"

    node_modules/.pnpm/react-aria-components@1.21._b5cfd5b3f7fdf12844df94706b6190db/node_modules/react-aria-components/dist/private/ColorSwatch.mjs:2:54:
      2 │ ...rSwatch as $4OWOD$useColorSwatch} from "react-aria/useColorSwatch";
        ╵                                           ~~~~~~~~~~~~~~~~~~~~~~~~~~~

  The module "./dist/exports/useColorSwatch.mjs" was not found on the file system:

    node_modules/.pnpm/node_modules/react-aria/package.json:30:16:
      30 │       "import": "./dist/exports/*.mjs",
         ╵                 ~~~~~~~~~~~~~~~~~~~~~~

  You can mark the path "react-aria/useColorSwatch" as external to exclude it from the bundle, which will remove this error and leave the unresolved path in the bundle.

X [ERROR] Could not resolve "react-aria/useDatePicker"

    node_modules/.pnpm/react-aria-components@1.21._b5cfd5b3f7fdf12844df94706b6190db/node_modules/react-aria-components/dist/private/DatePicker.mjs:13:52:
      13 │ ...tePicker as $a7Jp3$useDatePicker} from "react-aria/useDatePicker";
         ╵                                           ~~~~~~~~~~~~~~~~~~~~~~~~~~

  The module "./dist/exports/useDatePicker.mjs" was not found on the file system:

    node_modules/.pnpm/node_modules/react-aria/package.json:30:16:
      30 │       "import": "./dist/exports/*.mjs",
         ╵                 ~~~~~~~~~~~~~~~~~~~~~~

  You can mark the path "react-aria/useDatePicker" as external to exclude it from the bundle, which will remove this error and leave the unresolved path in the bundle.

X [ERROR] Could not resolve "react-aria/mergeProps"

    node_modules/.pnpm/react-aria-components@1.21._b5cfd5b3f7fdf12844df94706b6190db/node_modules/react-aria-components/dist/private/Input.mjs:3:46:
      3 │ import {mergeProps as $1aA6s$mergeProps} from "react-aria/mergeProps";
        ╵                                               ~~~~~~~~~~~~~~~~~~~~~~~

  The module "./dist/exports/mergeProps.mjs" was not found on the file system:

    node_modules/.pnpm/node_modules/react-aria/package.json:30:16:
      30 │       "import": "./dist/exports/*.mjs",
         ╵                 ~~~~~~~~~~~~~~~~~~~~~~

  You can mark the path "react-aria/mergeProps" as external to exclude it from the bundle, which will remove this error and leave the unresolved path in the bundle.

X [ERROR] Could not resolve "react-aria/filterDOMProps"

    node_modules/.pnpm/react-aria-components@1.21._b5cfd5b3f7fdf12844df94706b6190db/node_modules/react-aria-components/dist/private/Link.mjs:3:54:
      3 │ ...OMProps as $czt8L$filterDOMProps} from "react-aria/filterDOMProps";
        ╵                                           ~~~~~~~~~~~~~~~~~~~~~~~~~~~

  The module "./dist/exports/filterDOMProps.mjs" was not found on the file system:

    node_modules/.pnpm/node_modules/react-aria/package.json:30:16:
      30 │       "import": "./dist/exports/*.mjs",
         ╵                 ~~~~~~~~~~~~~~~~~~~~~~

  You can mark the path "react-aria/filterDOMProps" as external to exclude it from the bundle, which will remove this error and leave the unresolved path in the bundle.

X [ERROR] Could not resolve "react-aria/mergeProps"

    node_modules/.pnpm/react-aria-components@1.21._b5cfd5b3f7fdf12844df94706b6190db/node_modules/react-aria-components/dist/private/Slider.mjs:6:46:
      6 │ import {mergeProps as $270k0$mergeProps} from "react-aria/mergeProps";
        ╵                                               ~~~~~~~~~~~~~~~~~~~~~~~

  The module "./dist/exports/mergeProps.mjs" was not found on the file system:

    node_modules/.pnpm/node_modules/react-aria/package.json:30:16:
      30 │       "import": "./dist/exports/*.mjs",
         ╵                 ~~~~~~~~~~~~~~~~~~~~~~

  You can mark the path "react-aria/mergeProps" as external to exclude it from the bundle, which will remove this error and leave the unresolved path in the bundle.

X [ERROR] Could not resolve "react-aria/Focusable"

    node_modules/.pnpm/react-aria-components@1.21._b5cfd5b3f7fdf12844df94706b6190db/node_modules/react-aria-components/dist/exports/Tooltip.mjs:4:65:
      4 │ ...$140c4ab847cd78d4$re_export$Focusable} from "react-aria/Focusable";
        ╵                                                ~~~~~~~~~~~~~~~~~~~~~~

  The module "./dist/exports/Focusable.mjs" was not found on the file system:

    node_modules/.pnpm/node_modules/react-aria/package.json:30:16:
      30 │       "import": "./dist/exports/*.mjs",
         ╵                 ~~~~~~~~~~~~~~~~~~~~~~

  You can mark the path "react-aria/Focusable" as external to exclude it from the bundle, which will remove this error and leave the unresolved path in the bundle.

X [ERROR] Could not resolve "react-aria/useSearchField"

    node_modules/.pnpm/react-aria-components@1.21._b5cfd5b3f7fdf12844df94706b6190db/node_modules/react-aria-components/dist/private/SearchField.mjs:10:54:
      10 │ ...hField as $gpBJB$useSearchField} from "react-aria/useSearchField";
         ╵                                          ~~~~~~~~~~~~~~~~~~~~~~~~~~~

  The module "./dist/exports/useSearchField.mjs" was not found on the file system:

    node_modules/.pnpm/node_modules/react-aria/package.json:30:16:
      30 │       "import": "./dist/exports/*.mjs",
         ╵                 ~~~~~~~~~~~~~~~~~~~~~~

  You can mark the path "react-aria/useSearchField" as external to exclude it from the bundle, which will remove this error and leave the unresolved path in the bundle.

X [ERROR] Could not resolve "react-aria/useBreadcrumbs"

    node_modules/.pnpm/react-aria-components@1.21._b5cfd5b3f7fdf12844df94706b6190db/node_modules/react-aria-components/dist/private/Breadcrumbs.mjs:4:54:
      4 │ ...dcrumbs as $hEiKI$useBreadcrumbs} from "react-aria/useBreadcrumbs";
        ╵                                           ~~~~~~~~~~~~~~~~~~~~~~~~~~~

  The module "./dist/exports/useBreadcrumbs.mjs" was not found on the file system:

    node_modules/.pnpm/node_modules/react-aria/package.json:30:16:
      30 │       "import": "./dist/exports/*.mjs",
         ╵                 ~~~~~~~~~~~~~~~~~~~~~~

  You can mark the path "react-aria/useBreadcrumbs" as external to exclude it from the bundle, which will remove this error and leave the unresolved path in the bundle.

X [ERROR] Could not resolve "react-aria/private/utils/useLayoutEffect"

    node_modules/.pnpm/react-aria-components@1.21._b5cfd5b3f7fdf12844df94706b6190db/node_modules/react-aria-components/dist/private/SharedElementTransition.mjs:4:56:
      4 │ ...0$useLayoutEffect} from "react-aria/private/utils/useLayoutEffect";
        ╵                            ~~~~~~~~~~~~~~~~~~~~~~~~~~~~~~~~~~~~~~~~~~

  The module "./dist/exports/private/utils/useLayoutEffect.mjs" was not found on the file system:

    node_modules/.pnpm/node_modules/react-aria/package.json:30:16:
      30 │       "import": "./dist/exports/*.mjs",
         ╵                 ~~~~~~~~~~~~~~~~~~~~~~

  You can mark the path "react-aria/private/utils/useLayoutEffect" as external to exclude it from the bundle, which will remove this error and leave the unresolved path in the bundle.

X [ERROR] Could not resolve "react-aria/useDrop"

    node_modules/.pnpm/react-aria-components@1.21._b5cfd5b3f7fdf12844df94706b6190db/node_modules/react-aria-components/dist/exports/index.mjs:74:329:
      74 │ ...e900807531178$re_export$isTextDropItem} from "react-aria/useDrop";
         ╵                                                 ~~~~~~~~~~~~~~~~~~~~

  The module "./dist/exports/useDrop.mjs" was not found on the file system:

    node_modules/.pnpm/node_modules/react-aria/package.json:30:16:
      30 │       "import": "./dist/exports/*.mjs",
         ╵                 ~~~~~~~~~~~~~~~~~~~~~~

  You can mark the path "react-aria/useDrop" as external to exclude it from the bundle, which will remove this error and leave the unresolved path in the bundle.

X [ERROR] Could not resolve "react-aria/useMenu"

    node_modules/.pnpm/react-aria-components@1.21._b5cfd5b3f7fdf12844df94706b6190db/node_modules/react-aria-components/dist/private/Menu.mjs:12:204:
      12 │ ...ion, useMenuItem as $7xe5e$useMenuItem} from "react-aria/useMenu";
         ╵                                                 ~~~~~~~~~~~~~~~~~~~~

  The module "./dist/exports/useMenu.mjs" was not found on the file system:

    node_modules/.pnpm/node_modules/react-aria/package.json:30:16:
      30 │       "import": "./dist/exports/*.mjs",
         ╵                 ~~~~~~~~~~~~~~~~~~~~~~

  You can mark the path "react-aria/useMenu" as external to exclude it from the bundle, which will remove this error and leave the unresolved path in the bundle.

X [ERROR] Could not resolve "react-aria/useId"

    node_modules/.pnpm/@react-aria+utils@3.34.1_re_99a585eb891972086b0f4d932b80d394/node_modules/@react-aria/utils/dist/import.mjs:4:57:
      4 │ ...seId as $a8ea2faf2ebe4d2f$re_export$useId} from "react-aria/useId";
        ╵                                                    ~~~~~~~~~~~~~~~~~~

  The module "./dist/exports/useId.mjs" was not found on the file system:

    node_modules/.pnpm/node_modules/react-aria/package.json:30:16:
      30 │       "import": "./dist/exports/*.mjs",
         ╵                 ~~~~~~~~~~~~~~~~~~~~~~

  You can mark the path "react-aria/useId" as external to exclude it from the bundle, which will remove this error and leave the unresolved path in the bundle.

X [ERROR] Could not resolve "react-aria/useNumberField"

    node_modules/.pnpm/react-aria-components@1.21._b5cfd5b3f7fdf12844df94706b6190db/node_modules/react-aria-components/dist/private/NumberField.mjs:9:54:
      9 │ ...erField as $kf26I$useNumberField} from "react-aria/useNumberField";
        ╵                                           ~~~~~~~~~~~~~~~~~~~~~~~~~~~

  The module "./dist/exports/useNumberField.mjs" was not found on the file system:

    node_modules/.pnpm/node_modules/react-aria/package.json:30:16:
      30 │       "import": "./dist/exports/*.mjs",
         ╵                 ~~~~~~~~~~~~~~~~~~~~~~

  You can mark the path "react-aria/useNumberField" as external to exclude it from the bundle, which will remove this error and leave the unresolved path in the bundle.

X [ERROR] Could not resolve "react-aria/Collection"

    node_modules/.pnpm/react-aria-components@1.21._b5cfd5b3f7fdf12844df94706b6190db/node_modules/react-aria-components/dist/private/ListBox.mjs:11:46:
      11 │ ...rt {Collection as $c4d6w$Collection} from "react-aria/Collection";
         ╵                                              ~~~~~~~~~~~~~~~~~~~~~~~

  The module "./dist/exports/Collection.mjs" was not found on the file system:

    node_modules/.pnpm/node_modules/react-aria/package.json:30:16:
      30 │       "import": "./dist/exports/*.mjs",
         ╵                 ~~~~~~~~~~~~~~~~~~~~~~

  You can mark the path "react-aria/Collection" as external to exclude it from the bundle, which will remove this error and leave the unresolved path in the bundle.

X [ERROR] Could not resolve "react-aria/useButton"

    node_modules/.pnpm/react-aria-components@1.21._b5cfd5b3f7fdf12844df94706b6190db/node_modules/react-aria-components/dist/private/Button.mjs:4:44:
      4 │ import {useButton as $9s8kH$useButton} from "react-aria/useButton";
        ╵                                             ~~~~~~~~~~~~~~~~~~~~~~

  The module "./dist/exports/useButton.mjs" was not found on the file system:

    node_modules/.pnpm/node_modules/react-aria/package.json:30:16:
      30 │       "import": "./dist/exports/*.mjs",
         ╵                 ~~~~~~~~~~~~~~~~~~~~~~

  You can mark the path "react-aria/useButton" as external to exclude it from the bundle, which will remove this error and leave the unresolved path in the bundle.

X [ERROR] Could not resolve "react-aria/filterDOMProps"

    node_modules/.pnpm/react-aria-components@1.21._b5cfd5b3f7fdf12844df94706b6190db/node_modules/react-aria-components/dist/private/ToggleButton.mjs:5:54:
      5 │ ...OMProps as $2YxXO$filterDOMProps} from "react-aria/filterDOMProps";
        ╵                                           ~~~~~~~~~~~~~~~~~~~~~~~~~~~

  The module "./dist/exports/filterDOMProps.mjs" was not found on the file system:

    node_modules/.pnpm/node_modules/react-aria/package.json:30:16:
      30 │       "import": "./dist/exports/*.mjs",
         ╵                 ~~~~~~~~~~~~~~~~~~~~~~

  You can mark the path "react-aria/filterDOMProps" as external to exclude it from the bundle, which will remove this error and leave the unresolved path in the bundle.

X [ERROR] Could not resolve "react-aria/private/collections/BaseCollection"

    node_modules/.pnpm/react-aria-components@1.21._b5cfd5b3f7fdf12844df94706b6190db/node_modules/react-aria-components/dist/private/Header.mjs:3:46:
      3 │ ...h$HeaderNode} from "react-aria/private/collections/BaseCollection";
        ╵                       ~~~~~~~~~~~~~~~~~~~~~~~~~~~~~~~~~~~~~~~~~~~~~~~

  The module "./dist/exports/private/collections/BaseCollection.mjs" was not found on the file system:

    node_modules/.pnpm/node_modules/react-aria/package.json:30:16:
      30 │       "import": "./dist/exports/*.mjs",
         ╵                 ~~~~~~~~~~~~~~~~~~~~~~

  You can mark the path "react-aria/private/collections/BaseCollection" as external to exclude it from the bundle, which will remove this error and leave the unresolved path in the bundle.

X [ERROR] Could not resolve "react-aria/useSelect"

    node_modules/.pnpm/react-aria-components@1.21._b5cfd5b3f7fdf12844df94706b6190db/node_modules/react-aria-components/dist/private/Select.mjs:11:81:
      11 │ ... HiddenSelect as $2l4Cq$HiddenSelect} from "react-aria/useSelect";
         ╵                                               ~~~~~~~~~~~~~~~~~~~~~~

  The module "./dist/exports/useSelect.mjs" was not found on the file system:

    node_modules/.pnpm/node_modules/react-aria/package.json:30:16:
      30 │       "import": "./dist/exports/*.mjs",
         ╵                 ~~~~~~~~~~~~~~~~~~~~~~

  You can mark the path "react-aria/useSelect" as external to exclude it from the bundle, which will remove this error and leave the unresolved path in the bundle.

X [ERROR] Could not resolve "react-aria/Collection"

    node_modules/.pnpm/react-aria-components@1.21._b5cfd5b3f7fdf12844df94706b6190db/node_modules/react-aria-components/dist/private/Tabs.mjs:6:46:
      6 │ import {Collection as $4KeVI$Collection} from "react-aria/Collection";
        ╵                                               ~~~~~~~~~~~~~~~~~~~~~~~

  The module "./dist/exports/Collection.mjs" was not found on the file system:

    node_modules/.pnpm/node_modules/react-aria/package.json:30:16:
      30 │       "import": "./dist/exports/*.mjs",
         ╵                 ~~~~~~~~~~~~~~~~~~~~~~

  You can mark the path "react-aria/Collection" as external to exclude it from the bundle, which will remove this error and leave the unresolved path in the bundle.

X [ERROR] Could not resolve "react-aria/filterDOMProps"

    node_modules/.pnpm/react-aria-components@1.21._b5cfd5b3f7fdf12844df94706b6190db/node_modules/react-aria-components/dist/private/ToggleButtonGroup.mjs:4:54:
      4 │ ...OMProps as $9mIod$filterDOMProps} from "react-aria/filterDOMProps";
        ╵                                           ~~~~~~~~~~~~~~~~~~~~~~~~~~~

  The module "./dist/exports/filterDOMProps.mjs" was not found on the file system:

    node_modules/.pnpm/node_modules/react-aria/package.json:30:16:
      30 │       "import": "./dist/exports/*.mjs",
         ╵                 ~~~~~~~~~~~~~~~~~~~~~~

  You can mark the path "react-aria/filterDOMProps" as external to exclude it from the bundle, which will remove this error and leave the unresolved path in the bundle.

X [ERROR] Could not resolve "react-aria/private/utils/useId"

    node_modules/.pnpm/@react-aria+utils@3.34.1_re_99a585eb891972086b0f4d932b80d394/node_modules/@react-aria/utils/dist/import.mjs:5:115:
      5 │ ...ebe4d2f$re_export$useSlotId} from "react-aria/private/utils/useId";
        ╵                                      ~~~~~~~~~~~~~~~~~~~~~~~~~~~~~~~~

  The module "./dist/exports/private/utils/useId.mjs" was not found on the file system:

    node_modules/.pnpm/node_modules/react-aria/package.json:30:16:
      30 │       "import": "./dist/exports/*.mjs",
         ╵                 ~~~~~~~~~~~~~~~~~~~~~~

  You can mark the path "react-aria/private/utils/useId" as external to exclude it from the bundle, which will remove this error and leave the unresolved path in the bundle.

X [ERROR] Could not resolve "react-aria/private/collections/Hidden"

    node_modules/.pnpm/react-aria-components@1.21._b5cfd5b3f7fdf12844df94706b6190db/node_modules/react-aria-components/dist/private/TextField.mjs:11:72:
      11 │ ...teHideableComponent} from "react-aria/private/collections/Hidden";
         ╵                              ~~~~~~~~~~~~~~~~~~~~~~~~~~~~~~~~~~~~~~~

  The module "./dist/exports/private/collections/Hidden.mjs" was not found on the file system:

    node_modules/.pnpm/node_modules/react-aria/package.json:30:16:
      30 │       "import": "./dist/exports/*.mjs",
         ╵                 ~~~~~~~~~~~~~~~~~~~~~~

  You can mark the path "react-aria/private/collections/Hidden" as external to exclude it from the bundle, which will remove this error and leave the unresolved path in the bundle.

X [ERROR] Could not resolve "react-aria/CollectionBuilder"

    node_modules/.pnpm/react-aria-components@1.21._b5cfd5b3f7fdf12844df94706b6190db/node_modules/react-aria-components/dist/private/Separator.mjs:4:64:
      4 │ ...as $adn6H$createLeafComponent} from "react-aria/CollectionBuilder";
        ╵                                        ~~~~~~~~~~~~~~~~~~~~~~~~~~~~~~

  The module "./dist/exports/CollectionBuilder.mjs" was not found on the file system:

    node_modules/.pnpm/node_modules/react-aria/package.json:30:16:
      30 │       "import": "./dist/exports/*.mjs",
         ╵                 ~~~~~~~~~~~~~~~~~~~~~~

  You can mark the path "react-aria/CollectionBuilder" as external to exclude it from the bundle, which will remove this error and leave the unresolved path in the bundle.

X [ERROR] Could not resolve "react-aria/useRangeCalendar"

    node_modules/.pnpm/react-aria-components@1.21._b5cfd5b3f7fdf12844df94706b6190db/node_modules/react-aria-components/dist/private/Calendar.mjs:6:58:
      6 │ ...dar as $drly1$useRangeCalendar} from "react-aria/useRangeCalendar";
        ╵                                         ~~~~~~~~~~~~~~~~~~~~~~~~~~~~~

  The module "./dist/exports/useRangeCalendar.mjs" was not found on the file system:

    node_modules/.pnpm/node_modules/react-aria/package.json:30:16:
      30 │       "import": "./dist/exports/*.mjs",
         ╵                 ~~~~~~~~~~~~~~~~~~~~~~

  You can mark the path "react-aria/useRangeCalendar" as external to exclude it from the bundle, which will remove this error and leave the unresolved path in the bundle.

X [ERROR] Could not resolve "react-aria/Overlay"

    node_modules/.pnpm/react-aria-components@1.21._b5cfd5b3f7fdf12844df94706b6190db/node_modules/react-aria-components/dist/private/Popover.mjs:5:79:
      5 │ ...ismissButton, Overlay as $g4jvP$Overlay} from "react-aria/Overlay";
        ╵                                                  ~~~~~~~~~~~~~~~~~~~~

  The module "./dist/exports/Overlay.mjs" was not found on the file system:

    node_modules/.pnpm/node_modules/react-aria/package.json:30:16:
      30 │       "import": "./dist/exports/*.mjs",
         ╵                 ~~~~~~~~~~~~~~~~~~~~~~

  You can mark the path "react-aria/Overlay" as external to exclude it from the bundle, which will remove this error and leave the unresolved path in the bundle.

X [ERROR] Could not resolve "react-aria/useCheckbox"

    node_modules/.pnpm/react-aria-components@1.21._b5cfd5b3f7fdf12844df94706b6190db/node_modules/react-aria-components/dist/private/Checkbox.mjs:7:48:
      7 │ ... {useCheckbox as $j1L6B$useCheckbox} from "react-aria/useCheckbox";
        ╵                                              ~~~~~~~~~~~~~~~~~~~~~~~~

  The module "./dist/exports/useCheckbox.mjs" was not found on the file system:

    node_modules/.pnpm/node_modules/react-aria/package.json:30:16:
      30 │       "import": "./dist/exports/*.mjs",
         ╵                 ~~~~~~~~~~~~~~~~~~~~~~

  You can mark the path "react-aria/useCheckbox" as external to exclude it from the bundle, which will remove this error and leave the unresolved path in the bundle.

X [ERROR] Could not resolve "react-aria/filterDOMProps"

    node_modules/.pnpm/react-aria-components@1.21._b5cfd5b3f7fdf12844df94706b6190db/node_modules/react-aria-components/dist/private/Modal.mjs:5:54:
      5 │ ...OMProps as $gJBoF$filterDOMProps} from "react-aria/filterDOMProps";
        ╵                                           ~~~~~~~~~~~~~~~~~~~~~~~~~~~

  The module "./dist/exports/filterDOMProps.mjs" was not found on the file system:

    node_modules/.pnpm/node_modules/react-aria/package.json:30:16:
      30 │       "import": "./dist/exports/*.mjs",
         ╵                 ~~~~~~~~~~~~~~~~~~~~~~

  You can mark the path "react-aria/filterDOMProps" as external to exclude it from the bundle, which will remove this error and leave the unresolved path in the bundle.

X [ERROR] Could not resolve "react-aria/filterDOMProps"

    node_modules/.pnpm/react-aria-components@1.21._b5cfd5b3f7fdf12844df94706b6190db/node_modules/react-aria-components/dist/private/Meter.mjs:5:54:
      5 │ ...OMProps as $dVrrg$filterDOMProps} from "react-aria/filterDOMProps";
        ╵                                           ~~~~~~~~~~~~~~~~~~~~~~~~~~~

  The module "./dist/exports/filterDOMProps.mjs" was not found on the file system:

    node_modules/.pnpm/node_modules/react-aria/package.json:30:16:
      30 │       "import": "./dist/exports/*.mjs",
         ╵                 ~~~~~~~~~~~~~~~~~~~~~~

  You can mark the path "react-aria/filterDOMProps" as external to exclude it from the bundle, which will remove this error and leave the unresolved path in the bundle.

X [ERROR] Could not resolve "react-aria/mergeProps"

    node_modules/.pnpm/react-aria-components@1.21._b5cfd5b3f7fdf12844df94706b6190db/node_modules/react-aria-components/dist/private/ColorPicker.mjs:9:46:
      9 │ import {mergeProps as $fpEtU$mergeProps} from "react-aria/mergeProps";
        ╵                                               ~~~~~~~~~~~~~~~~~~~~~~~

  The module "./dist/exports/mergeProps.mjs" was not found on the file system:

    node_modules/.pnpm/node_modules/react-aria/package.json:30:16:
      30 │       "import": "./dist/exports/*.mjs",
         ╵                 ~~~~~~~~~~~~~~~~~~~~~~

  You can mark the path "react-aria/mergeProps" as external to exclude it from the bundle, which will remove this error and leave the unresolved path in the bundle.

X [ERROR] Could not resolve "react-aria/private/utils/useLayoutEffect"

    node_modules/.pnpm/react-aria-components@1.21._b5cfd5b3f7fdf12844df94706b6190db/node_modules/react-aria-components/dist/private/utils.mjs:4:56:
      4 │ ...C$useLayoutEffect} from "react-aria/private/utils/useLayoutEffect";
        ╵                            ~~~~~~~~~~~~~~~~~~~~~~~~~~~~~~~~~~~~~~~~~~

  The module "./dist/exports/private/utils/useLayoutEffect.mjs" was not found on the file system:

    node_modules/.pnpm/node_modules/react-aria/package.json:30:16:
      30 │       "import": "./dist/exports/*.mjs",
         ╵                 ~~~~~~~~~~~~~~~~~~~~~~

  You can mark the path "react-aria/private/utils/useLayoutEffect" as external to exclude it from the bundle, which will remove this error and leave the unresolved path in the bundle.

X [ERROR] Could not resolve "react-aria/useHover"

    node_modules/.pnpm/react-aria-components@1.21._b5cfd5b3f7fdf12844df94706b6190db/node_modules/react-aria-components/dist/private/TextArea.mjs:5:42:
      5 │ import {useHover as $8MsPE$useHover} from "react-aria/useHover";
        ╵                                           ~~~~~~~~~~~~~~~~~~~~~

  The module "./dist/exports/useHover.mjs" was not found on the file system:

    node_modules/.pnpm/node_modules/react-aria/package.json:30:16:
      30 │       "import": "./dist/exports/*.mjs",
         ╵                 ~~~~~~~~~~~~~~~~~~~~~~

  You can mark the path "react-aria/useHover" as external to exclude it from the bundle, which will remove this error and leave the unresolved path in the bundle.

X [ERROR] Could not resolve "react-aria/mergeProps"

    node_modules/.pnpm/react-aria-components@1.21._b5cfd5b3f7fdf12844df94706b6190db/node_modules/react-aria-components/dist/private/Dialog.mjs:9:46:
      9 │ import {mergeProps as $gV8PY$mergeProps} from "react-aria/mergeProps";
        ╵                                               ~~~~~~~~~~~~~~~~~~~~~~~

  The module "./dist/exports/mergeProps.mjs" was not found on the file system:

    node_modules/.pnpm/node_modules/react-aria/package.json:30:16:
      30 │       "import": "./dist/exports/*.mjs",
         ╵                 ~~~~~~~~~~~~~~~~~~~~~~

  You can mark the path "react-aria/mergeProps" as external to exclude it from the bundle, which will remove this error and leave the unresolved path in the bundle.

X [ERROR] Could not resolve "react-aria/filterDOMProps"

    node_modules/.pnpm/react-aria-components@1.21._b5cfd5b3f7fdf12844df94706b6190db/node_modules/react-aria-components/dist/private/RadioGroup.mjs:9:54:
      9 │ ...OMProps as $64B8K$filterDOMProps} from "react-aria/filterDOMProps";
        ╵                                           ~~~~~~~~~~~~~~~~~~~~~~~~~~~

  The module "./dist/exports/filterDOMProps.mjs" was not found on the file system:

    node_modules/.pnpm/node_modules/react-aria/package.json:30:16:
      30 │       "import": "./dist/exports/*.mjs",
         ╵                 ~~~~~~~~~~~~~~~~~~~~~~

  You can mark the path "react-aria/filterDOMProps" as external to exclude it from the bundle, which will remove this error and leave the unresolved path in the bundle.

X [ERROR] Could not resolve "react-aria/filterDOMProps"

    node_modules/.pnpm/react-aria-components@1.21._b5cfd5b3f7fdf12844df94706b6190db/node_modules/react-aria-components/dist/private/Switch.mjs:6:54:
      6 │ ...OMProps as $kf3DM$filterDOMProps} from "react-aria/filterDOMProps";
        ╵                                           ~~~~~~~~~~~~~~~~~~~~~~~~~~~

  The module "./dist/exports/filterDOMProps.mjs" was not found on the file system:

    node_modules/.pnpm/node_modules/react-aria/package.json:30:16:
      30 │       "import": "./dist/exports/*.mjs",
         ╵                 ~~~~~~~~~~~~~~~~~~~~~~

  You can mark the path "react-aria/filterDOMProps" as external to exclude it from the bundle, which will remove this error and leave the unresolved path in the bundle.

X [ERROR] Could not resolve "react-aria/mergeProps"

    node_modules/.pnpm/react-aria-components@1.21._b5cfd5b3f7fdf12844df94706b6190db/node_modules/react-aria-components/dist/private/Group.mjs:3:46:
      3 │ import {mergeProps as $1mD4M$mergeProps} from "react-aria/mergeProps";
        ╵                                               ~~~~~~~~~~~~~~~~~~~~~~~

  The module "./dist/exports/mergeProps.mjs" was not found on the file system:

    node_modules/.pnpm/node_modules/react-aria/package.json:30:16:
      30 │       "import": "./dist/exports/*.mjs",
         ╵                 ~~~~~~~~~~~~~~~~~~~~~~

  You can mark the path "react-aria/mergeProps" as external to exclude it from the bundle, which will remove this error and leave the unresolved path in the bundle.

X [ERROR] Could not resolve "react-aria/Collection"

    node_modules/.pnpm/react-aria-components@1.21._b5cfd5b3f7fdf12844df94706b6190db/node_modules/react-aria-components/dist/private/TagGroup.mjs:11:46:
      11 │ ...rt {Collection as $ck0pj$Collection} from "react-aria/Collection";
         ╵                                              ~~~~~~~~~~~~~~~~~~~~~~~

  The module "./dist/exports/Collection.mjs" was not found on the file system:

    node_modules/.pnpm/node_modules/react-aria/package.json:30:16:
      30 │       "import": "./dist/exports/*.mjs",
         ╵                 ~~~~~~~~~~~~~~~~~~~~~~

  You can mark the path "react-aria/Collection" as external to exclude it from the bundle, which will remove this error and leave the unresolved path in the bundle.

X [ERROR] Could not resolve "react-aria/filterDOMProps"

    node_modules/.pnpm/react-aria-components@1.21._b5cfd5b3f7fdf12844df94706b6190db/node_modules/react-aria-components/dist/private/ColorSwatchPicker.mjs:5:54:
      5 │ ...OMProps as $kuZDw$filterDOMProps} from "react-aria/filterDOMProps";
        ╵                                           ~~~~~~~~~~~~~~~~~~~~~~~~~~~

  The module "./dist/exports/filterDOMProps.mjs" was not found on the file system:

    node_modules/.pnpm/node_modules/react-aria/package.json:30:16:
      30 │       "import": "./dist/exports/*.mjs",
         ╵                 ~~~~~~~~~~~~~~~~~~~~~~

  You can mark the path "react-aria/filterDOMProps" as external to exclude it from the bundle, which will remove this error and leave the unresolved path in the bundle.

X [ERROR] Could not resolve "react-aria/useHover"

    node_modules/.pnpm/react-aria-components@1.21._b5cfd5b3f7fdf12844df94706b6190db/node_modules/react-aria-components/dist/private/ColorThumb.mjs:6:42:
      6 │ import {useHover as $fqlfY$useHover} from "react-aria/useHover";
        ╵                                           ~~~~~~~~~~~~~~~~~~~~~

  The module "./dist/exports/useHover.mjs" was not found on the file system:

    node_modules/.pnpm/node_modules/react-aria/package.json:30:16:
      30 │       "import": "./dist/exports/*.mjs",
         ╵                 ~~~~~~~~~~~~~~~~~~~~~~

  You can mark the path "react-aria/useHover" as external to exclude it from the bundle, which will remove this error and leave the unresolved path in the bundle.

X [ERROR] Could not resolve "react-aria/filterDOMProps"

    node_modules/.pnpm/react-aria-components@1.21._b5cfd5b3f7fdf12844df94706b6190db/node_modules/react-aria-components/dist/private/NumberField.mjs:10:54:
      10 │ ...MProps as $kf26I$filterDOMProps} from "react-aria/filterDOMProps";
         ╵                                          ~~~~~~~~~~~~~~~~~~~~~~~~~~~

  The module "./dist/exports/filterDOMProps.mjs" was not found on the file system:

    node_modules/.pnpm/node_modules/react-aria/package.json:30:16:
      30 │       "import": "./dist/exports/*.mjs",
         ╵                 ~~~~~~~~~~~~~~~~~~~~~~

  You can mark the path "react-aria/filterDOMProps" as external to exclude it from the bundle, which will remove this error and leave the unresolved path in the bundle.

X [ERROR] Could not resolve "react-aria/useFilter"

    node_modules/.pnpm/react-aria-components@1.21._b5cfd5b3f7fdf12844df94706b6190db/node_modules/react-aria-components/dist/exports/ComboBox.mjs:10:65:
      10 │ ...120048b2bfb2f15c$re_export$useFilter} from "react-aria/useFilter";
         ╵                                               ~~~~~~~~~~~~~~~~~~~~~~

  The module "./dist/exports/useFilter.mjs" was not found on the file system:

    node_modules/.pnpm/node_modules/react-aria/package.json:30:16:
      30 │       "import": "./dist/exports/*.mjs",
         ╵                 ~~~~~~~~~~~~~~~~~~~~~~

  You can mark the path "react-aria/useFilter" as external to exclude it from the bundle, which will remove this error and leave the unresolved path in the bundle.

X [ERROR] Could not resolve "react-aria/filterDOMProps"

    node_modules/.pnpm/react-aria-components@1.21._b5cfd5b3f7fdf12844df94706b6190db/node_modules/react-aria-components/dist/private/Toast.mjs:6:54:
      6 │ ...OMProps as $jzto3$filterDOMProps} from "react-aria/filterDOMProps";
        ╵                                           ~~~~~~~~~~~~~~~~~~~~~~~~~~~

  The module "./dist/exports/filterDOMProps.mjs" was not found on the file system:

    node_modules/.pnpm/node_modules/react-aria/package.json:30:16:
      30 │       "import": "./dist/exports/*.mjs",
         ╵                 ~~~~~~~~~~~~~~~~~~~~~~

  You can mark the path "react-aria/filterDOMProps" as external to exclude it from the bundle, which will remove this error and leave the unresolved path in the bundle.

X [ERROR] Could not resolve "react-aria/useDateRangePicker"

    node_modules/.pnpm/react-aria-components@1.21._b5cfd5b3f7fdf12844df94706b6190db/node_modules/react-aria-components/dist/private/DatePicker.mjs:14:62:
      14 │ ...s $a7Jp3$useDateRangePicker} from "react-aria/useDateRangePicker";
         ╵                                      ~~~~~~~~~~~~~~~~~~~~~~~~~~~~~~~

  The module "./dist/exports/useDateRangePicker.mjs" was not found on the file system:

    node_modules/.pnpm/node_modules/react-aria/package.json:30:16:
      30 │       "import": "./dist/exports/*.mjs",
         ╵                 ~~~~~~~~~~~~~~~~~~~~~~

  You can mark the path "react-aria/useDateRangePicker" as external to exclude it from the bundle, which will remove this error and leave the unresolved path in the bundle.

X [ERROR] Could not resolve "react-aria/useOverlayPosition"

    node_modules/.pnpm/react-aria-components@1.21._b5cfd5b3f7fdf12844df94706b6190db/node_modules/react-aria-components/dist/private/Tooltip.mjs:3:62:
      3 │ ...as $4nVq8$useOverlayPosition} from "react-aria/useOverlayPosition";
        ╵                                       ~~~~~~~~~~~~~~~~~~~~~~~~~~~~~~~

  The module "./dist/exports/useOverlayPosition.mjs" was not found on the file system:

    node_modules/.pnpm/node_modules/react-aria/package.json:30:16:
      30 │       "import": "./dist/exports/*.mjs",
         ╵                 ~~~~~~~~~~~~~~~~~~~~~~

  You can mark the path "react-aria/useOverlayPosition" as external to exclude it from the bundle, which will remove this error and leave the unresolved path in the bundle.

X [ERROR] Could not resolve "react-aria/Collection"

    node_modules/.pnpm/react-aria-components@1.21._b5cfd5b3f7fdf12844df94706b6190db/node_modules/react-aria-components/dist/private/Breadcrumbs.mjs:5:46:
      5 │ import {Collection as $hEiKI$Collection} from "react-aria/Collection";
        ╵                                               ~~~~~~~~~~~~~~~~~~~~~~~

  The module "./dist/exports/Collection.mjs" was not found on the file system:

    node_modules/.pnpm/node_modules/react-aria/package.json:30:16:
      30 │       "import": "./dist/exports/*.mjs",
         ╵                 ~~~~~~~~~~~~~~~~~~~~~~

  You can mark the path "react-aria/Collection" as external to exclude it from the bundle, which will remove this error and leave the unresolved path in the bundle.

X [ERROR] Could not resolve "react-aria/SSRProvider"

    node_modules/.pnpm/react-aria-components@1.21._b5cfd5b3f7fdf12844df94706b6190db/node_modules/react-aria-components/dist/exports/index.mjs:75:69:
      75 │ ...900807531178$re_export$SSRProvider} from "react-aria/SSRProvider";
         ╵                                             ~~~~~~~~~~~~~~~~~~~~~~~~

  The module "./dist/exports/SSRProvider.mjs" was not found on the file system:

    node_modules/.pnpm/node_modules/react-aria/package.json:30:16:
      30 │       "import": "./dist/exports/*.mjs",
         ╵                 ~~~~~~~~~~~~~~~~~~~~~~

  You can mark the path "react-aria/SSRProvider" as external to exclude it from the bundle, which will remove this error and leave the unresolved path in the bundle.

X [ERROR] Could not resolve "react-aria/useObjectRef"

    node_modules/.pnpm/react-aria-components@1.21._b5cfd5b3f7fdf12844df94706b6190db/node_modules/react-aria-components/dist/private/SharedElementTransition.mjs:5:50:
      5 │ ...seObjectRef as $3Lq00$useObjectRef} from "react-aria/useObjectRef";
        ╵                                             ~~~~~~~~~~~~~~~~~~~~~~~~~

  The module "./dist/exports/useObjectRef.mjs" was not found on the file system:

    node_modules/.pnpm/node_modules/react-aria/package.json:30:16:
      30 │       "import": "./dist/exports/*.mjs",
         ╵                 ~~~~~~~~~~~~~~~~~~~~~~

  You can mark the path "react-aria/useObjectRef" as external to exclude it from the bundle, which will remove this error and leave the unresolved path in the bundle.

X [ERROR] Could not resolve "react-aria/filterDOMProps"

    node_modules/.pnpm/react-aria-components@1.21._b5cfd5b3f7fdf12844df94706b6190db/node_modules/react-aria-components/dist/private/ProgressBar.mjs:5:54:
      5 │ ...OMProps as $8MuvO$filterDOMProps} from "react-aria/filterDOMProps";
        ╵                                           ~~~~~~~~~~~~~~~~~~~~~~~~~~~

  The module "./dist/exports/filterDOMProps.mjs" was not found on the file system:

    node_modules/.pnpm/node_modules/react-aria/package.json:30:16:
      30 │       "import": "./dist/exports/*.mjs",
         ╵                 ~~~~~~~~~~~~~~~~~~~~~~

  You can mark the path "react-aria/filterDOMProps" as external to exclude it from the bundle, which will remove this error and leave the unresolved path in the bundle.

X [ERROR] Could not resolve "react-aria/mergeProps"

    node_modules/.pnpm/react-aria-components@1.21._b5cfd5b3f7fdf12844df94706b6190db/node_modules/react-aria-components/dist/private/Link.mjs:4:46:
      4 │ import {mergeProps as $czt8L$mergeProps} from "react-aria/mergeProps";
        ╵                                               ~~~~~~~~~~~~~~~~~~~~~~~

  The module "./dist/exports/mergeProps.mjs" was not found on the file system:

    node_modules/.pnpm/node_modules/react-aria/package.json:30:16:
      30 │       "import": "./dist/exports/*.mjs",
         ╵                 ~~~~~~~~~~~~~~~~~~~~~~

  You can mark the path "react-aria/mergeProps" as external to exclude it from the bundle, which will remove this error and leave the unresolved path in the bundle.

X [ERROR] Could not resolve "react-aria/filterDOMProps"

    node_modules/.pnpm/react-aria-components@1.21._b5cfd5b3f7fdf12844df94706b6190db/node_modules/react-aria-components/dist/private/ColorSwatch.mjs:3:54:
      3 │ ...OMProps as $4OWOD$filterDOMProps} from "react-aria/filterDOMProps";
        ╵                                           ~~~~~~~~~~~~~~~~~~~~~~~~~~~

  The module "./dist/exports/filterDOMProps.mjs" was not found on the file system:

    node_modules/.pnpm/node_modules/react-aria/package.json:30:16:
      30 │       "import": "./dist/exports/*.mjs",
         ╵                 ~~~~~~~~~~~~~~~~~~~~~~

  You can mark the path "react-aria/filterDOMProps" as external to exclude it from the bundle, which will remove this error and leave the unresolved path in the bundle.

X [ERROR] Could not resolve "react-aria/private/collections/BaseCollection"

    node_modules/.pnpm/react-aria-components@1.21._b5cfd5b3f7fdf12844df94706b6190db/node_modules/react-aria-components/dist/private/Table.mjs:11:169:
      11 │ ...$LoaderNode} from "react-aria/private/collections/BaseCollection";
         ╵                      ~~~~~~~~~~~~~~~~~~~~~~~~~~~~~~~~~~~~~~~~~~~~~~~

  The module "./dist/exports/private/collections/BaseCollection.mjs" was not found on the file system:

    node_modules/.pnpm/node_modules/react-aria/package.json:30:16:
      30 │       "import": "./dist/exports/*.mjs",
         ╵                 ~~~~~~~~~~~~~~~~~~~~~~

  You can mark the path "react-aria/private/collections/BaseCollection" as external to exclude it from the bundle, which will remove this error and leave the unresolved path in the bundle.

X [ERROR] Could not resolve "react-aria/private/collections/Hidden"

    node_modules/.pnpm/react-aria-components@1.21._b5cfd5b3f7fdf12844df94706b6190db/node_modules/react-aria-components/dist/private/SearchField.mjs:11:72:
      11 │ ...teHideableComponent} from "react-aria/private/collections/Hidden";
         ╵                              ~~~~~~~~~~~~~~~~~~~~~~~~~~~~~~~~~~~~~~~

  The module "./dist/exports/private/collections/Hidden.mjs" was not found on the file system:

    node_modules/.pnpm/node_modules/react-aria/package.json:30:16:
      30 │       "import": "./dist/exports/*.mjs",
         ╵                 ~~~~~~~~~~~~~~~~~~~~~~

  You can mark the path "react-aria/private/collections/Hidden" as external to exclude it from the bundle, which will remove this error and leave the unresolved path in the bundle.

X [ERROR] Could not resolve "react-aria/private/collections/BaseCollection"

    node_modules/.pnpm/react-aria-components@1.21._b5cfd5b3f7fdf12844df94706b6190db/node_modules/react-aria-components/dist/private/Menu.mjs:13:151:
      13 │ ...$LoaderNode} from "react-aria/private/collections/BaseCollection";
         ╵                      ~~~~~~~~~~~~~~~~~~~~~~~~~~~~~~~~~~~~~~~~~~~~~~~

  The module "./dist/exports/private/collections/BaseCollection.mjs" was not found on the file system:

    node_modules/.pnpm/node_modules/react-aria/package.json:30:16:
      30 │       "import": "./dist/exports/*.mjs",
         ╵                 ~~~~~~~~~~~~~~~~~~~~~~

  You can mark the path "react-aria/private/collections/BaseCollection" as external to exclude it from the bundle, which will remove this error and leave the unresolved path in the bundle.

X [ERROR] Could not resolve "react-aria/filterDOMProps"

    node_modules/.pnpm/react-aria-components@1.21._b5cfd5b3f7fdf12844df94706b6190db/node_modules/react-aria-components/dist/private/ColorArea.mjs:5:54:
      5 │ ...OMProps as $2zlb2$filterDOMProps} from "react-aria/filterDOMProps";
        ╵                                           ~~~~~~~~~~~~~~~~~~~~~~~~~~~

  The module "./dist/exports/filterDOMProps.mjs" was not found on the file system:

    node_modules/.pnpm/node_modules/react-aria/package.json:30:16:
      30 │       "import": "./dist/exports/*.mjs",
         ╵                 ~~~~~~~~~~~~~~~~~~~~~~

  You can mark the path "react-aria/filterDOMProps" as external to exclude it from the bundle, which will remove this error and leave the unresolved path in the bundle.

X [ERROR] Could not resolve "react-aria/filterDOMProps"

    node_modules/.pnpm/react-aria-components@1.21._b5cfd5b3f7fdf12844df94706b6190db/node_modules/react-aria-components/dist/private/Disclosure.mjs:6:54:
      6 │ ...OMProps as $evqUs$filterDOMProps} from "react-aria/filterDOMProps";
        ╵                                           ~~~~~~~~~~~~~~~~~~~~~~~~~~~

  The module "./dist/exports/filterDOMProps.mjs" was not found on the file system:

    node_modules/.pnpm/node_modules/react-aria/package.json:30:16:
      30 │       "import": "./dist/exports/*.mjs",
         ╵                 ~~~~~~~~~~~~~~~~~~~~~~

  You can mark the path "react-aria/filterDOMProps" as external to exclude it from the bundle, which will remove this error and leave the unresolved path in the bundle.

X [ERROR] Could not resolve "react-aria/filterDOMProps"

    node_modules/.pnpm/react-aria-components@1.21._b5cfd5b3f7fdf12844df94706b6190db/node_modules/react-aria-components/dist/private/DateField.mjs:13:54:
      13 │ ...MProps as $lX0XJ$filterDOMProps} from "react-aria/filterDOMProps";
         ╵                                          ~~~~~~~~~~~~~~~~~~~~~~~~~~~

  The module "./dist/exports/filterDOMProps.mjs" was not found on the file system:

    node_modules/.pnpm/node_modules/react-aria/package.json:30:16:
      30 │       "import": "./dist/exports/*.mjs",
         ╵                 ~~~~~~~~~~~~~~~~~~~~~~

  You can mark the path "react-aria/filterDOMProps" as external to exclude it from the bundle, which will remove this error and leave the unresolved path in the bundle.

X [ERROR] Could not resolve "react-aria/CollectionBuilder"

    node_modules/.pnpm/react-aria-components@1.21._b5cfd5b3f7fdf12844df94706b6190db/node_modules/react-aria-components/dist/private/ListBox.mjs:12:166:
      12 │ ...s $c4d6w$createLeafComponent} from "react-aria/CollectionBuilder";
         ╵                                       ~~~~~~~~~~~~~~~~~~~~~~~~~~~~~~

  The module "./dist/exports/CollectionBuilder.mjs" was not found on the file system:

    node_modules/.pnpm/node_modules/react-aria/package.json:30:16:
      30 │       "import": "./dist/exports/*.mjs",
         ╵                 ~~~~~~~~~~~~~~~~~~~~~~

  You can mark the path "react-aria/CollectionBuilder" as external to exclude it from the bundle, which will remove this error and leave the unresolved path in the bundle.

X [ERROR] Could not resolve "react-aria/private/collections/Hidden"

    node_modules/.pnpm/react-aria-components@1.21._b5cfd5b3f7fdf12844df94706b6190db/node_modules/react-aria-components/dist/private/Button.mjs:5:72:
      5 │ ...ateHideableComponent} from "react-aria/private/collections/Hidden";
        ╵                               ~~~~~~~~~~~~~~~~~~~~~~~~~~~~~~~~~~~~~~~

  The module "./dist/exports/private/collections/Hidden.mjs" was not found on the file system:

    node_modules/.pnpm/node_modules/react-aria/package.json:30:16:
      30 │       "import": "./dist/exports/*.mjs",
         ╵                 ~~~~~~~~~~~~~~~~~~~~~~

  You can mark the path "react-aria/private/collections/Hidden" as external to exclude it from the bundle, which will remove this error and leave the unresolved path in the bundle.

X [ERROR] Could not resolve "react-aria/mergeProps"

    node_modules/.pnpm/react-aria-components@1.21._b5cfd5b3f7fdf12844df94706b6190db/node_modules/react-aria-components/dist/private/ToggleButton.mjs:6:46:
      6 │ import {mergeProps as $2YxXO$mergeProps} from "react-aria/mergeProps";
        ╵                                               ~~~~~~~~~~~~~~~~~~~~~~~

  The module "./dist/exports/mergeProps.mjs" was not found on the file system:

    node_modules/.pnpm/node_modules/react-aria/package.json:30:16:
      30 │       "import": "./dist/exports/*.mjs",
         ╵                 ~~~~~~~~~~~~~~~~~~~~~~

  You can mark the path "react-aria/mergeProps" as external to exclude it from the bundle, which will remove this error and leave the unresolved path in the bundle.

X [ERROR] Could not resolve "react-aria/CollectionBuilder"

    node_modules/.pnpm/react-aria-components@1.21._b5cfd5b3f7fdf12844df94706b6190db/node_modules/react-aria-components/dist/private/Select.mjs:12:60:
      12 │ ... as $2l4Cq$CollectionBuilder} from "react-aria/CollectionBuilder";
         ╵                                       ~~~~~~~~~~~~~~~~~~~~~~~~~~~~~~

  The module "./dist/exports/CollectionBuilder.mjs" was not found on the file system:

    node_modules/.pnpm/node_modules/react-aria/package.json:30:16:
      30 │       "import": "./dist/exports/*.mjs",
         ╵                 ~~~~~~~~~~~~~~~~~~~~~~

  You can mark the path "react-aria/CollectionBuilder" as external to exclude it from the bundle, which will remove this error and leave the unresolved path in the bundle.

X [ERROR] Could not resolve "react-aria/chain"

    node_modules/.pnpm/@react-aria+utils@3.34.1_re_99a585eb891972086b0f4d932b80d394/node_modules/@react-aria/utils/dist/import.mjs:6:57:
      6 │ ...hain as $a8ea2faf2ebe4d2f$re_export$chain} from "react-aria/chain";
        ╵                                                    ~~~~~~~~~~~~~~~~~~

  The module "./dist/exports/chain.mjs" was not found on the file system:

    node_modules/.pnpm/node_modules/react-aria/package.json:30:16:
      30 │       "import": "./dist/exports/*.mjs",
         ╵                 ~~~~~~~~~~~~~~~~~~~~~~

  You can mark the path "react-aria/chain" as external to exclude it from the bundle, which will remove this error and leave the unresolved path in the bundle.

X [ERROR] Could not resolve "react-aria/CollectionBuilder"

    node_modules/.pnpm/react-aria-components@1.21._b5cfd5b3f7fdf12844df94706b6190db/node_modules/react-aria-components/dist/private/Tabs.mjs:7:111:
      7 │ ...as $4KeVI$createLeafComponent} from "react-aria/CollectionBuilder";
        ╵                                        ~~~~~~~~~~~~~~~~~~~~~~~~~~~~~~

  The module "./dist/exports/CollectionBuilder.mjs" was not found on the file system:

    node_modules/.pnpm/node_modules/react-aria/package.json:30:16:
      30 │       "import": "./dist/exports/*.mjs",
         ╵                 ~~~~~~~~~~~~~~~~~~~~~~

  You can mark the path "react-aria/CollectionBuilder" as external to exclude it from the bundle, which will remove this error and leave the unresolved path in the bundle.

X [ERROR] Could not resolve "react-aria/useFocusRing"

    node_modules/.pnpm/react-aria-components@1.21._b5cfd5b3f7fdf12844df94706b6190db/node_modules/react-aria-components/dist/private/Input.mjs:5:50:
      5 │ ...seFocusRing as $1aA6s$useFocusRing} from "react-aria/useFocusRing";
        ╵                                             ~~~~~~~~~~~~~~~~~~~~~~~~~

  The module "./dist/exports/useFocusRing.mjs" was not found on the file system:

    node_modules/.pnpm/node_modules/react-aria/package.json:30:16:
      30 │       "import": "./dist/exports/*.mjs",
         ╵                 ~~~~~~~~~~~~~~~~~~~~~~

  You can mark the path "react-aria/useFocusRing" as external to exclude it from the bundle, which will remove this error and leave the unresolved path in the bundle.

X [ERROR] Could not resolve "react-aria/filterDOMProps"

    node_modules/.pnpm/react-aria-components@1.21._b5cfd5b3f7fdf12844df94706b6190db/node_modules/react-aria-components/dist/private/ColorField.mjs:9:54:
      9 │ ...OMProps as $2BvAu$filterDOMProps} from "react-aria/filterDOMProps";
        ╵                                           ~~~~~~~~~~~~~~~~~~~~~~~~~~~

  The module "./dist/exports/filterDOMProps.mjs" was not found on the file system:

    node_modules/.pnpm/node_modules/react-aria/package.json:30:16:
      30 │       "import": "./dist/exports/*.mjs",
         ╵                 ~~~~~~~~~~~~~~~~~~~~~~

  You can mark the path "react-aria/filterDOMProps" as external to exclude it from the bundle, which will remove this error and leave the unresolved path in the bundle.

X [ERROR] Could not resolve "react-aria/filterDOMProps"

    node_modules/.pnpm/react-aria-components@1.21._b5cfd5b3f7fdf12844df94706b6190db/node_modules/react-aria-components/dist/private/Separator.mjs:5:54:
      5 │ ...OMProps as $adn6H$filterDOMProps} from "react-aria/filterDOMProps";
        ╵                                           ~~~~~~~~~~~~~~~~~~~~~~~~~~~

  The module "./dist/exports/filterDOMProps.mjs" was not found on the file system:

    node_modules/.pnpm/node_modules/react-aria/package.json:30:16:
      30 │       "import": "./dist/exports/*.mjs",
         ╵                 ~~~~~~~~~~~~~~~~~~~~~~

  You can mark the path "react-aria/filterDOMProps" as external to exclude it from the bundle, which will remove this error and leave the unresolved path in the bundle.

X [ERROR] Could not resolve "react-aria/filterDOMProps"

    node_modules/.pnpm/react-aria-components@1.21._b5cfd5b3f7fdf12844df94706b6190db/node_modules/react-aria-components/dist/private/Popover.mjs:6:54:
      6 │ ...OMProps as $g4jvP$filterDOMProps} from "react-aria/filterDOMProps";
        ╵                                           ~~~~~~~~~~~~~~~~~~~~~~~~~~~

  The module "./dist/exports/filterDOMProps.mjs" was not found on the file system:

    node_modules/.pnpm/node_modules/react-aria/package.json:30:16:
      30 │       "import": "./dist/exports/*.mjs",
         ╵                 ~~~~~~~~~~~~~~~~~~~~~~

  You can mark the path "react-aria/filterDOMProps" as external to exclude it from the bundle, which will remove this error and leave the unresolved path in the bundle.

X [ERROR] Could not resolve "react-aria/filterDOMProps"

    node_modules/.pnpm/react-aria-components@1.21._b5cfd5b3f7fdf12844df94706b6190db/node_modules/react-aria-components/dist/private/TextField.mjs:12:54:
      12 │ ...MProps as $hlfBT$filterDOMProps} from "react-aria/filterDOMProps";
         ╵                                          ~~~~~~~~~~~~~~~~~~~~~~~~~~~

  The module "./dist/exports/filterDOMProps.mjs" was not found on the file system:

    node_modules/.pnpm/node_modules/react-aria/package.json:30:16:
      30 │       "import": "./dist/exports/*.mjs",
         ╵                 ~~~~~~~~~~~~~~~~~~~~~~

  You can mark the path "react-aria/filterDOMProps" as external to exclude it from the bundle, which will remove this error and leave the unresolved path in the bundle.

X [ERROR] Could not resolve "react-aria/mergeProps"

    node_modules/.pnpm/react-aria-components@1.21._b5cfd5b3f7fdf12844df94706b6190db/node_modules/react-aria-components/dist/private/ToggleButtonGroup.mjs:5:46:
      5 │ import {mergeProps as $9mIod$mergeProps} from "react-aria/mergeProps";
        ╵                                               ~~~~~~~~~~~~~~~~~~~~~~~

  The module "./dist/exports/mergeProps.mjs" was not found on the file system:

    node_modules/.pnpm/node_modules/react-aria/package.json:30:16:
      30 │       "import": "./dist/exports/*.mjs",
         ╵                 ~~~~~~~~~~~~~~~~~~~~~~

  You can mark the path "react-aria/mergeProps" as external to exclude it from the bundle, which will remove this error and leave the unresolved path in the bundle.

X [ERROR] Could not resolve "react-aria/mergeProps"

    node_modules/.pnpm/react-aria-components@1.21._b5cfd5b3f7fdf12844df94706b6190db/node_modules/react-aria-components/dist/private/Meter.mjs:6:46:
      6 │ import {mergeProps as $dVrrg$mergeProps} from "react-aria/mergeProps";
        ╵                                               ~~~~~~~~~~~~~~~~~~~~~~~

  The module "./dist/exports/mergeProps.mjs" was not found on the file system:

    node_modules/.pnpm/node_modules/react-aria/package.json:30:16:
      30 │       "import": "./dist/exports/*.mjs",
         ╵                 ~~~~~~~~~~~~~~~~~~~~~~

  You can mark the path "react-aria/mergeProps" as external to exclude it from the bundle, which will remove this error and leave the unresolved path in the bundle.

X [ERROR] Could not resolve "react-aria/useObjectRef"

    node_modules/.pnpm/react-aria-components@1.21._b5cfd5b3f7fdf12844df94706b6190db/node_modules/react-aria-components/dist/private/utils.mjs:5:50:
      5 │ ...seObjectRef as $ahdqC$useObjectRef} from "react-aria/useObjectRef";
        ╵                                             ~~~~~~~~~~~~~~~~~~~~~~~~~

  The module "./dist/exports/useObjectRef.mjs" was not found on the file system:

    node_modules/.pnpm/node_modules/react-aria/package.json:30:16:
      30 │       "import": "./dist/exports/*.mjs",
         ╵                 ~~~~~~~~~~~~~~~~~~~~~~

  You can mark the path "react-aria/useObjectRef" as external to exclude it from the bundle, which will remove this error and leave the unresolved path in the bundle.

X [ERROR] Could not resolve "react-aria/private/utils/isScrollable"

    node_modules/.pnpm/react-aria-components@1.21._b5cfd5b3f7fdf12844df94706b6190db/node_modules/react-aria-components/dist/private/Modal.mjs:6:50:
      6 │ ... $gJBoF$isScrollable} from "react-aria/private/utils/isScrollable";
        ╵                               ~~~~~~~~~~~~~~~~~~~~~~~~~~~~~~~~~~~~~~~

  The module "./dist/exports/private/utils/isScrollable.mjs" was not found on the file system:

    node_modules/.pnpm/node_modules/react-aria/package.json:30:16:
      30 │       "import": "./dist/exports/*.mjs",
         ╵                 ~~~~~~~~~~~~~~~~~~~~~~

  You can mark the path "react-aria/private/utils/isScrollable" as external to exclude it from the bundle, which will remove this error and leave the unresolved path in the bundle.

X [ERROR] Could not resolve "react-aria/mergeProps"

    node_modules/.pnpm/react-aria-components@1.21._b5cfd5b3f7fdf12844df94706b6190db/node_modules/react-aria-components/dist/private/RadioGroup.mjs:10:46:
      10 │ ...rt {mergeProps as $64B8K$mergeProps} from "react-aria/mergeProps";
         ╵                                              ~~~~~~~~~~~~~~~~~~~~~~~

  The module "./dist/exports/mergeProps.mjs" was not found on the file system:

    node_modules/.pnpm/node_modules/react-aria/package.json:30:16:
      30 │       "import": "./dist/exports/*.mjs",
         ╵                 ~~~~~~~~~~~~~~~~~~~~~~

  You can mark the path "react-aria/mergeProps" as external to exclude it from the bundle, which will remove this error and leave the unresolved path in the bundle.

X [ERROR] Could not resolve "react-aria/private/interactions/PressResponder"

    node_modules/.pnpm/react-aria-components@1.21._b5cfd5b3f7fdf12844df94706b6190db/node_modules/react-aria-components/dist/private/Dialog.mjs:10:54:
      10 │ ...sResponder} from "react-aria/private/interactions/PressResponder";
         ╵                     ~~~~~~~~~~~~~~~~~~~~~~~~~~~~~~~~~~~~~~~~~~~~~~~~

  The module "./dist/exports/private/interactions/PressResponder.mjs" was not found on the file system:

    node_modules/.pnpm/node_modules/react-aria/package.json:30:16:
      30 │       "import": "./dist/exports/*.mjs",
         ╵                 ~~~~~~~~~~~~~~~~~~~~~~

  You can mark the path "react-aria/private/interactions/PressResponder" as external to exclude it from the bundle, which will remove this error and leave the unresolved path in the bundle.

X [ERROR] Could not resolve "react-aria/mergeProps"

    node_modules/.pnpm/react-aria-components@1.21._b5cfd5b3f7fdf12844df94706b6190db/node_modules/react-aria-components/dist/private/Switch.mjs:7:46:
      7 │ import {mergeProps as $kf3DM$mergeProps} from "react-aria/mergeProps";
        ╵                                               ~~~~~~~~~~~~~~~~~~~~~~~

  The module "./dist/exports/mergeProps.mjs" was not found on the file system:

    node_modules/.pnpm/node_modules/react-aria/package.json:30:16:
      30 │       "import": "./dist/exports/*.mjs",
         ╵                 ~~~~~~~~~~~~~~~~~~~~~~

  You can mark the path "react-aria/mergeProps" as external to exclude it from the bundle, which will remove this error and leave the unresolved path in the bundle.

X [ERROR] Could not resolve "react-aria/CollectionBuilder"

    node_modules/.pnpm/react-aria-components@1.21._b5cfd5b3f7fdf12844df94706b6190db/node_modules/react-aria-components/dist/private/TagGroup.mjs:12:111:
      12 │ ...s $ck0pj$createLeafComponent} from "react-aria/CollectionBuilder";
         ╵                                       ~~~~~~~~~~~~~~~~~~~~~~~~~~~~~~

  The module "./dist/exports/CollectionBuilder.mjs" was not found on the file system:

    node_modules/.pnpm/node_modules/react-aria/package.json:30:16:
      30 │       "import": "./dist/exports/*.mjs",
         ╵                 ~~~~~~~~~~~~~~~~~~~~~~

  You can mark the path "react-aria/CollectionBuilder" as external to exclude it from the bundle, which will remove this error and leave the unresolved path in the bundle.

X [ERROR] Could not resolve "react-aria/mergeProps"

    node_modules/.pnpm/react-aria-components@1.21._b5cfd5b3f7fdf12844df94706b6190db/node_modules/react-aria-components/dist/private/Toast.mjs:7:46:
      7 │ import {mergeProps as $jzto3$mergeProps} from "react-aria/mergeProps";
        ╵                                               ~~~~~~~~~~~~~~~~~~~~~~~

  The module "./dist/exports/mergeProps.mjs" was not found on the file system:

    node_modules/.pnpm/node_modules/react-aria/package.json:30:16:
      30 │       "import": "./dist/exports/*.mjs",
         ╵                 ~~~~~~~~~~~~~~~~~~~~~~

  You can mark the path "react-aria/mergeProps" as external to exclude it from the bundle, which will remove this error and leave the unresolved path in the bundle.

X [ERROR] Could not resolve "react-aria/mergeProps"

    node_modules/.pnpm/react-aria-components@1.21._b5cfd5b3f7fdf12844df94706b6190db/node_modules/react-aria-components/dist/private/ProgressBar.mjs:6:46:
      6 │ import {mergeProps as $8MuvO$mergeProps} from "react-aria/mergeProps";
        ╵                                               ~~~~~~~~~~~~~~~~~~~~~~~

  The module "./dist/exports/mergeProps.mjs" was not found on the file system:

    node_modules/.pnpm/node_modules/react-aria/package.json:30:16:
      30 │       "import": "./dist/exports/*.mjs",
         ╵                 ~~~~~~~~~~~~~~~~~~~~~~

  You can mark the path "react-aria/mergeProps" as external to exclude it from the bundle, which will remove this error and leave the unresolved path in the bundle.

X [ERROR] Could not resolve "react-aria/filterDOMProps"

    node_modules/.pnpm/react-aria-components@1.21._b5cfd5b3f7fdf12844df94706b6190db/node_modules/react-aria-components/dist/private/Checkbox.mjs:9:54:
      9 │ ...OMProps as $j1L6B$filterDOMProps} from "react-aria/filterDOMProps";
        ╵                                           ~~~~~~~~~~~~~~~~~~~~~~~~~~~

  The module "./dist/exports/filterDOMProps.mjs" was not found on the file system:

    node_modules/.pnpm/node_modules/react-aria/package.json:30:16:
      30 │       "import": "./dist/exports/*.mjs",
         ╵                 ~~~~~~~~~~~~~~~~~~~~~~

  You can mark the path "react-aria/filterDOMProps" as external to exclude it from the bundle, which will remove this error and leave the unresolved path in the bundle.

X [ERROR] Could not resolve "react-aria/useFocusRing"

    node_modules/.pnpm/react-aria-components@1.21._b5cfd5b3f7fdf12844df94706b6190db/node_modules/react-aria-components/dist/private/Slider.mjs:9:50:
      9 │ ...seFocusRing as $270k0$useFocusRing} from "react-aria/useFocusRing";
        ╵                                             ~~~~~~~~~~~~~~~~~~~~~~~~~

  The module "./dist/exports/useFocusRing.mjs" was not found on the file system:

    node_modules/.pnpm/node_modules/react-aria/package.json:30:16:
      30 │       "import": "./dist/exports/*.mjs",
         ╵                 ~~~~~~~~~~~~~~~~~~~~~~

  You can mark the path "react-aria/useFocusRing" as external to exclude it from the bundle, which will remove this error and leave the unresolved path in the bundle.

X [ERROR] Could not resolve "react-aria/Collection"

    node_modules/.pnpm/react-aria-components@1.21._b5cfd5b3f7fdf12844df94706b6190db/node_modules/react-aria-components/dist/exports/ComboBox.mjs:11:67:
      11 │ ...0048b2bfb2f15c$re_export$Collection} from "react-aria/Collection";
         ╵                                              ~~~~~~~~~~~~~~~~~~~~~~~

  The module "./dist/exports/Collection.mjs" was not found on the file system:

    node_modules/.pnpm/node_modules/react-aria/package.json:30:16:
      30 │       "import": "./dist/exports/*.mjs",
         ╵                 ~~~~~~~~~~~~~~~~~~~~~~

  You can mark the path "react-aria/Collection" as external to exclude it from the bundle, which will remove this error and leave the unresolved path in the bundle.

X [ERROR] Could not resolve "react-aria/filterDOMProps"

    node_modules/.pnpm/react-aria-components@1.21._b5cfd5b3f7fdf12844df94706b6190db/node_modules/react-aria-components/dist/private/Tooltip.mjs:4:54:
      4 │ ...OMProps as $4nVq8$filterDOMProps} from "react-aria/filterDOMProps";
        ╵                                           ~~~~~~~~~~~~~~~~~~~~~~~~~~~

  The module "./dist/exports/filterDOMProps.mjs" was not found on the file system:

    node_modules/.pnpm/node_modules/react-aria/package.json:30:16:
      30 │       "import": "./dist/exports/*.mjs",
         ╵                 ~~~~~~~~~~~~~~~~~~~~~~

  You can mark the path "react-aria/filterDOMProps" as external to exclude it from the bundle, which will remove this error and leave the unresolved path in the bundle.

X [ERROR] Could not resolve "react-aria/private/utils/openLink"

    node_modules/.pnpm/react-aria-components@1.21._b5cfd5b3f7fdf12844df94706b6190db/node_modules/react-aria-components/dist/exports/index.mjs:76:75:
      76 │ ...e_export$RouterProvider} from "react-aria/private/utils/openLink";
         ╵                                  ~~~~~~~~~~~~~~~~~~~~~~~~~~~~~~~~~~~

  The module "./dist/exports/private/utils/openLink.mjs" was not found on the file system:

    node_modules/.pnpm/node_modules/react-aria/package.json:30:16:
      30 │       "import": "./dist/exports/*.mjs",
         ╵                 ~~~~~~~~~~~~~~~~~~~~~~

  You can mark the path "react-aria/private/utils/openLink" as external to exclude it from the bundle, which will remove this error and leave the unresolved path in the bundle.

X [ERROR] Could not resolve "react-aria/CollectionBuilder"

    node_modules/.pnpm/react-aria-components@1.21._b5cfd5b3f7fdf12844df94706b6190db/node_modules/react-aria-components/dist/private/Breadcrumbs.mjs:6:111:
      6 │ ...as $hEiKI$createLeafComponent} from "react-aria/CollectionBuilder";
        ╵                                        ~~~~~~~~~~~~~~~~~~~~~~~~~~~~~~

  The module "./dist/exports/CollectionBuilder.mjs" was not found on the file system:

    node_modules/.pnpm/node_modules/react-aria/package.json:30:16:
      30 │       "import": "./dist/exports/*.mjs",
         ╵                 ~~~~~~~~~~~~~~~~~~~~~~

  You can mark the path "react-aria/CollectionBuilder" as external to exclude it from the bundle, which will remove this error and leave the unresolved path in the bundle.

X [ERROR] Could not resolve "react-aria/useColorWheel"

    node_modules/.pnpm/react-aria-components@1.21._b5cfd5b3f7fdf12844df94706b6190db/node_modules/react-aria-components/dist/private/ColorWheel.mjs:3:52:
      3 │ ...olorWheel as $pqA4I$useColorWheel} from "react-aria/useColorWheel";
        ╵                                            ~~~~~~~~~~~~~~~~~~~~~~~~~~

  The module "./dist/exports/useColorWheel.mjs" was not found on the file system:

    node_modules/.pnpm/node_modules/react-aria/package.json:30:16:
      30 │       "import": "./dist/exports/*.mjs",
         ╵                 ~~~~~~~~~~~~~~~~~~~~~~

  You can mark the path "react-aria/useColorWheel" as external to exclude it from the bundle, which will remove this error and leave the unresolved path in the bundle.

X [ERROR] Could not resolve "react-aria/useFocusRing"

    node_modules/.pnpm/react-aria-components@1.21._b5cfd5b3f7fdf12844df94706b6190db/node_modules/react-aria-components/dist/private/Group.mjs:5:50:
      5 │ ...seFocusRing as $1mD4M$useFocusRing} from "react-aria/useFocusRing";
        ╵                                             ~~~~~~~~~~~~~~~~~~~~~~~~~

  The module "./dist/exports/useFocusRing.mjs" was not found on the file system:

    node_modules/.pnpm/node_modules/react-aria/package.json:30:16:
      30 │       "import": "./dist/exports/*.mjs",
         ╵                 ~~~~~~~~~~~~~~~~~~~~~~

  You can mark the path "react-aria/useFocusRing" as external to exclude it from the bundle, which will remove this error and leave the unresolved path in the bundle.

X [ERROR] Could not resolve "react-aria/mergeProps"

    node_modules/.pnpm/react-aria-components@1.21._b5cfd5b3f7fdf12844df94706b6190db/node_modules/react-aria-components/dist/private/ColorSwatch.mjs:4:46:
      4 │ import {mergeProps as $4OWOD$mergeProps} from "react-aria/mergeProps";
        ╵                                               ~~~~~~~~~~~~~~~~~~~~~~~

  The module "./dist/exports/mergeProps.mjs" was not found on the file system:

    node_modules/.pnpm/node_modules/react-aria/package.json:30:16:
      30 │       "import": "./dist/exports/*.mjs",
         ╵                 ~~~~~~~~~~~~~~~~~~~~~~

  You can mark the path "react-aria/mergeProps" as external to exclude it from the bundle, which will remove this error and leave the unresolved path in the bundle.

X [ERROR] Could not resolve "react-aria/useFilter"

    node_modules/.pnpm/react-aria-components@1.21._b5cfd5b3f7fdf12844df94706b6190db/node_modules/react-aria-components/dist/exports/Autocomplete.mjs:3:65:
      3 │ ...$1f7c1e4a946fa93c$re_export$useFilter} from "react-aria/useFilter";
        ╵                                                ~~~~~~~~~~~~~~~~~~~~~~

  The module "./dist/exports/useFilter.mjs" was not found on the file system:

    node_modules/.pnpm/node_modules/react-aria/package.json:30:16:
      30 │       "import": "./dist/exports/*.mjs",
         ╵                 ~~~~~~~~~~~~~~~~~~~~~~

  You can mark the path "react-aria/useFilter" as external to exclude it from the bundle, which will remove this error and leave the unresolved path in the bundle.

X [ERROR] Could not resolve "react-aria/filterDOMProps"

    node_modules/.pnpm/react-aria-components@1.21._b5cfd5b3f7fdf12844df94706b6190db/node_modules/react-aria-components/dist/private/SearchField.mjs:12:54:
      12 │ ...MProps as $gpBJB$filterDOMProps} from "react-aria/filterDOMProps";
         ╵                                          ~~~~~~~~~~~~~~~~~~~~~~~~~~~

  The module "./dist/exports/filterDOMProps.mjs" was not found on the file system:

    node_modules/.pnpm/node_modules/react-aria/package.json:30:16:
      30 │       "import": "./dist/exports/*.mjs",
         ╵                 ~~~~~~~~~~~~~~~~~~~~~~

  You can mark the path "react-aria/filterDOMProps" as external to exclude it from the bundle, which will remove this error and leave the unresolved path in the bundle.

X [ERROR] Could not resolve "react-aria/filterDOMProps"

    node_modules/.pnpm/react-aria-components@1.21._b5cfd5b3f7fdf12844df94706b6190db/node_modules/react-aria-components/dist/private/Button.mjs:6:54:
      6 │ ...OMProps as $9s8kH$filterDOMProps} from "react-aria/filterDOMProps";
        ╵                                           ~~~~~~~~~~~~~~~~~~~~~~~~~~~

  The module "./dist/exports/filterDOMProps.mjs" was not found on the file system:

    node_modules/.pnpm/node_modules/react-aria/package.json:30:16:
      30 │       "import": "./dist/exports/*.mjs",
         ╵                 ~~~~~~~~~~~~~~~~~~~~~~

  You can mark the path "react-aria/filterDOMProps" as external to exclude it from the bundle, which will remove this error and leave the unresolved path in the bundle.

X [ERROR] Could not resolve "react-aria/mergeProps"

    node_modules/.pnpm/react-aria-components@1.21._b5cfd5b3f7fdf12844df94706b6190db/node_modules/react-aria-components/dist/private/ColorArea.mjs:6:46:
      6 │ import {mergeProps as $2zlb2$mergeProps} from "react-aria/mergeProps";
        ╵                                               ~~~~~~~~~~~~~~~~~~~~~~~

  The module "./dist/exports/mergeProps.mjs" was not found on the file system:

    node_modules/.pnpm/node_modules/react-aria/package.json:30:16:
      30 │       "import": "./dist/exports/*.mjs",
         ╵                 ~~~~~~~~~~~~~~~~~~~~~~

  You can mark the path "react-aria/mergeProps" as external to exclude it from the bundle, which will remove this error and leave the unresolved path in the bundle.

X [ERROR] Could not resolve "react-aria/filterDOMProps"

    node_modules/.pnpm/react-aria-components@1.21._b5cfd5b3f7fdf12844df94706b6190db/node_modules/react-aria-components/dist/private/ListBox.mjs:13:54:
      13 │ ...MProps as $c4d6w$filterDOMProps} from "react-aria/filterDOMProps";
         ╵                                          ~~~~~~~~~~~~~~~~~~~~~~~~~~~

  The module "./dist/exports/filterDOMProps.mjs" was not found on the file system:

    node_modules/.pnpm/node_modules/react-aria/package.json:30:16:
      30 │       "import": "./dist/exports/*.mjs",
         ╵                 ~~~~~~~~~~~~~~~~~~~~~~

  You can mark the path "react-aria/filterDOMProps" as external to exclude it from the bundle, which will remove this error and leave the unresolved path in the bundle.

X [ERROR] Could not resolve "react-aria/filterDOMProps"

    node_modules/.pnpm/react-aria-components@1.21._b5cfd5b3f7fdf12844df94706b6190db/node_modules/react-aria-components/dist/private/Calendar.mjs:9:54:
      9 │ ...OMProps as $drly1$filterDOMProps} from "react-aria/filterDOMProps";
        ╵                                           ~~~~~~~~~~~~~~~~~~~~~~~~~~~

  The module "./dist/exports/filterDOMProps.mjs" was not found on the file system:

    node_modules/.pnpm/node_modules/react-aria/package.json:30:16:
      30 │       "import": "./dist/exports/*.mjs",
         ╵                 ~~~~~~~~~~~~~~~~~~~~~~

  You can mark the path "react-aria/filterDOMProps" as external to exclude it from the bundle, which will remove this error and leave the unresolved path in the bundle.

X [ERROR] Could not resolve "react-aria/mergeProps"

    node_modules/.pnpm/react-aria-components@1.21._b5cfd5b3f7fdf12844df94706b6190db/node_modules/react-aria-components/dist/private/DateField.mjs:14:46:
      14 │ ...rt {mergeProps as $lX0XJ$mergeProps} from "react-aria/mergeProps";
         ╵                                              ~~~~~~~~~~~~~~~~~~~~~~~

  The module "./dist/exports/mergeProps.mjs" was not found on the file system:

    node_modules/.pnpm/node_modules/react-aria/package.json:30:16:
      30 │       "import": "./dist/exports/*.mjs",
         ╵                 ~~~~~~~~~~~~~~~~~~~~~~

  You can mark the path "react-aria/mergeProps" as external to exclude it from the bundle, which will remove this error and leave the unresolved path in the bundle.

X [ERROR] Could not resolve "react-aria/mergeProps"

    node_modules/.pnpm/react-aria-components@1.21._b5cfd5b3f7fdf12844df94706b6190db/node_modules/react-aria-components/dist/private/Disclosure.mjs:7:46:
      7 │ import {mergeProps as $evqUs$mergeProps} from "react-aria/mergeProps";
        ╵                                               ~~~~~~~~~~~~~~~~~~~~~~~

  The module "./dist/exports/mergeProps.mjs" was not found on the file system:

    node_modules/.pnpm/node_modules/react-aria/package.json:30:16:
      30 │       "import": "./dist/exports/*.mjs",
         ╵                 ~~~~~~~~~~~~~~~~~~~~~~

  You can mark the path "react-aria/mergeProps" as external to exclude it from the bundle, which will remove this error and leave the unresolved path in the bundle.

X [ERROR] Could not resolve "react-aria/private/collections/Hidden"

    node_modules/.pnpm/react-aria-components@1.21._b5cfd5b3f7fdf12844df94706b6190db/node_modules/react-aria-components/dist/private/Select.mjs:13:72:
      13 │ ...teHideableComponent} from "react-aria/private/collections/Hidden";
         ╵                              ~~~~~~~~~~~~~~~~~~~~~~~~~~~~~~~~~~~~~~~

  The module "./dist/exports/private/collections/Hidden.mjs" was not found on the file system:

    node_modules/.pnpm/node_modules/react-aria/package.json:30:16:
      30 │       "import": "./dist/exports/*.mjs",
         ╵                 ~~~~~~~~~~~~~~~~~~~~~~

  You can mark the path "react-aria/private/collections/Hidden" as external to exclude it from the bundle, which will remove this error and leave the unresolved path in the bundle.

X [ERROR] Could not resolve "react-aria/private/utils/shadowdom/ShadowTreeWalker"

    node_modules/.pnpm/@react-aria+utils@3.34.1_re_99a585eb891972086b0f4d932b80d394/node_modules/@react-aria/utils/dist/import.mjs:7:157:
      7 │ ...Walker} from "react-aria/private/utils/shadowdom/ShadowTreeWalker";
        ╵                 ~~~~~~~~~~~~~~~~~~~~~~~~~~~~~~~~~~~~~~~~~~~~~~~~~~~~~

  The module "./dist/exports/private/utils/shadowdom/ShadowTreeWalker.mjs" was not found on the file system:

    node_modules/.pnpm/node_modules/react-aria/package.json:30:16:
      30 │       "import": "./dist/exports/*.mjs",
         ╵                 ~~~~~~~~~~~~~~~~~~~~~~

  You can mark the path "react-aria/private/utils/shadowdom/ShadowTreeWalker" as external to exclude it from the bundle, which will remove this error and leave the unresolved path in the bundle.

X [ERROR] Could not resolve "react-aria/useFocusRing"

    node_modules/.pnpm/react-aria-components@1.21._b5cfd5b3f7fdf12844df94706b6190db/node_modules/react-aria-components/dist/private/Link.mjs:6:50:
      6 │ ...seFocusRing as $czt8L$useFocusRing} from "react-aria/useFocusRing";
        ╵                                             ~~~~~~~~~~~~~~~~~~~~~~~~~

  The module "./dist/exports/useFocusRing.mjs" was not found on the file system:

    node_modules/.pnpm/node_modules/react-aria/package.json:30:16:
      30 │       "import": "./dist/exports/*.mjs",
         ╵                 ~~~~~~~~~~~~~~~~~~~~~~

  You can mark the path "react-aria/useFocusRing" as external to exclude it from the bundle, which will remove this error and leave the unresolved path in the bundle.

X [ERROR] Could not resolve "react-aria/Collection"

    node_modules/.pnpm/react-aria-components@1.21._b5cfd5b3f7fdf12844df94706b6190db/node_modules/react-aria-components/dist/private/Table.mjs:13:46:
      13 │ ...rt {Collection as $8WNJc$Collection} from "react-aria/Collection";
         ╵                                              ~~~~~~~~~~~~~~~~~~~~~~~

  The module "./dist/exports/Collection.mjs" was not found on the file system:

    node_modules/.pnpm/node_modules/react-aria/package.json:30:16:
      30 │       "import": "./dist/exports/*.mjs",
         ╵                 ~~~~~~~~~~~~~~~~~~~~~~

  You can mark the path "react-aria/Collection" as external to exclude it from the bundle, which will remove this error and leave the unresolved path in the bundle.

X [ERROR] Could not resolve "react-aria/private/collections/BaseCollection"

    node_modules/.pnpm/react-aria-components@1.21._b5cfd5b3f7fdf12844df94706b6190db/node_modules/react-aria-components/dist/private/Tabs.mjs:8:54:
      8 │ ...llectionNode} from "react-aria/private/collections/BaseCollection";
        ╵                       ~~~~~~~~~~~~~~~~~~~~~~~~~~~~~~~~~~~~~~~~~~~~~~~

  The module "./dist/exports/private/collections/BaseCollection.mjs" was not found on the file system:

    node_modules/.pnpm/node_modules/react-aria/package.json:30:16:
      30 │       "import": "./dist/exports/*.mjs",
         ╵                 ~~~~~~~~~~~~~~~~~~~~~~

  You can mark the path "react-aria/private/collections/BaseCollection" as external to exclude it from the bundle, which will remove this error and leave the unresolved path in the bundle.

X [ERROR] Could not resolve "react-aria/Collection"

    node_modules/.pnpm/react-aria-components@1.21._b5cfd5b3f7fdf12844df94706b6190db/node_modules/react-aria-components/dist/private/Menu.mjs:15:46:
      15 │ ...rt {Collection as $7xe5e$Collection} from "react-aria/Collection";
         ╵                                              ~~~~~~~~~~~~~~~~~~~~~~~

  The module "./dist/exports/Collection.mjs" was not found on the file system:

    node_modules/.pnpm/node_modules/react-aria/package.json:30:16:
      30 │       "import": "./dist/exports/*.mjs",
         ╵                 ~~~~~~~~~~~~~~~~~~~~~~

  You can mark the path "react-aria/Collection" as external to exclude it from the bundle, which will remove this error and leave the unresolved path in the bundle.

X [ERROR] Could not resolve "react-aria/useHover"

    node_modules/.pnpm/react-aria-components@1.21._b5cfd5b3f7fdf12844df94706b6190db/node_modules/react-aria-components/dist/private/Input.mjs:6:42:
      6 │ import {useHover as $1aA6s$useHover} from "react-aria/useHover";
        ╵                                           ~~~~~~~~~~~~~~~~~~~~~

  The module "./dist/exports/useHover.mjs" was not found on the file system:

    node_modules/.pnpm/node_modules/react-aria/package.json:30:16:
      30 │       "import": "./dist/exports/*.mjs",
         ╵                 ~~~~~~~~~~~~~~~~~~~~~~

  You can mark the path "react-aria/useHover" as external to exclude it from the bundle, which will remove this error and leave the unresolved path in the bundle.

X [ERROR] Could not resolve "react-aria/private/interactions/focusSafely"

    node_modules/.pnpm/react-aria-components@1.21._b5cfd5b3f7fdf12844df94706b6190db/node_modules/react-aria-components/dist/private/Popover.mjs:7:48:
      7 │ ...vP$focusSafely} from "react-aria/private/interactions/focusSafely";
        ╵                         ~~~~~~~~~~~~~~~~~~~~~~~~~~~~~~~~~~~~~~~~~~~~~

  The module "./dist/exports/private/interactions/focusSafely.mjs" was not found on the file system:

    node_modules/.pnpm/node_modules/react-aria/package.json:30:16:
      30 │       "import": "./dist/exports/*.mjs",
         ╵                 ~~~~~~~~~~~~~~~~~~~~~~

  You can mark the path "react-aria/private/interactions/focusSafely" as external to exclude it from the bundle, which will remove this error and leave the unresolved path in the bundle.

X [ERROR] Could not resolve "react-aria/I18nProvider"

    node_modules/.pnpm/react-aria-components@1.21._b5cfd5b3f7fdf12844df94706b6190db/node_modules/react-aria-components/dist/private/NumberField.mjs:13:44:
      13 │ ...rt {useLocale as $kf26I$useLocale} from "react-aria/I18nProvider";
         ╵                                            ~~~~~~~~~~~~~~~~~~~~~~~~~

  The module "./dist/exports/I18nProvider.mjs" was not found on the file system:

    node_modules/.pnpm/node_modules/react-aria/package.json:30:16:
      30 │       "import": "./dist/exports/*.mjs",
         ╵                 ~~~~~~~~~~~~~~~~~~~~~~

  You can mark the path "react-aria/I18nProvider" as external to exclude it from the bundle, which will remove this error and leave the unresolved path in the bundle.

X [ERROR] Could not resolve "react-aria/mergeProps"

    node_modules/.pnpm/react-aria-components@1.21._b5cfd5b3f7fdf12844df94706b6190db/node_modules/react-aria-components/dist/private/Separator.mjs:6:46:
      6 │ import {mergeProps as $adn6H$mergeProps} from "react-aria/mergeProps";
        ╵                                               ~~~~~~~~~~~~~~~~~~~~~~~

  The module "./dist/exports/mergeProps.mjs" was not found on the file system:

    node_modules/.pnpm/node_modules/react-aria/package.json:30:16:
      30 │       "import": "./dist/exports/*.mjs",
         ╵                 ~~~~~~~~~~~~~~~~~~~~~~

  You can mark the path "react-aria/mergeProps" as external to exclude it from the bundle, which will remove this error and leave the unresolved path in the bundle.

X [ERROR] Could not resolve "react-aria/filterDOMProps"

    node_modules/.pnpm/react-aria-components@1.21._b5cfd5b3f7fdf12844df94706b6190db/node_modules/react-aria-components/dist/private/DatePicker.mjs:17:54:
      17 │ ...MProps as $a7Jp3$filterDOMProps} from "react-aria/filterDOMProps";
         ╵                                          ~~~~~~~~~~~~~~~~~~~~~~~~~~~

  The module "./dist/exports/filterDOMProps.mjs" was not found on the file system:

    node_modules/.pnpm/node_modules/react-aria/package.json:30:16:
      30 │       "import": "./dist/exports/*.mjs",
         ╵                 ~~~~~~~~~~~~~~~~~~~~~~

  You can mark the path "react-aria/filterDOMProps" as external to exclude it from the bundle, which will remove this error and leave the unresolved path in the bundle.

X [ERROR] Could not resolve "react-aria/I18nProvider"

    node_modules/.pnpm/react-aria-components@1.21._b5cfd5b3f7fdf12844df94706b6190db/node_modules/react-aria-components/dist/private/ColorField.mjs:11:44:
      11 │ ...rt {useLocale as $2BvAu$useLocale} from "react-aria/I18nProvider";
         ╵                                            ~~~~~~~~~~~~~~~~~~~~~~~~~

  The module "./dist/exports/I18nProvider.mjs" was not found on the file system:

    node_modules/.pnpm/node_modules/react-aria/package.json:30:16:
      30 │       "import": "./dist/exports/*.mjs",
         ╵                 ~~~~~~~~~~~~~~~~~~~~~~

  You can mark the path "react-aria/I18nProvider" as external to exclude it from the bundle, which will remove this error and leave the unresolved path in the bundle.

X [ERROR] Could not resolve "react-aria/mergeRefs"

    node_modules/.pnpm/react-aria-components@1.21._b5cfd5b3f7fdf12844df94706b6190db/node_modules/react-aria-components/dist/private/RadioGroup.mjs:11:44:
      11 │ import {mergeRefs as $64B8K$mergeRefs} from "react-aria/mergeRefs";
         ╵                                             ~~~~~~~~~~~~~~~~~~~~~~

  The module "./dist/exports/mergeRefs.mjs" was not found on the file system:

    node_modules/.pnpm/node_modules/react-aria/package.json:30:16:
      30 │       "import": "./dist/exports/*.mjs",
         ╵                 ~~~~~~~~~~~~~~~~~~~~~~

  You can mark the path "react-aria/mergeRefs" as external to exclude it from the bundle, which will remove this error and leave the unresolved path in the bundle.

X [ERROR] Could not resolve "react-aria/mergeProps"

    node_modules/.pnpm/react-aria-components@1.21._b5cfd5b3f7fdf12844df94706b6190db/node_modules/react-aria-components/dist/private/Modal.mjs:7:46:
      7 │ import {mergeProps as $gJBoF$mergeProps} from "react-aria/mergeProps";
        ╵                                               ~~~~~~~~~~~~~~~~~~~~~~~

  The module "./dist/exports/mergeProps.mjs" was not found on the file system:

    node_modules/.pnpm/node_modules/react-aria/package.json:30:16:
      30 │       "import": "./dist/exports/*.mjs",
         ╵                 ~~~~~~~~~~~~~~~~~~~~~~

  You can mark the path "react-aria/mergeProps" as external to exclude it from the bundle, which will remove this error and leave the unresolved path in the bundle.

X [ERROR] Could not resolve "react-aria/I18nProvider"

    node_modules/.pnpm/react-aria-components@1.21._b5cfd5b3f7fdf12844df94706b6190db/node_modules/react-aria-components/dist/private/ColorSwatchPicker.mjs:9:44:
      9 │ import {useLocale as $kuZDw$useLocale} from "react-aria/I18nProvider";
        ╵                                             ~~~~~~~~~~~~~~~~~~~~~~~~~

  The module "./dist/exports/I18nProvider.mjs" was not found on the file system:

    node_modules/.pnpm/node_modules/react-aria/package.json:30:16:
      30 │       "import": "./dist/exports/*.mjs",
         ╵                 ~~~~~~~~~~~~~~~~~~~~~~

  You can mark the path "react-aria/I18nProvider" as external to exclude it from the bundle, which will remove this error and leave the unresolved path in the bundle.

X [ERROR] Could not resolve "react-aria/useAutocomplete"

    node_modules/.pnpm/react-aria-components@1.21._b5cfd5b3f7fdf12844df94706b6190db/node_modules/react-aria-components/dist/private/Autocomplete.mjs:2:56:
      2 │ ...plete as $1J3Gn$useAutocomplete} from "react-aria/useAutocomplete";
        ╵                                          ~~~~~~~~~~~~~~~~~~~~~~~~~~~~

  The module "./dist/exports/useAutocomplete.mjs" was not found on the file system:

    node_modules/.pnpm/node_modules/react-aria/package.json:30:16:
      30 │       "import": "./dist/exports/*.mjs",
         ╵                 ~~~~~~~~~~~~~~~~~~~~~~

  You can mark the path "react-aria/useAutocomplete" as external to exclude it from the bundle, which will remove this error and leave the unresolved path in the bundle.

X [ERROR] Could not resolve "react-aria/useFocusRing"

    node_modules/.pnpm/react-aria-components@1.21._b5cfd5b3f7fdf12844df94706b6190db/node_modules/react-aria-components/dist/private/ToggleButton.mjs:9:50:
      9 │ ...seFocusRing as $2YxXO$useFocusRing} from "react-aria/useFocusRing";
        ╵                                             ~~~~~~~~~~~~~~~~~~~~~~~~~

  The module "./dist/exports/useFocusRing.mjs" was not found on the file system:

    node_modules/.pnpm/node_modules/react-aria/package.json:30:16:
      30 │       "import": "./dist/exports/*.mjs",
         ╵                 ~~~~~~~~~~~~~~~~~~~~~~

  You can mark the path "react-aria/useFocusRing" as external to exclude it from the bundle, which will remove this error and leave the unresolved path in the bundle.

X [ERROR] Could not resolve "react-aria/mergeRefs"

    node_modules/.pnpm/react-aria-components@1.21._b5cfd5b3f7fdf12844df94706b6190db/node_modules/react-aria-components/dist/private/Switch.mjs:8:44:
      8 │ import {mergeRefs as $kf3DM$mergeRefs} from "react-aria/mergeRefs";
        ╵                                             ~~~~~~~~~~~~~~~~~~~~~~

  The module "./dist/exports/mergeRefs.mjs" was not found on the file system:

    node_modules/.pnpm/node_modules/react-aria/package.json:30:16:
      30 │       "import": "./dist/exports/*.mjs",
         ╵                 ~~~~~~~~~~~~~~~~~~~~~~

  You can mark the path "react-aria/mergeRefs" as external to exclude it from the bundle, which will remove this error and leave the unresolved path in the bundle.

X [ERROR] Could not resolve "react-aria/filterDOMProps"

    node_modules/.pnpm/react-aria-components@1.21._b5cfd5b3f7fdf12844df94706b6190db/node_modules/react-aria-components/dist/private/TagGroup.mjs:13:54:
      13 │ ...MProps as $ck0pj$filterDOMProps} from "react-aria/filterDOMProps";
         ╵                                          ~~~~~~~~~~~~~~~~~~~~~~~~~~~

  The module "./dist/exports/filterDOMProps.mjs" was not found on the file system:

    node_modules/.pnpm/node_modules/react-aria/package.json:30:16:
      30 │       "import": "./dist/exports/*.mjs",
         ╵                 ~~~~~~~~~~~~~~~~~~~~~~

  You can mark the path "react-aria/filterDOMProps" as external to exclude it from the bundle, which will remove this error and leave the unresolved path in the bundle.

X [ERROR] Could not resolve "react-aria/useId"

    node_modules/.pnpm/react-aria-components@1.21._b5cfd5b3f7fdf12844df94706b6190db/node_modules/react-aria-components/dist/private/Dialog.mjs:12:36:
      12 │ import {useId as $gV8PY$useId} from "react-aria/useId";
         ╵                                     ~~~~~~~~~~~~~~~~~~

  The module "./dist/exports/useId.mjs" was not found on the file system:

    node_modules/.pnpm/node_modules/react-aria/package.json:30:16:
      30 │       "import": "./dist/exports/*.mjs",
         ╵                 ~~~~~~~~~~~~~~~~~~~~~~

  You can mark the path "react-aria/useId" as external to exclude it from the bundle, which will remove this error and leave the unresolved path in the bundle.

X [ERROR] Could not resolve "react-aria/useHover"

    node_modules/.pnpm/react-aria-components@1.21._b5cfd5b3f7fdf12844df94706b6190db/node_modules/react-aria-components/dist/private/Slider.mjs:10:42:
      10 │ import {useHover as $270k0$useHover} from "react-aria/useHover";
         ╵                                           ~~~~~~~~~~~~~~~~~~~~~

  The module "./dist/exports/useHover.mjs" was not found on the file system:

    node_modules/.pnpm/node_modules/react-aria/package.json:30:16:
      30 │       "import": "./dist/exports/*.mjs",
         ╵                 ~~~~~~~~~~~~~~~~~~~~~~

  You can mark the path "react-aria/useHover" as external to exclude it from the bundle, which will remove this error and leave the unresolved path in the bundle.

X [ERROR] Could not resolve "react-aria/mergeProps"

    node_modules/.pnpm/react-aria-components@1.21._b5cfd5b3f7fdf12844df94706b6190db/node_modules/react-aria-components/dist/private/Checkbox.mjs:10:46:
      10 │ ...rt {mergeProps as $j1L6B$mergeProps} from "react-aria/mergeProps";
         ╵                                              ~~~~~~~~~~~~~~~~~~~~~~~

  The module "./dist/exports/mergeProps.mjs" was not found on the file system:

    node_modules/.pnpm/node_modules/react-aria/package.json:30:16:
      30 │       "import": "./dist/exports/*.mjs",
         ╵                 ~~~~~~~~~~~~~~~~~~~~~~

  You can mark the path "react-aria/mergeProps" as external to exclude it from the bundle, which will remove this error and leave the unresolved path in the bundle.

X [ERROR] Could not resolve "react-aria/private/interactions/useFocusable"

    node_modules/.pnpm/react-aria-components@1.21._b5cfd5b3f7fdf12844df94706b6190db/node_modules/react-aria-components/dist/private/Tooltip.mjs:5:60:
      5 │ ...sableProvider} from "react-aria/private/interactions/useFocusable";
        ╵                        ~~~~~~~~~~~~~~~~~~~~~~~~~~~~~~~~~~~~~~~~~~~~~~

  The module "./dist/exports/private/interactions/useFocusable.mjs" was not found on the file system:

    node_modules/.pnpm/node_modules/react-aria/package.json:30:16:
      30 │       "import": "./dist/exports/*.mjs",
         ╵                 ~~~~~~~~~~~~~~~~~~~~~~

  You can mark the path "react-aria/private/interactions/useFocusable" as external to exclude it from the bundle, which will remove this error and leave the unresolved path in the bundle.

X [ERROR] Could not resolve "react-aria/I18nProvider"

    node_modules/.pnpm/react-aria-components@1.21._b5cfd5b3f7fdf12844df94706b6190db/node_modules/react-aria-components/dist/exports/index.mjs:77:167:
      77 │ ...$a3be900807531178$re_export$isRTL} from "react-aria/I18nProvider";
         ╵                                            ~~~~~~~~~~~~~~~~~~~~~~~~~

  The module "./dist/exports/I18nProvider.mjs" was not found on the file system:

    node_modules/.pnpm/node_modules/react-aria/package.json:30:16:
      30 │       "import": "./dist/exports/*.mjs",
         ╵                 ~~~~~~~~~~~~~~~~~~~~~~

  You can mark the path "react-aria/I18nProvider" as external to exclude it from the bundle, which will remove this error and leave the unresolved path in the bundle.

X [ERROR] Could not resolve "react-aria/useComboBox"

    node_modules/.pnpm/react-aria-components@1.21._b5cfd5b3f7fdf12844df94706b6190db/node_modules/react-aria-components/dist/private/ComboBox.mjs:13:48:
      13 │ ...{useComboBox as $er33p$useComboBox} from "react-aria/useComboBox";
         ╵                                             ~~~~~~~~~~~~~~~~~~~~~~~~

  The module "./dist/exports/useComboBox.mjs" was not found on the file system:

    node_modules/.pnpm/node_modules/react-aria/package.json:30:16:
      30 │       "import": "./dist/exports/*.mjs",
         ╵                 ~~~~~~~~~~~~~~~~~~~~~~

  You can mark the path "react-aria/useComboBox" as external to exclude it from the bundle, which will remove this error and leave the unresolved path in the bundle.

X [ERROR] Could not resolve "react-aria/private/collections/BaseCollection"

    node_modules/.pnpm/react-aria-components@1.21._b5cfd5b3f7fdf12844df94706b6190db/node_modules/react-aria-components/dist/private/Breadcrumbs.mjs:7:54:
      7 │ ...llectionNode} from "react-aria/private/collections/BaseCollection";
        ╵                       ~~~~~~~~~~~~~~~~~~~~~~~~~~~~~~~~~~~~~~~~~~~~~~~

  The module "./dist/exports/private/collections/BaseCollection.mjs" was not found on the file system:

    node_modules/.pnpm/node_modules/react-aria/package.json:30:16:
      30 │       "import": "./dist/exports/*.mjs",
         ╵                 ~~~~~~~~~~~~~~~~~~~~~~

  You can mark the path "react-aria/private/collections/BaseCollection" as external to exclude it from the bundle, which will remove this error and leave the unresolved path in the bundle.

X [ERROR] Could not resolve "react-aria/filterDOMProps"

    node_modules/.pnpm/react-aria-components@1.21._b5cfd5b3f7fdf12844df94706b6190db/node_modules/react-aria-components/dist/private/ColorWheel.mjs:5:54:
      5 │ ...OMProps as $pqA4I$filterDOMProps} from "react-aria/filterDOMProps";
        ╵                                           ~~~~~~~~~~~~~~~~~~~~~~~~~~~

  The module "./dist/exports/filterDOMProps.mjs" was not found on the file system:

    node_modules/.pnpm/node_modules/react-aria/package.json:30:16:
      30 │       "import": "./dist/exports/*.mjs",
         ╵                 ~~~~~~~~~~~~~~~~~~~~~~

  You can mark the path "react-aria/filterDOMProps" as external to exclude it from the bundle, which will remove this error and leave the unresolved path in the bundle.

X [ERROR] Could not resolve "react-aria/mergeProps"

    node_modules/.pnpm/react-aria-components@1.21._b5cfd5b3f7fdf12844df94706b6190db/node_modules/react-aria-components/dist/private/Calendar.mjs:10:46:
      10 │ ...rt {mergeProps as $drly1$mergeProps} from "react-aria/mergeProps";
         ╵                                              ~~~~~~~~~~~~~~~~~~~~~~~

  The module "./dist/exports/mergeProps.mjs" was not found on the file system:

    node_modules/.pnpm/node_modules/react-aria/package.json:30:16:
      30 │       "import": "./dist/exports/*.mjs",
         ╵                 ~~~~~~~~~~~~~~~~~~~~~~

  You can mark the path "react-aria/mergeProps" as external to exclude it from the bundle, which will remove this error and leave the unresolved path in the bundle.

X [ERROR] Could not resolve "react-aria/useFocusRing"

    node_modules/.pnpm/react-aria-components@1.21._b5cfd5b3f7fdf12844df94706b6190db/node_modules/react-aria-components/dist/private/Toast.mjs:10:50:
      10 │ ...eFocusRing as $jzto3$useFocusRing} from "react-aria/useFocusRing";
         ╵                                            ~~~~~~~~~~~~~~~~~~~~~~~~~

  The module "./dist/exports/useFocusRing.mjs" was not found on the file system:

    node_modules/.pnpm/node_modules/react-aria/package.json:30:16:
      30 │       "import": "./dist/exports/*.mjs",
         ╵                 ~~~~~~~~~~~~~~~~~~~~~~

  You can mark the path "react-aria/useFocusRing" as external to exclude it from the bundle, which will remove this error and leave the unresolved path in the bundle.

X [ERROR] Could not resolve "react-aria/mergeProps"

    node_modules/.pnpm/react-aria-components@1.21._b5cfd5b3f7fdf12844df94706b6190db/node_modules/react-aria-components/dist/private/Button.mjs:7:46:
      7 │ import {mergeProps as $9s8kH$mergeProps} from "react-aria/mergeProps";
        ╵                                               ~~~~~~~~~~~~~~~~~~~~~~~

  The module "./dist/exports/mergeProps.mjs" was not found on the file system:

    node_modules/.pnpm/node_modules/react-aria/package.json:30:16:
      30 │       "import": "./dist/exports/*.mjs",
         ╵                 ~~~~~~~~~~~~~~~~~~~~~~

  You can mark the path "react-aria/mergeProps" as external to exclude it from the bundle, which will remove this error and leave the unresolved path in the bundle.

X [ERROR] Could not resolve "react-aria/FocusScope"

    node_modules/.pnpm/react-aria-components@1.21._b5cfd5b3f7fdf12844df94706b6190db/node_modules/react-aria-components/dist/private/ListBox.mjs:14:46:
      14 │ ...rt {FocusScope as $c4d6w$FocusScope} from "react-aria/FocusScope";
         ╵                                              ~~~~~~~~~~~~~~~~~~~~~~~

  The module "./dist/exports/FocusScope.mjs" was not found on the file system:

    node_modules/.pnpm/node_modules/react-aria/package.json:30:16:
      30 │       "import": "./dist/exports/*.mjs",
         ╵                 ~~~~~~~~~~~~~~~~~~~~~~

  You can mark the path "react-aria/FocusScope" as external to exclude it from the bundle, which will remove this error and leave the unresolved path in the bundle.

X [ERROR] Could not resolve "react-aria/mergeRefs"

    node_modules/.pnpm/react-aria-components@1.21._b5cfd5b3f7fdf12844df94706b6190db/node_modules/react-aria-components/dist/private/Disclosure.mjs:8:44:
      8 │ import {mergeRefs as $evqUs$mergeRefs} from "react-aria/mergeRefs";
        ╵                                             ~~~~~~~~~~~~~~~~~~~~~~

  The module "./dist/exports/mergeRefs.mjs" was not found on the file system:

    node_modules/.pnpm/node_modules/react-aria/package.json:30:16:
      30 │       "import": "./dist/exports/*.mjs",
         ╵                 ~~~~~~~~~~~~~~~~~~~~~~

  You can mark the path "react-aria/mergeRefs" as external to exclude it from the bundle, which will remove this error and leave the unresolved path in the bundle.

X [ERROR] Could not resolve "react-aria/filterDOMProps"

    node_modules/.pnpm/react-aria-components@1.21._b5cfd5b3f7fdf12844df94706b6190db/node_modules/react-aria-components/dist/private/Select.mjs:14:54:
      14 │ ...MProps as $2l4Cq$filterDOMProps} from "react-aria/filterDOMProps";
         ╵                                          ~~~~~~~~~~~~~~~~~~~~~~~~~~~

  The module "./dist/exports/filterDOMProps.mjs" was not found on the file system:

    node_modules/.pnpm/node_modules/react-aria/package.json:30:16:
      30 │       "import": "./dist/exports/*.mjs",
         ╵                 ~~~~~~~~~~~~~~~~~~~~~~

  You can mark the path "react-aria/filterDOMProps" as external to exclude it from the bundle, which will remove this error and leave the unresolved path in the bundle.

X [ERROR] Could not resolve "react-aria/private/utils/shadowdom/DOMFunctions"

    node_modules/.pnpm/@react-aria+utils@3.34.1_re_99a585eb891972086b0f4d932b80d394/node_modules/@react-aria/utils/dist/import.mjs:8:259:
      8 │ ...ocusWithin} from "react-aria/private/utils/shadowdom/DOMFunctions";
        ╵                     ~~~~~~~~~~~~~~~~~~~~~~~~~~~~~~~~~~~~~~~~~~~~~~~~~

  The module "./dist/exports/private/utils/shadowdom/DOMFunctions.mjs" was not found on the file system:

    node_modules/.pnpm/node_modules/react-aria/package.json:30:16:
      30 │       "import": "./dist/exports/*.mjs",
         ╵                 ~~~~~~~~~~~~~~~~~~~~~~

  You can mark the path "react-aria/private/utils/shadowdom/DOMFunctions" as external to exclude it from the bundle, which will remove this error and leave the unresolved path in the bundle.

X [ERROR] Could not resolve "react-aria/useFocusRing"

    node_modules/.pnpm/react-aria-components@1.21._b5cfd5b3f7fdf12844df94706b6190db/node_modules/react-aria-components/dist/private/DateField.mjs:17:50:
      17 │ ...eFocusRing as $lX0XJ$useFocusRing} from "react-aria/useFocusRing";
         ╵                                            ~~~~~~~~~~~~~~~~~~~~~~~~~

  The module "./dist/exports/useFocusRing.mjs" was not found on the file system:

    node_modules/.pnpm/node_modules/react-aria/package.json:30:16:
      30 │       "import": "./dist/exports/*.mjs",
         ╵                 ~~~~~~~~~~~~~~~~~~~~~~

  You can mark the path "react-aria/useFocusRing" as external to exclude it from the bundle, which will remove this error and leave the unresolved path in the bundle.

X [ERROR] Could not resolve "react-aria/useHover"

    node_modules/.pnpm/react-aria-components@1.21._b5cfd5b3f7fdf12844df94706b6190db/node_modules/react-aria-components/dist/private/Link.mjs:7:42:
      7 │ import {useHover as $czt8L$useHover} from "react-aria/useHover";
        ╵                                           ~~~~~~~~~~~~~~~~~~~~~

  The module "./dist/exports/useHover.mjs" was not found on the file system:

    node_modules/.pnpm/node_modules/react-aria/package.json:30:16:
      30 │       "import": "./dist/exports/*.mjs",
         ╵                 ~~~~~~~~~~~~~~~~~~~~~~

  You can mark the path "react-aria/useHover" as external to exclude it from the bundle, which will remove this error and leave the unresolved path in the bundle.

X [ERROR] Could not resolve "react-aria/CollectionBuilder"

    node_modules/.pnpm/react-aria-components@1.21._b5cfd5b3f7fdf12844df94706b6190db/node_modules/react-aria-components/dist/private/Table.mjs:14:166:
      14 │ ...s $8WNJc$createLeafComponent} from "react-aria/CollectionBuilder";
         ╵                                       ~~~~~~~~~~~~~~~~~~~~~~~~~~~~~~

  The module "./dist/exports/CollectionBuilder.mjs" was not found on the file system:

    node_modules/.pnpm/node_modules/react-aria/package.json:30:16:
      30 │       "import": "./dist/exports/*.mjs",
         ╵                 ~~~~~~~~~~~~~~~~~~~~~~

  You can mark the path "react-aria/CollectionBuilder" as external to exclude it from the bundle, which will remove this error and leave the unresolved path in the bundle.

X [ERROR] Could not resolve "react-aria/private/collections/Hidden"

    node_modules/.pnpm/react-aria-components@1.21._b5cfd5b3f7fdf12844df94706b6190db/node_modules/react-aria-components/dist/private/Tabs.mjs:9:72:
      9 │ ...ateHideableComponent} from "react-aria/private/collections/Hidden";
        ╵                               ~~~~~~~~~~~~~~~~~~~~~~~~~~~~~~~~~~~~~~~

  The module "./dist/exports/private/collections/Hidden.mjs" was not found on the file system:

    node_modules/.pnpm/node_modules/react-aria/package.json:30:16:
      30 │       "import": "./dist/exports/*.mjs",
         ╵                 ~~~~~~~~~~~~~~~~~~~~~~

  You can mark the path "react-aria/private/collections/Hidden" as external to exclude it from the bundle, which will remove this error and leave the unresolved path in the bundle.

X [ERROR] Could not resolve "react-aria/CollectionBuilder"

    node_modules/.pnpm/react-aria-components@1.21._b5cfd5b3f7fdf12844df94706b6190db/node_modules/react-aria-components/dist/private/Menu.mjs:16:166:
      16 │ ...s $7xe5e$createLeafComponent} from "react-aria/CollectionBuilder";
         ╵                                       ~~~~~~~~~~~~~~~~~~~~~~~~~~~~~~

  The module "./dist/exports/CollectionBuilder.mjs" was not found on the file system:

    node_modules/.pnpm/node_modules/react-aria/package.json:30:16:
      30 │       "import": "./dist/exports/*.mjs",
         ╵                 ~~~~~~~~~~~~~~~~~~~~~~

  You can mark the path "react-aria/CollectionBuilder" as external to exclude it from the bundle, which will remove this error and leave the unresolved path in the bundle.

X [ERROR] Could not resolve "react-aria/private/interactions/useFocusVisible"

    node_modules/.pnpm/react-aria-components@1.21._b5cfd5b3f7fdf12844df94706b6190db/node_modules/react-aria-components/dist/private/Popover.mjs:8:70:
      8 │ ...onModality} from "react-aria/private/interactions/useFocusVisible";
        ╵                     ~~~~~~~~~~~~~~~~~~~~~~~~~~~~~~~~~~~~~~~~~~~~~~~~~

  The module "./dist/exports/private/interactions/useFocusVisible.mjs" was not found on the file system:

    node_modules/.pnpm/node_modules/react-aria/package.json:30:16:
      30 │       "import": "./dist/exports/*.mjs",
         ╵                 ~~~~~~~~~~~~~~~~~~~~~~

  You can mark the path "react-aria/private/interactions/useFocusVisible" as external to exclude it from the bundle, which will remove this error and leave the unresolved path in the bundle.

X [ERROR] Could not resolve "react-aria/mergeProps"

    node_modules/.pnpm/react-aria-components@1.21._b5cfd5b3f7fdf12844df94706b6190db/node_modules/react-aria-components/dist/private/DatePicker.mjs:18:46:
      18 │ ...rt {mergeProps as $a7Jp3$mergeProps} from "react-aria/mergeProps";
         ╵                                              ~~~~~~~~~~~~~~~~~~~~~~~

  The module "./dist/exports/mergeProps.mjs" was not found on the file system:

    node_modules/.pnpm/node_modules/react-aria/package.json:30:16:
      30 │       "import": "./dist/exports/*.mjs",
         ╵                 ~~~~~~~~~~~~~~~~~~~~~~

  You can mark the path "react-aria/mergeProps" as external to exclude it from the bundle, which will remove this error and leave the unresolved path in the bundle.

X [ERROR] Could not resolve "react-aria/mergeRefs"

    node_modules/.pnpm/react-aria-components@1.21._b5cfd5b3f7fdf12844df94706b6190db/node_modules/react-aria-components/dist/private/Modal.mjs:8:44:
      8 │ import {mergeRefs as $gJBoF$mergeRefs} from "react-aria/mergeRefs";
        ╵                                             ~~~~~~~~~~~~~~~~~~~~~~

  The module "./dist/exports/mergeRefs.mjs" was not found on the file system:

    node_modules/.pnpm/node_modules/react-aria/package.json:30:16:
      30 │       "import": "./dist/exports/*.mjs",
         ╵                 ~~~~~~~~~~~~~~~~~~~~~~

  You can mark the path "react-aria/mergeRefs" as external to exclude it from the bundle, which will remove this error and leave the unresolved path in the bundle.

X [ERROR] Could not resolve "react-aria/useFocusRing"

    node_modules/.pnpm/react-aria-components@1.21._b5cfd5b3f7fdf12844df94706b6190db/node_modules/react-aria-components/dist/private/RadioGroup.mjs:14:50:
      14 │ ...eFocusRing as $64B8K$useFocusRing} from "react-aria/useFocusRing";
         ╵                                            ~~~~~~~~~~~~~~~~~~~~~~~~~

  The module "./dist/exports/useFocusRing.mjs" was not found on the file system:

    node_modules/.pnpm/node_modules/react-aria/package.json:30:16:
      30 │       "import": "./dist/exports/*.mjs",
         ╵                 ~~~~~~~~~~~~~~~~~~~~~~

  You can mark the path "react-aria/useFocusRing" as external to exclude it from the bundle, which will remove this error and leave the unresolved path in the bundle.

X [ERROR] Could not resolve "react-aria/useLocalizedStringFormatter"

    node_modules/.pnpm/react-aria-components@1.21._b5cfd5b3f7fdf12844df94706b6190db/node_modules/react-aria-components/dist/private/ColorSwatchPicker.mjs:10:80:
      10 │ ...zedStringFormatter} from "react-aria/useLocalizedStringFormatter";
         ╵                             ~~~~~~~~~~~~~~~~~~~~~~~~~~~~~~~~~~~~~~~~

  The module "./dist/exports/useLocalizedStringFormatter.mjs" was not found on the file system:

    node_modules/.pnpm/node_modules/react-aria/package.json:30:16:
      30 │       "import": "./dist/exports/*.mjs",
         ╵                 ~~~~~~~~~~~~~~~~~~~~~~

  You can mark the path "react-aria/useLocalizedStringFormatter" as external to exclude it from the bundle, which will remove this error and leave the unresolved path in the bundle.

X [ERROR] Could not resolve "react-aria/useHover"

    node_modules/.pnpm/react-aria-components@1.21._b5cfd5b3f7fdf12844df94706b6190db/node_modules/react-aria-components/dist/private/ToggleButton.mjs:10:42:
      10 │ import {useHover as $2YxXO$useHover} from "react-aria/useHover";
         ╵                                           ~~~~~~~~~~~~~~~~~~~~~

  The module "./dist/exports/useHover.mjs" was not found on the file system:

    node_modules/.pnpm/node_modules/react-aria/package.json:30:16:
      30 │       "import": "./dist/exports/*.mjs",
         ╵                 ~~~~~~~~~~~~~~~~~~~~~~

  You can mark the path "react-aria/useHover" as external to exclude it from the bundle, which will remove this error and leave the unresolved path in the bundle.

X [ERROR] Could not resolve "react-aria/mergeProps"

    node_modules/.pnpm/react-aria-components@1.21._b5cfd5b3f7fdf12844df94706b6190db/node_modules/react-aria-components/dist/private/Autocomplete.mjs:4:46:
      4 │ import {mergeProps as $1J3Gn$mergeProps} from "react-aria/mergeProps";
        ╵                                               ~~~~~~~~~~~~~~~~~~~~~~~

  The module "./dist/exports/mergeProps.mjs" was not found on the file system:

    node_modules/.pnpm/node_modules/react-aria/package.json:30:16:
      30 │       "import": "./dist/exports/*.mjs",
         ╵                 ~~~~~~~~~~~~~~~~~~~~~~

  You can mark the path "react-aria/mergeProps" as external to exclude it from the bundle, which will remove this error and leave the unresolved path in the bundle.

X [ERROR] Could not resolve "react-aria/private/collections/BaseCollection"

    node_modules/.pnpm/react-aria-components@1.21._b5cfd5b3f7fdf12844df94706b6190db/node_modules/react-aria-components/dist/private/TagGroup.mjs:14:42:
      14 │ ...pj$ItemNode} from "react-aria/private/collections/BaseCollection";
         ╵                      ~~~~~~~~~~~~~~~~~~~~~~~~~~~~~~~~~~~~~~~~~~~~~~~

  The module "./dist/exports/private/collections/BaseCollection.mjs" was not found on the file system:

    node_modules/.pnpm/node_modules/react-aria/package.json:30:16:
      30 │       "import": "./dist/exports/*.mjs",
         ╵                 ~~~~~~~~~~~~~~~~~~~~~~

  You can mark the path "react-aria/private/collections/BaseCollection" as external to exclude it from the bundle, which will remove this error and leave the unresolved path in the bundle.

X [ERROR] Could not resolve "react-aria/useNumberFormatter"

    node_modules/.pnpm/react-aria-components@1.21._b5cfd5b3f7fdf12844df94706b6190db/node_modules/react-aria-components/dist/private/Slider.mjs:11:62:
      11 │ ...s $270k0$useNumberFormatter} from "react-aria/useNumberFormatter";
         ╵                                      ~~~~~~~~~~~~~~~~~~~~~~~~~~~~~~~

  The module "./dist/exports/useNumberFormatter.mjs" was not found on the file system:

    node_modules/.pnpm/node_modules/react-aria/package.json:30:16:
      30 │       "import": "./dist/exports/*.mjs",
         ╵                 ~~~~~~~~~~~~~~~~~~~~~~

  You can mark the path "react-aria/useNumberFormatter" as external to exclude it from the bundle, which will remove this error and leave the unresolved path in the bundle.

X [ERROR] Could not resolve "react-aria/useFocusRing"

    node_modules/.pnpm/react-aria-components@1.21._b5cfd5b3f7fdf12844df94706b6190db/node_modules/react-aria-components/dist/private/Switch.mjs:11:50:
      11 │ ...eFocusRing as $kf3DM$useFocusRing} from "react-aria/useFocusRing";
         ╵                                            ~~~~~~~~~~~~~~~~~~~~~~~~~

  The module "./dist/exports/useFocusRing.mjs" was not found on the file system:

    node_modules/.pnpm/node_modules/react-aria/package.json:30:16:
      30 │       "import": "./dist/exports/*.mjs",
         ╵                 ~~~~~~~~~~~~~~~~~~~~~~

  You can mark the path "react-aria/useFocusRing" as external to exclude it from the bundle, which will remove this error and leave the unresolved path in the bundle.

X [ERROR] Could not resolve "react-aria/private/collections/Hidden"

    node_modules/.pnpm/react-aria-components@1.21._b5cfd5b3f7fdf12844df94706b6190db/node_modules/react-aria-components/dist/private/Dialog.mjs:13:48:
      13 │ ... $gV8PY$useIsHidden} from "react-aria/private/collections/Hidden";
         ╵                              ~~~~~~~~~~~~~~~~~~~~~~~~~~~~~~~~~~~~~~~

  The module "./dist/exports/private/collections/Hidden.mjs" was not found on the file system:

    node_modules/.pnpm/node_modules/react-aria/package.json:30:16:
      30 │       "import": "./dist/exports/*.mjs",
         ╵                 ~~~~~~~~~~~~~~~~~~~~~~

  You can mark the path "react-aria/private/collections/Hidden" as external to exclude it from the bundle, which will remove this error and leave the unresolved path in the bundle.

X [ERROR] Could not resolve "react-aria/mergeRefs"

    node_modules/.pnpm/react-aria-components@1.21._b5cfd5b3f7fdf12844df94706b6190db/node_modules/react-aria-components/dist/private/Checkbox.mjs:11:44:
      11 │ import {mergeRefs as $j1L6B$mergeRefs} from "react-aria/mergeRefs";
         ╵                                             ~~~~~~~~~~~~~~~~~~~~~~

  The module "./dist/exports/mergeRefs.mjs" was not found on the file system:

    node_modules/.pnpm/node_modules/react-aria/package.json:30:16:
      30 │       "import": "./dist/exports/*.mjs",
         ╵                 ~~~~~~~~~~~~~~~~~~~~~~

  You can mark the path "react-aria/mergeRefs" as external to exclude it from the bundle, which will remove this error and leave the unresolved path in the bundle.

X [ERROR] Could not resolve "react-aria/mergeProps"

    node_modules/.pnpm/react-aria-components@1.21._b5cfd5b3f7fdf12844df94706b6190db/node_modules/react-aria-components/dist/private/Tooltip.mjs:6:46:
      6 │ import {mergeProps as $4nVq8$mergeProps} from "react-aria/mergeProps";
        ╵                                               ~~~~~~~~~~~~~~~~~~~~~~~

  The module "./dist/exports/mergeProps.mjs" was not found on the file system:

    node_modules/.pnpm/node_modules/react-aria/package.json:30:16:
      30 │       "import": "./dist/exports/*.mjs",
         ╵                 ~~~~~~~~~~~~~~~~~~~~~~

  You can mark the path "react-aria/mergeProps" as external to exclude it from the bundle, which will remove this error and leave the unresolved path in the bundle.

X [ERROR] Could not resolve "react-aria/useFilter"

    node_modules/.pnpm/react-aria-components@1.21._b5cfd5b3f7fdf12844df94706b6190db/node_modules/react-aria-components/dist/exports/index.mjs:78:65:
      78 │ ...a3be900807531178$re_export$useFilter} from "react-aria/useFilter";
         ╵                                               ~~~~~~~~~~~~~~~~~~~~~~

  The module "./dist/exports/useFilter.mjs" was not found on the file system:

    node_modules/.pnpm/node_modules/react-aria/package.json:30:16:
      30 │       "import": "./dist/exports/*.mjs",
         ╵                 ~~~~~~~~~~~~~~~~~~~~~~

  You can mark the path "react-aria/useFilter" as external to exclude it from the bundle, which will remove this error and leave the unresolved path in the bundle.

X [ERROR] Could not resolve "react-aria/CollectionBuilder"

    node_modules/.pnpm/react-aria-components@1.21._b5cfd5b3f7fdf12844df94706b6190db/node_modules/react-aria-components/dist/private/ComboBox.mjs:14:60:
      14 │ ... as $er33p$CollectionBuilder} from "react-aria/CollectionBuilder";
         ╵                                       ~~~~~~~~~~~~~~~~~~~~~~~~~~~~~~

  The module "./dist/exports/CollectionBuilder.mjs" was not found on the file system:

    node_modules/.pnpm/node_modules/react-aria/package.json:30:16:
      30 │       "import": "./dist/exports/*.mjs",
         ╵                 ~~~~~~~~~~~~~~~~~~~~~~

  You can mark the path "react-aria/CollectionBuilder" as external to exclude it from the bundle, which will remove this error and leave the unresolved path in the bundle.

X [ERROR] Could not resolve "react-aria/filterDOMProps"

    node_modules/.pnpm/react-aria-components@1.21._b5cfd5b3f7fdf12844df94706b6190db/node_modules/react-aria-components/dist/private/Breadcrumbs.mjs:8:54:
      8 │ ...OMProps as $hEiKI$filterDOMProps} from "react-aria/filterDOMProps";
        ╵                                           ~~~~~~~~~~~~~~~~~~~~~~~~~~~

  The module "./dist/exports/filterDOMProps.mjs" was not found on the file system:

    node_modules/.pnpm/node_modules/react-aria/package.json:30:16:
      30 │       "import": "./dist/exports/*.mjs",
         ╵                 ~~~~~~~~~~~~~~~~~~~~~~

  You can mark the path "react-aria/filterDOMProps" as external to exclude it from the bundle, which will remove this error and leave the unresolved path in the bundle.

X [ERROR] Could not resolve "react-aria/useHover"

    node_modules/.pnpm/react-aria-components@1.21._b5cfd5b3f7fdf12844df94706b6190db/node_modules/react-aria-components/dist/private/Toast.mjs:11:42:
      11 │ import {useHover as $jzto3$useHover} from "react-aria/useHover";
         ╵                                           ~~~~~~~~~~~~~~~~~~~~~

  The module "./dist/exports/useHover.mjs" was not found on the file system:

    node_modules/.pnpm/node_modules/react-aria/package.json:30:16:
      30 │       "import": "./dist/exports/*.mjs",
         ╵                 ~~~~~~~~~~~~~~~~~~~~~~

  You can mark the path "react-aria/useHover" as external to exclude it from the bundle, which will remove this error and leave the unresolved path in the bundle.

X [ERROR] Could not resolve "react-aria/private/utils/inertValue"

    node_modules/.pnpm/react-aria-components@1.21._b5cfd5b3f7fdf12844df94706b6190db/node_modules/react-aria-components/dist/private/ListBox.mjs:15:46:
      15 │ ... as $c4d6w$inertValue} from "react-aria/private/utils/inertValue";
         ╵                                ~~~~~~~~~~~~~~~~~~~~~~~~~~~~~~~~~~~~~

  The module "./dist/exports/private/utils/inertValue.mjs" was not found on the file system:

    node_modules/.pnpm/node_modules/react-aria/package.json:30:16:
      30 │       "import": "./dist/exports/*.mjs",
         ╵                 ~~~~~~~~~~~~~~~~~~~~~~

  You can mark the path "react-aria/private/utils/inertValue" as external to exclude it from the bundle, which will remove this error and leave the unresolved path in the bundle.

X [ERROR] Could not resolve "react-aria/useFocusRing"

    node_modules/.pnpm/react-aria-components@1.21._b5cfd5b3f7fdf12844df94706b6190db/node_modules/react-aria-components/dist/private/Calendar.mjs:13:50:
      13 │ ...eFocusRing as $drly1$useFocusRing} from "react-aria/useFocusRing";
         ╵                                            ~~~~~~~~~~~~~~~~~~~~~~~~~

  The module "./dist/exports/useFocusRing.mjs" was not found on the file system:

    node_modules/.pnpm/node_modules/react-aria/package.json:30:16:
      30 │       "import": "./dist/exports/*.mjs",
         ╵                 ~~~~~~~~~~~~~~~~~~~~~~

  You can mark the path "react-aria/useFocusRing" as external to exclude it from the bundle, which will remove this error and leave the unresolved path in the bundle.

X [ERROR] Could not resolve "react-aria/useFocusRing"

    node_modules/.pnpm/react-aria-components@1.21._b5cfd5b3f7fdf12844df94706b6190db/node_modules/react-aria-components/dist/private/Button.mjs:9:50:
      9 │ ...seFocusRing as $9s8kH$useFocusRing} from "react-aria/useFocusRing";
        ╵                                             ~~~~~~~~~~~~~~~~~~~~~~~~~

  The module "./dist/exports/useFocusRing.mjs" was not found on the file system:

    node_modules/.pnpm/node_modules/react-aria/package.json:30:16:
      30 │       "import": "./dist/exports/*.mjs",
         ╵                 ~~~~~~~~~~~~~~~~~~~~~~

  You can mark the path "react-aria/useFocusRing" as external to exclude it from the bundle, which will remove this error and leave the unresolved path in the bundle.

X [ERROR] Could not resolve "react-aria/useFocusRing"

    node_modules/.pnpm/react-aria-components@1.21._b5cfd5b3f7fdf12844df94706b6190db/node_modules/react-aria-components/dist/private/Disclosure.mjs:10:50:
      10 │ ...eFocusRing as $evqUs$useFocusRing} from "react-aria/useFocusRing";
         ╵                                            ~~~~~~~~~~~~~~~~~~~~~~~~~

  The module "./dist/exports/useFocusRing.mjs" was not found on the file system:

    node_modules/.pnpm/node_modules/react-aria/package.json:30:16:
      30 │       "import": "./dist/exports/*.mjs",
         ╵                 ~~~~~~~~~~~~~~~~~~~~~~

  You can mark the path "react-aria/useFocusRing" as external to exclude it from the bundle, which will remove this error and leave the unresolved path in the bundle.

X [ERROR] Could not resolve "react-aria/mergeProps"

    node_modules/.pnpm/react-aria-components@1.21._b5cfd5b3f7fdf12844df94706b6190db/node_modules/react-aria-components/dist/private/Select.mjs:15:46:
      15 │ ...rt {mergeProps as $2l4Cq$mergeProps} from "react-aria/mergeProps";
         ╵                                              ~~~~~~~~~~~~~~~~~~~~~~~

  The module "./dist/exports/mergeProps.mjs" was not found on the file system:

    node_modules/.pnpm/node_modules/react-aria/package.json:30:16:
      30 │       "import": "./dist/exports/*.mjs",
         ╵                 ~~~~~~~~~~~~~~~~~~~~~~

  You can mark the path "react-aria/mergeProps" as external to exclude it from the bundle, which will remove this error and leave the unresolved path in the bundle.

X [ERROR] Could not resolve "react-aria/private/utils/domHelpers"

    node_modules/.pnpm/@react-aria+utils@3.34.1_re_99a585eb891972086b0f4d932b80d394/node_modules/@react-aria/utils/dist/import.mjs:9:199:
      9 │ ...re_export$isShadowRoot} from "react-aria/private/utils/domHelpers";
        ╵                                 ~~~~~~~~~~~~~~~~~~~~~~~~~~~~~~~~~~~~~

  The module "./dist/exports/private/utils/domHelpers.mjs" was not found on the file system:

    node_modules/.pnpm/node_modules/react-aria/package.json:30:16:
      30 │       "import": "./dist/exports/*.mjs",
         ╵                 ~~~~~~~~~~~~~~~~~~~~~~

  You can mark the path "react-aria/private/utils/domHelpers" as external to exclude it from the bundle, which will remove this error and leave the unresolved path in the bundle.

X [ERROR] Could not resolve "react-aria/useHover"

    node_modules/.pnpm/react-aria-components@1.21._b5cfd5b3f7fdf12844df94706b6190db/node_modules/react-aria-components/dist/private/DateField.mjs:18:42:
      18 │ import {useHover as $lX0XJ$useHover} from "react-aria/useHover";
         ╵                                           ~~~~~~~~~~~~~~~~~~~~~

  The module "./dist/exports/useHover.mjs" was not found on the file system:

    node_modules/.pnpm/node_modules/react-aria/package.json:30:16:
      30 │       "import": "./dist/exports/*.mjs",
         ╵                 ~~~~~~~~~~~~~~~~~~~~~~

  You can mark the path "react-aria/useHover" as external to exclude it from the bundle, which will remove this error and leave the unresolved path in the bundle.

X [ERROR] Could not resolve "react-aria/filterDOMProps"

    node_modules/.pnpm/react-aria-components@1.21._b5cfd5b3f7fdf12844df94706b6190db/node_modules/react-aria-components/dist/private/Table.mjs:15:54:
      15 │ ...MProps as $8WNJc$filterDOMProps} from "react-aria/filterDOMProps";
         ╵                                          ~~~~~~~~~~~~~~~~~~~~~~~~~~~

  The module "./dist/exports/filterDOMProps.mjs" was not found on the file system:

    node_modules/.pnpm/node_modules/react-aria/package.json:30:16:
      30 │       "import": "./dist/exports/*.mjs",
         ╵                 ~~~~~~~~~~~~~~~~~~~~~~

  You can mark the path "react-aria/filterDOMProps" as external to exclude it from the bundle, which will remove this error and leave the unresolved path in the bundle.

X [ERROR] Could not resolve "react-aria/filterDOMProps"

    node_modules/.pnpm/react-aria-components@1.21._b5cfd5b3f7fdf12844df94706b6190db/node_modules/react-aria-components/dist/private/Tabs.mjs:10:54:
      10 │ ...MProps as $4KeVI$filterDOMProps} from "react-aria/filterDOMProps";
         ╵                                          ~~~~~~~~~~~~~~~~~~~~~~~~~~~

  The module "./dist/exports/filterDOMProps.mjs" was not found on the file system:

    node_modules/.pnpm/node_modules/react-aria/package.json:30:16:
      30 │       "import": "./dist/exports/*.mjs",
         ╵                 ~~~~~~~~~~~~~~~~~~~~~~

  You can mark the path "react-aria/filterDOMProps" as external to exclude it from the bundle, which will remove this error and leave the unresolved path in the bundle.

X [ERROR] Could not resolve "react-aria/filterDOMProps"

    node_modules/.pnpm/react-aria-components@1.21._b5cfd5b3f7fdf12844df94706b6190db/node_modules/react-aria-components/dist/private/Menu.mjs:17:54:
      17 │ ...MProps as $7xe5e$filterDOMProps} from "react-aria/filterDOMProps";
         ╵                                          ~~~~~~~~~~~~~~~~~~~~~~~~~~~

  The module "./dist/exports/filterDOMProps.mjs" was not found on the file system:

    node_modules/.pnpm/node_modules/react-aria/package.json:30:16:
      30 │       "import": "./dist/exports/*.mjs",
         ╵                 ~~~~~~~~~~~~~~~~~~~~~~

  You can mark the path "react-aria/filterDOMProps" as external to exclude it from the bundle, which will remove this error and leave the unresolved path in the bundle.

X [ERROR] Could not resolve "react-aria/private/utils/shadowdom/DOMFunctions"

    node_modules/.pnpm/react-aria-components@1.21._b5cfd5b3f7fdf12844df94706b6190db/node_modules/react-aria-components/dist/private/Popover.mjs:9:52:
      9 │ ...ocusWithin} from "react-aria/private/utils/shadowdom/DOMFunctions";
        ╵                     ~~~~~~~~~~~~~~~~~~~~~~~~~~~~~~~~~~~~~~~~~~~~~~~~~

  The module "./dist/exports/private/utils/shadowdom/DOMFunctions.mjs" was not found on the file system:

    node_modules/.pnpm/node_modules/react-aria/package.json:30:16:
      30 │       "import": "./dist/exports/*.mjs",
         ╵                 ~~~~~~~~~~~~~~~~~~~~~~

  You can mark the path "react-aria/private/utils/shadowdom/DOMFunctions" as external to exclude it from the bundle, which will remove this error and leave the unresolved path in the bundle.

X [ERROR] Could not resolve "react-aria/useFocusRing"

    node_modules/.pnpm/react-aria-components@1.21._b5cfd5b3f7fdf12844df94706b6190db/node_modules/react-aria-components/dist/private/DatePicker.mjs:20:50:
      20 │ ...eFocusRing as $a7Jp3$useFocusRing} from "react-aria/useFocusRing";
         ╵                                            ~~~~~~~~~~~~~~~~~~~~~~~~~

  The module "./dist/exports/useFocusRing.mjs" was not found on the file system:

    node_modules/.pnpm/node_modules/react-aria/package.json:30:16:
      30 │       "import": "./dist/exports/*.mjs",
         ╵                 ~~~~~~~~~~~~~~~~~~~~~~

  You can mark the path "react-aria/useFocusRing" as external to exclude it from the bundle, which will remove this error and leave the unresolved path in the bundle.

X [ERROR] Could not resolve "react-aria/useHover"

    node_modules/.pnpm/react-aria-components@1.21._b5cfd5b3f7fdf12844df94706b6190db/node_modules/react-aria-components/dist/private/RadioGroup.mjs:15:42:
      15 │ import {useHover as $64B8K$useHover} from "react-aria/useHover";
         ╵                                           ~~~~~~~~~~~~~~~~~~~~~

  The module "./dist/exports/useHover.mjs" was not found on the file system:

    node_modules/.pnpm/node_modules/react-aria/package.json:30:16:
      30 │       "import": "./dist/exports/*.mjs",
         ╵                 ~~~~~~~~~~~~~~~~~~~~~~

  You can mark the path "react-aria/useHover" as external to exclude it from the bundle, which will remove this error and leave the unresolved path in the bundle.

X [ERROR] Could not resolve "react-aria/private/utils/animation"

    node_modules/.pnpm/react-aria-components@1.21._b5cfd5b3f7fdf12844df94706b6190db/node_modules/react-aria-components/dist/private/Modal.mjs:11:105:
      11 │ ...JBoF$useEnterAnimation} from "react-aria/private/utils/animation";
         ╵                                 ~~~~~~~~~~~~~~~~~~~~~~~~~~~~~~~~~~~~

  The module "./dist/exports/private/utils/animation.mjs" was not found on the file system:

    node_modules/.pnpm/node_modules/react-aria/package.json:30:16:
      30 │       "import": "./dist/exports/*.mjs",
         ╵                 ~~~~~~~~~~~~~~~~~~~~~~

  You can mark the path "react-aria/private/utils/animation" as external to exclude it from the bundle, which will remove this error and leave the unresolved path in the bundle.

X [ERROR] Could not resolve "react-aria/useToggleButtonGroup"

    node_modules/.pnpm/react-aria-components@1.21._b5cfd5b3f7fdf12844df94706b6190db/node_modules/react-aria-components/dist/private/ToggleButton.mjs:11:74:
      11 │ ...$useToggleButtonGroupItem} from "react-aria/useToggleButtonGroup";
         ╵                                    ~~~~~~~~~~~~~~~~~~~~~~~~~~~~~~~~~

  The module "./dist/exports/useToggleButtonGroup.mjs" was not found on the file system:

    node_modules/.pnpm/node_modules/react-aria/package.json:30:16:
      30 │       "import": "./dist/exports/*.mjs",
         ╵                 ~~~~~~~~~~~~~~~~~~~~~~

  You can mark the path "react-aria/useToggleButtonGroup" as external to exclude it from the bundle, which will remove this error and leave the unresolved path in the bundle.

X [ERROR] Could not resolve "react-aria/mergeProps"

    node_modules/.pnpm/react-aria-components@1.21._b5cfd5b3f7fdf12844df94706b6190db/node_modules/react-aria-components/dist/private/TagGroup.mjs:16:46:
      16 │ ...rt {mergeProps as $ck0pj$mergeProps} from "react-aria/mergeProps";
         ╵                                              ~~~~~~~~~~~~~~~~~~~~~~~

  The module "./dist/exports/mergeProps.mjs" was not found on the file system:

    node_modules/.pnpm/node_modules/react-aria/package.json:30:16:
      30 │       "import": "./dist/exports/*.mjs",
         ╵                 ~~~~~~~~~~~~~~~~~~~~~~

  You can mark the path "react-aria/mergeProps" as external to exclude it from the bundle, which will remove this error and leave the unresolved path in the bundle.

X [ERROR] Could not resolve "react-aria/VisuallyHidden"

    node_modules/.pnpm/react-aria-components@1.21._b5cfd5b3f7fdf12844df94706b6190db/node_modules/react-aria-components/dist/private/Slider.mjs:12:54:
      12 │ ...Hidden as $270k0$VisuallyHidden} from "react-aria/VisuallyHidden";
         ╵                                          ~~~~~~~~~~~~~~~~~~~~~~~~~~~

  The module "./dist/exports/VisuallyHidden.mjs" was not found on the file system:

    node_modules/.pnpm/node_modules/react-aria/package.json:30:16:
      30 │       "import": "./dist/exports/*.mjs",
         ╵                 ~~~~~~~~~~~~~~~~~~~~~~

  You can mark the path "react-aria/VisuallyHidden" as external to exclude it from the bundle, which will remove this error and leave the unresolved path in the bundle.

X [ERROR] Could not resolve "react-aria/useHover"

    node_modules/.pnpm/react-aria-components@1.21._b5cfd5b3f7fdf12844df94706b6190db/node_modules/react-aria-components/dist/private/Switch.mjs:12:42:
      12 │ import {useHover as $kf3DM$useHover} from "react-aria/useHover";
         ╵                                           ~~~~~~~~~~~~~~~~~~~~~

  The module "./dist/exports/useHover.mjs" was not found on the file system:

    node_modules/.pnpm/node_modules/react-aria/package.json:30:16:
      30 │       "import": "./dist/exports/*.mjs",
         ╵                 ~~~~~~~~~~~~~~~~~~~~~~

  You can mark the path "react-aria/useHover" as external to exclude it from the bundle, which will remove this error and leave the unresolved path in the bundle.

X [ERROR] Could not resolve "react-aria/useOverlayTrigger"

    node_modules/.pnpm/react-aria-components@1.21._b5cfd5b3f7fdf12844df94706b6190db/node_modules/react-aria-components/dist/private/Dialog.mjs:15:60:
      15 │ ... as $gV8PY$useOverlayTrigger} from "react-aria/useOverlayTrigger";
         ╵                                       ~~~~~~~~~~~~~~~~~~~~~~~~~~~~~~

  The module "./dist/exports/useOverlayTrigger.mjs" was not found on the file system:

    node_modules/.pnpm/node_modules/react-aria/package.json:30:16:
      30 │       "import": "./dist/exports/*.mjs",
         ╵                 ~~~~~~~~~~~~~~~~~~~~~~

  You can mark the path "react-aria/useOverlayTrigger" as external to exclude it from the bundle, which will remove this error and leave the unresolved path in the bundle.

X [ERROR] Could not resolve "react-aria/useFocusRing"

    node_modules/.pnpm/react-aria-components@1.21._b5cfd5b3f7fdf12844df94706b6190db/node_modules/react-aria-components/dist/private/Checkbox.mjs:13:50:
      13 │ ...eFocusRing as $j1L6B$useFocusRing} from "react-aria/useFocusRing";
         ╵                                            ~~~~~~~~~~~~~~~~~~~~~~~~~

  The module "./dist/exports/useFocusRing.mjs" was not found on the file system:

    node_modules/.pnpm/node_modules/react-aria/package.json:30:16:
      30 │       "import": "./dist/exports/*.mjs",
         ╵                 ~~~~~~~~~~~~~~~~~~~~~~

  You can mark the path "react-aria/useFocusRing" as external to exclude it from the bundle, which will remove this error and leave the unresolved path in the bundle.

X [ERROR] Could not resolve "react-aria/private/overlays/useModal"

    node_modules/.pnpm/react-aria-components@1.21._b5cfd5b3f7fdf12844df94706b6190db/node_modules/react-aria-components/dist/private/Tooltip.mjs:7:58:
      7 │ ...nVq8$OverlayContainer} from "react-aria/private/overlays/useModal";
        ╵                                ~~~~~~~~~~~~~~~~~~~~~~~~~~~~~~~~~~~~~~

  The module "./dist/exports/private/overlays/useModal.mjs" was not found on the file system:

    node_modules/.pnpm/node_modules/react-aria/package.json:30:16:
      30 │       "import": "./dist/exports/*.mjs",
         ╵                 ~~~~~~~~~~~~~~~~~~~~~~

  You can mark the path "react-aria/private/overlays/useModal" as external to exclude it from the bundle, which will remove this error and leave the unresolved path in the bundle.

X [ERROR] Could not resolve "react-aria/Pressable"

    node_modules/.pnpm/react-aria-components@1.21._b5cfd5b3f7fdf12844df94706b6190db/node_modules/react-aria-components/dist/exports/index.mjs:79:65:
      79 │ ...a3be900807531178$re_export$Pressable} from "react-aria/Pressable";
         ╵                                               ~~~~~~~~~~~~~~~~~~~~~~

  The module "./dist/exports/Pressable.mjs" was not found on the file system:

    node_modules/.pnpm/node_modules/react-aria/package.json:30:16:
      30 │       "import": "./dist/exports/*.mjs",
         ╵                 ~~~~~~~~~~~~~~~~~~~~~~

  You can mark the path "react-aria/Pressable" as external to exclude it from the bundle, which will remove this error and leave the unresolved path in the bundle.

X [ERROR] Could not resolve "react-aria/private/collections/Hidden"

    node_modules/.pnpm/react-aria-components@1.21._b5cfd5b3f7fdf12844df94706b6190db/node_modules/react-aria-components/dist/private/ComboBox.mjs:16:72:
      16 │ ...teHideableComponent} from "react-aria/private/collections/Hidden";
         ╵                              ~~~~~~~~~~~~~~~~~~~~~~~~~~~~~~~~~~~~~~~

  The module "./dist/exports/private/collections/Hidden.mjs" was not found on the file system:

    node_modules/.pnpm/node_modules/react-aria/package.json:30:16:
      30 │       "import": "./dist/exports/*.mjs",
         ╵                 ~~~~~~~~~~~~~~~~~~~~~~

  You can mark the path "react-aria/private/collections/Hidden" as external to exclude it from the bundle, which will remove this error and leave the unresolved path in the bundle.

X [ERROR] Could not resolve "react-aria/mergeProps"

    node_modules/.pnpm/react-aria-components@1.21._b5cfd5b3f7fdf12844df94706b6190db/node_modules/react-aria-components/dist/private/Breadcrumbs.mjs:9:46:
      9 │ import {mergeProps as $hEiKI$mergeProps} from "react-aria/mergeProps";
        ╵                                               ~~~~~~~~~~~~~~~~~~~~~~~

  The module "./dist/exports/mergeProps.mjs" was not found on the file system:

    node_modules/.pnpm/node_modules/react-aria/package.json:30:16:
      30 │       "import": "./dist/exports/*.mjs",
         ╵                 ~~~~~~~~~~~~~~~~~~~~~~

  You can mark the path "react-aria/mergeProps" as external to exclude it from the bundle, which will remove this error and leave the unresolved path in the bundle.

X [ERROR] Could not resolve "react-aria/SSRProvider"

    node_modules/.pnpm/react-aria-components@1.21._b5cfd5b3f7fdf12844df94706b6190db/node_modules/react-aria-components/dist/private/Toast.mjs:12:42:
      12 │ import {useIsSSR as $jzto3$useIsSSR} from "react-aria/SSRProvider";
         ╵                                           ~~~~~~~~~~~~~~~~~~~~~~~~

  The module "./dist/exports/SSRProvider.mjs" was not found on the file system:

    node_modules/.pnpm/node_modules/react-aria/package.json:30:16:
      30 │       "import": "./dist/exports/*.mjs",
         ╵                 ~~~~~~~~~~~~~~~~~~~~~~

  You can mark the path "react-aria/SSRProvider" as external to exclude it from the bundle, which will remove this error and leave the unresolved path in the bundle.

X [ERROR] Could not resolve "react-aria/private/collections/BaseCollection"

    node_modules/.pnpm/react-aria-components@1.21._b5cfd5b3f7fdf12844df94706b6190db/node_modules/react-aria-components/dist/private/ListBox.mjs:16:110:
      16 │ ...$LoaderNode} from "react-aria/private/collections/BaseCollection";
         ╵                      ~~~~~~~~~~~~~~~~~~~~~~~~~~~~~~~~~~~~~~~~~~~~~~~

  The module "./dist/exports/private/collections/BaseCollection.mjs" was not found on the file system:

    node_modules/.pnpm/node_modules/react-aria/package.json:30:16:
      30 │       "import": "./dist/exports/*.mjs",
         ╵                 ~~~~~~~~~~~~~~~~~~~~~~

  You can mark the path "react-aria/private/collections/BaseCollection" as external to exclude it from the bundle, which will remove this error and leave the unresolved path in the bundle.

X [ERROR] Could not resolve "react-aria/useHover"

    node_modules/.pnpm/react-aria-components@1.21._b5cfd5b3f7fdf12844df94706b6190db/node_modules/react-aria-components/dist/private/Calendar.mjs:14:42:
      14 │ import {useHover as $drly1$useHover} from "react-aria/useHover";
         ╵                                           ~~~~~~~~~~~~~~~~~~~~~

  The module "./dist/exports/useHover.mjs" was not found on the file system:

    node_modules/.pnpm/node_modules/react-aria/package.json:30:16:
      30 │       "import": "./dist/exports/*.mjs",
         ╵                 ~~~~~~~~~~~~~~~~~~~~~~

  You can mark the path "react-aria/useHover" as external to exclude it from the bundle, which will remove this error and leave the unresolved path in the bundle.

X [ERROR] Could not resolve "react-aria/useHover"

    node_modules/.pnpm/react-aria-components@1.21._b5cfd5b3f7fdf12844df94706b6190db/node_modules/react-aria-components/dist/private/Button.mjs:10:42:
      10 │ import {useHover as $9s8kH$useHover} from "react-aria/useHover";
         ╵                                           ~~~~~~~~~~~~~~~~~~~~~

  The module "./dist/exports/useHover.mjs" was not found on the file system:

    node_modules/.pnpm/node_modules/react-aria/package.json:30:16:
      30 │       "import": "./dist/exports/*.mjs",
         ╵                 ~~~~~~~~~~~~~~~~~~~~~~

  You can mark the path "react-aria/useHover" as external to exclude it from the bundle, which will remove this error and leave the unresolved path in the bundle.

X [ERROR] Could not resolve "react-aria/useId"

    node_modules/.pnpm/react-aria-components@1.21._b5cfd5b3f7fdf12844df94706b6190db/node_modules/react-aria-components/dist/private/Disclosure.mjs:11:36:
      11 │ import {useId as $evqUs$useId} from "react-aria/useId";
         ╵                                     ~~~~~~~~~~~~~~~~~~

  The module "./dist/exports/useId.mjs" was not found on the file system:

    node_modules/.pnpm/node_modules/react-aria/package.json:30:16:
      30 │       "import": "./dist/exports/*.mjs",
         ╵                 ~~~~~~~~~~~~~~~~~~~~~~

  You can mark the path "react-aria/useId" as external to exclude it from the bundle, which will remove this error and leave the unresolved path in the bundle.

X [ERROR] Could not resolve "react-aria/mergeProps"

    node_modules/.pnpm/@react-aria+utils@3.34.1_re_99a585eb891972086b0f4d932b80d394/node_modules/@react-aria/utils/dist/import.mjs:10:67:
      10 │ ...ea2faf2ebe4d2f$re_export$mergeProps} from "react-aria/mergeProps";
         ╵                                              ~~~~~~~~~~~~~~~~~~~~~~~

  The module "./dist/exports/mergeProps.mjs" was not found on the file system:

    node_modules/.pnpm/node_modules/react-aria/package.json:30:16:
      30 │       "import": "./dist/exports/*.mjs",
         ╵                 ~~~~~~~~~~~~~~~~~~~~~~

  You can mark the path "react-aria/mergeProps" as external to exclude it from the bundle, which will remove this error and leave the unresolved path in the bundle.

X [ERROR] Could not resolve "react-aria/useFocusRing"

    node_modules/.pnpm/react-aria-components@1.21._b5cfd5b3f7fdf12844df94706b6190db/node_modules/react-aria-components/dist/private/Select.mjs:18:50:
      18 │ ...eFocusRing as $2l4Cq$useFocusRing} from "react-aria/useFocusRing";
         ╵                                            ~~~~~~~~~~~~~~~~~~~~~~~~~

  The module "./dist/exports/useFocusRing.mjs" was not found on the file system:

    node_modules/.pnpm/node_modules/react-aria/package.json:30:16:
      30 │       "import": "./dist/exports/*.mjs",
         ╵                 ~~~~~~~~~~~~~~~~~~~~~~

  You can mark the path "react-aria/useFocusRing" as external to exclude it from the bundle, which will remove this error and leave the unresolved path in the bundle.

X [ERROR] Could not resolve "react-aria/I18nProvider"

    node_modules/.pnpm/react-aria-components@1.21._b5cfd5b3f7fdf12844df94706b6190db/node_modules/react-aria-components/dist/private/DateField.mjs:19:44:
      19 │ ...rt {useLocale as $lX0XJ$useLocale} from "react-aria/I18nProvider";
         ╵                                            ~~~~~~~~~~~~~~~~~~~~~~~~~

  The module "./dist/exports/I18nProvider.mjs" was not found on the file system:

    node_modules/.pnpm/node_modules/react-aria/package.json:30:16:
      30 │       "import": "./dist/exports/*.mjs",
         ╵                 ~~~~~~~~~~~~~~~~~~~~~~

  You can mark the path "react-aria/I18nProvider" as external to exclude it from the bundle, which will remove this error and leave the unresolved path in the bundle.

X [ERROR] Could not resolve "react-aria/FocusScope"

    node_modules/.pnpm/react-aria-components@1.21._b5cfd5b3f7fdf12844df94706b6190db/node_modules/react-aria-components/dist/private/Table.mjs:16:46:
      16 │ ...rt {FocusScope as $8WNJc$FocusScope} from "react-aria/FocusScope";
         ╵                                              ~~~~~~~~~~~~~~~~~~~~~~~

  The module "./dist/exports/FocusScope.mjs" was not found on the file system:

    node_modules/.pnpm/node_modules/react-aria/package.json:30:16:
      30 │       "import": "./dist/exports/*.mjs",
         ╵                 ~~~~~~~~~~~~~~~~~~~~~~

  You can mark the path "react-aria/FocusScope" as external to exclude it from the bundle, which will remove this error and leave the unresolved path in the bundle.

X [ERROR] Could not resolve "react-aria/private/utils/inertValue"

    node_modules/.pnpm/react-aria-components@1.21._b5cfd5b3f7fdf12844df94706b6190db/node_modules/react-aria-components/dist/private/Tabs.mjs:11:46:
      11 │ ... as $4KeVI$inertValue} from "react-aria/private/utils/inertValue";
         ╵                                ~~~~~~~~~~~~~~~~~~~~~~~~~~~~~~~~~~~~~

  The module "./dist/exports/private/utils/inertValue.mjs" was not found on the file system:

    node_modules/.pnpm/node_modules/react-aria/package.json:30:16:
      30 │       "import": "./dist/exports/*.mjs",
         ╵                 ~~~~~~~~~~~~~~~~~~~~~~

  You can mark the path "react-aria/private/utils/inertValue" as external to exclude it from the bundle, which will remove this error and leave the unresolved path in the bundle.

X [ERROR] Could not resolve "react-aria/FocusScope"

    node_modules/.pnpm/react-aria-components@1.21._b5cfd5b3f7fdf12844df94706b6190db/node_modules/react-aria-components/dist/private/Menu.mjs:18:46:
      18 │ ...rt {FocusScope as $7xe5e$FocusScope} from "react-aria/FocusScope";
         ╵                                              ~~~~~~~~~~~~~~~~~~~~~~~

  The module "./dist/exports/FocusScope.mjs" was not found on the file system:

    node_modules/.pnpm/node_modules/react-aria/package.json:30:16:
      30 │       "import": "./dist/exports/*.mjs",
         ╵                 ~~~~~~~~~~~~~~~~~~~~~~

  You can mark the path "react-aria/FocusScope" as external to exclude it from the bundle, which will remove this error and leave the unresolved path in the bundle.

X [ERROR] Could not resolve "react-aria/mergeProps"

    node_modules/.pnpm/react-aria-components@1.21._b5cfd5b3f7fdf12844df94706b6190db/node_modules/react-aria-components/dist/private/Popover.mjs:10:46:
      10 │ ...rt {mergeProps as $g4jvP$mergeProps} from "react-aria/mergeProps";
         ╵                                              ~~~~~~~~~~~~~~~~~~~~~~~

  The module "./dist/exports/mergeProps.mjs" was not found on the file system:

    node_modules/.pnpm/node_modules/react-aria/package.json:30:16:
      30 │       "import": "./dist/exports/*.mjs",
         ╵                 ~~~~~~~~~~~~~~~~~~~~~~

  You can mark the path "react-aria/mergeProps" as external to exclude it from the bundle, which will remove this error and leave the unresolved path in the bundle.

X [ERROR] Could not resolve "react-aria/useObjectRef"

    node_modules/.pnpm/react-aria-components@1.21._b5cfd5b3f7fdf12844df94706b6190db/node_modules/react-aria-components/dist/private/RadioGroup.mjs:16:50:
      16 │ ...eObjectRef as $64B8K$useObjectRef} from "react-aria/useObjectRef";
         ╵                                            ~~~~~~~~~~~~~~~~~~~~~~~~~

  The module "./dist/exports/useObjectRef.mjs" was not found on the file system:

    node_modules/.pnpm/node_modules/react-aria/package.json:30:16:
      30 │       "import": "./dist/exports/*.mjs",
         ╵                 ~~~~~~~~~~~~~~~~~~~~~~

  You can mark the path "react-aria/useObjectRef" as external to exclude it from the bundle, which will remove this error and leave the unresolved path in the bundle.

X [ERROR] Could not resolve "react-aria/private/utils/shadowdom/DOMFunctions"

    node_modules/.pnpm/react-aria-components@1.21._b5cfd5b3f7fdf12844df94706b6190db/node_modules/react-aria-components/dist/private/HiddenDateInput.mjs:2:54:
      2 │ ...ventTarget} from "react-aria/private/utils/shadowdom/DOMFunctions";
        ╵                     ~~~~~~~~~~~~~~~~~~~~~~~~~~~~~~~~~~~~~~~~~~~~~~~~~

  The module "./dist/exports/private/utils/shadowdom/DOMFunctions.mjs" was not found on the file system:

    node_modules/.pnpm/node_modules/react-aria/package.json:30:16:
      30 │       "import": "./dist/exports/*.mjs",
         ╵                 ~~~~~~~~~~~~~~~~~~~~~~

  You can mark the path "react-aria/private/utils/shadowdom/DOMFunctions" as external to exclude it from the bundle, which will remove this error and leave the unresolved path in the bundle.

X [ERROR] Could not resolve "react-aria/SSRProvider"

    node_modules/.pnpm/react-aria-components@1.21._b5cfd5b3f7fdf12844df94706b6190db/node_modules/react-aria-components/dist/private/Modal.mjs:12:42:
      12 │ import {useIsSSR as $gJBoF$useIsSSR} from "react-aria/SSRProvider";
         ╵                                           ~~~~~~~~~~~~~~~~~~~~~~~~

  The module "./dist/exports/SSRProvider.mjs" was not found on the file system:

    node_modules/.pnpm/node_modules/react-aria/package.json:30:16:
      30 │       "import": "./dist/exports/*.mjs",
         ╵                 ~~~~~~~~~~~~~~~~~~~~~~

  You can mark the path "react-aria/SSRProvider" as external to exclude it from the bundle, which will remove this error and leave the unresolved path in the bundle.

X [ERROR] Could not resolve "react-aria/useFocusRing"

    node_modules/.pnpm/react-aria-components@1.21._b5cfd5b3f7fdf12844df94706b6190db/node_modules/react-aria-components/dist/private/TagGroup.mjs:18:50:
      18 │ ...eFocusRing as $ck0pj$useFocusRing} from "react-aria/useFocusRing";
         ╵                                            ~~~~~~~~~~~~~~~~~~~~~~~~~

  The module "./dist/exports/useFocusRing.mjs" was not found on the file system:

    node_modules/.pnpm/node_modules/react-aria/package.json:30:16:
      30 │       "import": "./dist/exports/*.mjs",
         ╵                 ~~~~~~~~~~~~~~~~~~~~~~

  You can mark the path "react-aria/useFocusRing" as external to exclude it from the bundle, which will remove this error and leave the unresolved path in the bundle.

X [ERROR] Could not resolve "react-aria/useObjectRef"

    node_modules/.pnpm/react-aria-components@1.21._b5cfd5b3f7fdf12844df94706b6190db/node_modules/react-aria-components/dist/private/Switch.mjs:13:50:
      13 │ ...eObjectRef as $kf3DM$useObjectRef} from "react-aria/useObjectRef";
         ╵                                            ~~~~~~~~~~~~~~~~~~~~~~~~~

  The module "./dist/exports/useObjectRef.mjs" was not found on the file system:

    node_modules/.pnpm/node_modules/react-aria/package.json:30:16:
      30 │       "import": "./dist/exports/*.mjs",
         ╵                 ~~~~~~~~~~~~~~~~~~~~~~

  You can mark the path "react-aria/useObjectRef" as external to exclude it from the bundle, which will remove this error and leave the unresolved path in the bundle.

X [ERROR] Could not resolve "react-aria/useHover"

    node_modules/.pnpm/react-aria-components@1.21._b5cfd5b3f7fdf12844df94706b6190db/node_modules/react-aria-components/dist/private/Checkbox.mjs:14:42:
      14 │ import {useHover as $j1L6B$useHover} from "react-aria/useHover";
         ╵                                           ~~~~~~~~~~~~~~~~~~~~~

  The module "./dist/exports/useHover.mjs" was not found on the file system:

    node_modules/.pnpm/node_modules/react-aria/package.json:30:16:
      30 │       "import": "./dist/exports/*.mjs",
         ╵                 ~~~~~~~~~~~~~~~~~~~~~~

  You can mark the path "react-aria/useHover" as external to exclude it from the bundle, which will remove this error and leave the unresolved path in the bundle.

X [ERROR] Could not resolve "react-aria/Focusable"

    node_modules/.pnpm/react-aria-components@1.21._b5cfd5b3f7fdf12844df94706b6190db/node_modules/react-aria-components/dist/exports/index.mjs:80:65:
      80 │ ...a3be900807531178$re_export$Focusable} from "react-aria/Focusable";
         ╵                                               ~~~~~~~~~~~~~~~~~~~~~~

  The module "./dist/exports/Focusable.mjs" was not found on the file system:

    node_modules/.pnpm/node_modules/react-aria/package.json:30:16:
      30 │       "import": "./dist/exports/*.mjs",
         ╵                 ~~~~~~~~~~~~~~~~~~~~~~

  You can mark the path "react-aria/Focusable" as external to exclude it from the bundle, which will remove this error and leave the unresolved path in the bundle.

X [ERROR] Could not resolve "react-aria/private/utils/animation"

    node_modules/.pnpm/react-aria-components@1.21._b5cfd5b3f7fdf12844df94706b6190db/node_modules/react-aria-components/dist/private/Tooltip.mjs:10:105:
      10 │ ...nVq8$useEnterAnimation} from "react-aria/private/utils/animation";
         ╵                                 ~~~~~~~~~~~~~~~~~~~~~~~~~~~~~~~~~~~~

  The module "./dist/exports/private/utils/animation.mjs" was not found on the file system:

    node_modules/.pnpm/node_modules/react-aria/package.json:30:16:
      30 │       "import": "./dist/exports/*.mjs",
         ╵                 ~~~~~~~~~~~~~~~~~~~~~~

  You can mark the path "react-aria/private/utils/animation" as external to exclude it from the bundle, which will remove this error and leave the unresolved path in the bundle.

X [ERROR] Could not resolve "react-aria/filterDOMProps"

    node_modules/.pnpm/react-aria-components@1.21._b5cfd5b3f7fdf12844df94706b6190db/node_modules/react-aria-components/dist/private/ComboBox.mjs:17:54:
      17 │ ...MProps as $er33p$filterDOMProps} from "react-aria/filterDOMProps";
         ╵                                          ~~~~~~~~~~~~~~~~~~~~~~~~~~~

  The module "./dist/exports/filterDOMProps.mjs" was not found on the file system:

    node_modules/.pnpm/node_modules/react-aria/package.json:30:16:
      30 │       "import": "./dist/exports/*.mjs",
         ╵                 ~~~~~~~~~~~~~~~~~~~~~~

  You can mark the path "react-aria/filterDOMProps" as external to exclude it from the bundle, which will remove this error and leave the unresolved path in the bundle.

X [ERROR] Could not resolve "react-aria/I18nProvider"

    node_modules/.pnpm/react-aria-components@1.21._b5cfd5b3f7fdf12844df94706b6190db/node_modules/react-aria-components/dist/private/Toast.mjs:13:44:
      13 │ ...rt {useLocale as $jzto3$useLocale} from "react-aria/I18nProvider";
         ╵                                            ~~~~~~~~~~~~~~~~~~~~~~~~~

  The module "./dist/exports/I18nProvider.mjs" was not found on the file system:

    node_modules/.pnpm/node_modules/react-aria/package.json:30:16:
      30 │       "import": "./dist/exports/*.mjs",
         ╵                 ~~~~~~~~~~~~~~~~~~~~~~

  You can mark the path "react-aria/I18nProvider" as external to exclude it from the bundle, which will remove this error and leave the unresolved path in the bundle.

X [ERROR] Could not resolve "react-aria/ListKeyboardDelegate"

    node_modules/.pnpm/react-aria-components@1.21._b5cfd5b3f7fdf12844df94706b6190db/node_modules/react-aria-components/dist/private/ListBox.mjs:17:66:
      17 │ ...4d6w$ListKeyboardDelegate} from "react-aria/ListKeyboardDelegate";
         ╵                                    ~~~~~~~~~~~~~~~~~~~~~~~~~~~~~~~~~

  The module "./dist/exports/ListKeyboardDelegate.mjs" was not found on the file system:

    node_modules/.pnpm/node_modules/react-aria/package.json:30:16:
      30 │       "import": "./dist/exports/*.mjs",
         ╵                 ~~~~~~~~~~~~~~~~~~~~~~

  You can mark the path "react-aria/ListKeyboardDelegate" as external to exclude it from the bundle, which will remove this error and leave the unresolved path in the bundle.

X [ERROR] Could not resolve "react-aria/CollectionBuilder"

    node_modules/.pnpm/react-aria-components@1.21._b5cfd5b3f7fdf12844df94706b6190db/node_modules/react-aria-components/dist/private/Collection.mjs:1:68:
      1 │ ... $f0m83$createBranchComponent} from "react-aria/CollectionBuilder";
        ╵                                        ~~~~~~~~~~~~~~~~~~~~~~~~~~~~~~

  The module "./dist/exports/CollectionBuilder.mjs" was not found on the file system:

    node_modules/.pnpm/node_modules/react-aria/package.json:30:16:
      30 │       "import": "./dist/exports/*.mjs",
         ╵                 ~~~~~~~~~~~~~~~~~~~~~~

  You can mark the path "react-aria/CollectionBuilder" as external to exclude it from the bundle, which will remove this error and leave the unresolved path in the bundle.

X [ERROR] Could not resolve "react-aria/I18nProvider"

    node_modules/.pnpm/react-aria-components@1.21._b5cfd5b3f7fdf12844df94706b6190db/node_modules/react-aria-components/dist/private/Calendar.mjs:15:44:
      15 │ ...rt {useLocale as $drly1$useLocale} from "react-aria/I18nProvider";
         ╵                                            ~~~~~~~~~~~~~~~~~~~~~~~~~

  The module "./dist/exports/I18nProvider.mjs" was not found on the file system:

    node_modules/.pnpm/node_modules/react-aria/package.json:30:16:
      30 │       "import": "./dist/exports/*.mjs",
         ╵                 ~~~~~~~~~~~~~~~~~~~~~~

  You can mark the path "react-aria/I18nProvider" as external to exclude it from the bundle, which will remove this error and leave the unresolved path in the bundle.

X [ERROR] Could not resolve "react-aria/useId"

    node_modules/.pnpm/react-aria-components@1.21._b5cfd5b3f7fdf12844df94706b6190db/node_modules/react-aria-components/dist/private/Button.mjs:11:36:
      11 │ import {useId as $9s8kH$useId} from "react-aria/useId";
         ╵                                     ~~~~~~~~~~~~~~~~~~

  The module "./dist/exports/useId.mjs" was not found on the file system:

    node_modules/.pnpm/node_modules/react-aria/package.json:30:16:
      30 │       "import": "./dist/exports/*.mjs",
         ╵                 ~~~~~~~~~~~~~~~~~~~~~~

  You can mark the path "react-aria/useId" as external to exclude it from the bundle, which will remove this error and leave the unresolved path in the bundle.

X [ERROR] Could not resolve "react-aria/mergeRefs"

    node_modules/.pnpm/@react-aria+utils@3.34.1_re_99a585eb891972086b0f4d932b80d394/node_modules/@react-aria/utils/dist/import.mjs:11:65:
      11 │ ...a8ea2faf2ebe4d2f$re_export$mergeRefs} from "react-aria/mergeRefs";
         ╵                                               ~~~~~~~~~~~~~~~~~~~~~~

  The module "./dist/exports/mergeRefs.mjs" was not found on the file system:

    node_modules/.pnpm/node_modules/react-aria/package.json:30:16:
      30 │       "import": "./dist/exports/*.mjs",
         ╵                 ~~~~~~~~~~~~~~~~~~~~~~

  You can mark the path "react-aria/mergeRefs" as external to exclude it from the bundle, which will remove this error and leave the unresolved path in the bundle.

X [ERROR] Could not resolve "react-aria/useListFormatter"

    node_modules/.pnpm/react-aria-components@1.21._b5cfd5b3f7fdf12844df94706b6190db/node_modules/react-aria-components/dist/private/Select.mjs:19:58:
      19 │ ...er as $2l4Cq$useListFormatter} from "react-aria/useListFormatter";
         ╵                                        ~~~~~~~~~~~~~~~~~~~~~~~~~~~~~

  The module "./dist/exports/useListFormatter.mjs" was not found on the file system:

    node_modules/.pnpm/node_modules/react-aria/package.json:30:16:
      30 │       "import": "./dist/exports/*.mjs",
         ╵                 ~~~~~~~~~~~~~~~~~~~~~~

  You can mark the path "react-aria/useListFormatter" as external to exclude it from the bundle, which will remove this error and leave the unresolved path in the bundle.

X [ERROR] Could not resolve "react-aria/useObjectRef"

    node_modules/.pnpm/react-aria-components@1.21._b5cfd5b3f7fdf12844df94706b6190db/node_modules/react-aria-components/dist/private/DateField.mjs:20:50:
      20 │ ...eObjectRef as $lX0XJ$useObjectRef} from "react-aria/useObjectRef";
         ╵                                            ~~~~~~~~~~~~~~~~~~~~~~~~~

  The module "./dist/exports/useObjectRef.mjs" was not found on the file system:

    node_modules/.pnpm/node_modules/react-aria/package.json:30:16:
      30 │       "import": "./dist/exports/*.mjs",
         ╵                 ~~~~~~~~~~~~~~~~~~~~~~

  You can mark the path "react-aria/useObjectRef" as external to exclude it from the bundle, which will remove this error and leave the unresolved path in the bundle.

X [ERROR] Could not resolve "react-aria/private/utils/inertValue"

    node_modules/.pnpm/react-aria-components@1.21._b5cfd5b3f7fdf12844df94706b6190db/node_modules/react-aria-components/dist/private/Table.mjs:17:46:
      17 │ ... as $8WNJc$inertValue} from "react-aria/private/utils/inertValue";
         ╵                                ~~~~~~~~~~~~~~~~~~~~~~~~~~~~~~~~~~~~~

  The module "./dist/exports/private/utils/inertValue.mjs" was not found on the file system:

    node_modules/.pnpm/node_modules/react-aria/package.json:30:16:
      30 │       "import": "./dist/exports/*.mjs",
         ╵                 ~~~~~~~~~~~~~~~~~~~~~~

  You can mark the path "react-aria/private/utils/inertValue" as external to exclude it from the bundle, which will remove this error and leave the unresolved path in the bundle.

X [ERROR] Could not resolve "react-aria/mergeProps"

    node_modules/.pnpm/react-aria-components@1.21._b5cfd5b3f7fdf12844df94706b6190db/node_modules/react-aria-components/dist/private/Tabs.mjs:12:46:
      12 │ ...rt {mergeProps as $4KeVI$mergeProps} from "react-aria/mergeProps";
         ╵                                              ~~~~~~~~~~~~~~~~~~~~~~~

  The module "./dist/exports/mergeProps.mjs" was not found on the file system:

    node_modules/.pnpm/node_modules/react-aria/package.json:30:16:
      30 │       "import": "./dist/exports/*.mjs",
         ╵                 ~~~~~~~~~~~~~~~~~~~~~~

  You can mark the path "react-aria/mergeProps" as external to exclude it from the bundle, which will remove this error and leave the unresolved path in the bundle.

X [ERROR] Could not resolve "react-aria/private/utils/inertValue"

    node_modules/.pnpm/react-aria-components@1.21._b5cfd5b3f7fdf12844df94706b6190db/node_modules/react-aria-components/dist/private/Menu.mjs:19:46:
      19 │ ... as $7xe5e$inertValue} from "react-aria/private/utils/inertValue";
         ╵                                ~~~~~~~~~~~~~~~~~~~~~~~~~~~~~~~~~~~~~

  The module "./dist/exports/private/utils/inertValue.mjs" was not found on the file system:

    node_modules/.pnpm/node_modules/react-aria/package.json:30:16:
      30 │       "import": "./dist/exports/*.mjs",
         ╵                 ~~~~~~~~~~~~~~~~~~~~~~

  You can mark the path "react-aria/private/utils/inertValue" as external to exclude it from the bundle, which will remove this error and leave the unresolved path in the bundle.

X [ERROR] Could not resolve "react-aria/VisuallyHidden"

    node_modules/.pnpm/react-aria-components@1.21._b5cfd5b3f7fdf12844df94706b6190db/node_modules/react-aria-components/dist/private/RadioGroup.mjs:17:54:
      17 │ ...Hidden as $64B8K$VisuallyHidden} from "react-aria/VisuallyHidden";
         ╵                                          ~~~~~~~~~~~~~~~~~~~~~~~~~~~

  The module "./dist/exports/VisuallyHidden.mjs" was not found on the file system:

    node_modules/.pnpm/node_modules/react-aria/package.json:30:16:
      30 │       "import": "./dist/exports/*.mjs",
         ╵                 ~~~~~~~~~~~~~~~~~~~~~~

  You can mark the path "react-aria/VisuallyHidden" as external to exclude it from the bundle, which will remove this error and leave the unresolved path in the bundle.

X [ERROR] Could not resolve "react-aria/private/utils/animation"

    node_modules/.pnpm/react-aria-components@1.21._b5cfd5b3f7fdf12844df94706b6190db/node_modules/react-aria-components/dist/private/Popover.mjs:13:105:
      13 │ ...4jvP$useEnterAnimation} from "react-aria/private/utils/animation";
         ╵                                 ~~~~~~~~~~~~~~~~~~~~~~~~~~~~~~~~~~~~

  The module "./dist/exports/private/utils/animation.mjs" was not found on the file system:

    node_modules/.pnpm/node_modules/react-aria/package.json:30:16:
      30 │       "import": "./dist/exports/*.mjs",
         ╵                 ~~~~~~~~~~~~~~~~~~~~~~

  You can mark the path "react-aria/private/utils/animation" as external to exclude it from the bundle, which will remove this error and leave the unresolved path in the bundle.

X [ERROR] Could not resolve "react-aria/VisuallyHidden"

    node_modules/.pnpm/react-aria-components@1.21._b5cfd5b3f7fdf12844df94706b6190db/node_modules/react-aria-components/dist/private/HiddenDateInput.mjs:4:60:
      4 │ ...dden as $9FtGl$useVisuallyHidden} from "react-aria/VisuallyHidden";
        ╵                                           ~~~~~~~~~~~~~~~~~~~~~~~~~~~

  The module "./dist/exports/VisuallyHidden.mjs" was not found on the file system:

    node_modules/.pnpm/node_modules/react-aria/package.json:30:16:
      30 │       "import": "./dist/exports/*.mjs",
         ╵                 ~~~~~~~~~~~~~~~~~~~~~~

  You can mark the path "react-aria/VisuallyHidden" as external to exclude it from the bundle, which will remove this error and leave the unresolved path in the bundle.

X [ERROR] Could not resolve "react-aria/useObjectRef"

    node_modules/.pnpm/react-aria-components@1.21._b5cfd5b3f7fdf12844df94706b6190db/node_modules/react-aria-components/dist/private/Modal.mjs:13:50:
      13 │ ...eObjectRef as $gJBoF$useObjectRef} from "react-aria/useObjectRef";
         ╵                                            ~~~~~~~~~~~~~~~~~~~~~~~~~

  The module "./dist/exports/useObjectRef.mjs" was not found on the file system:

    node_modules/.pnpm/node_modules/react-aria/package.json:30:16:
      30 │       "import": "./dist/exports/*.mjs",
         ╵                 ~~~~~~~~~~~~~~~~~~~~~~

  You can mark the path "react-aria/useObjectRef" as external to exclude it from the bundle, which will remove this error and leave the unresolved path in the bundle.

X [ERROR] Could not resolve "react-aria/useHover"

    node_modules/.pnpm/react-aria-components@1.21._b5cfd5b3f7fdf12844df94706b6190db/node_modules/react-aria-components/dist/private/TagGroup.mjs:19:42:
      19 │ import {useHover as $ck0pj$useHover} from "react-aria/useHover";
         ╵                                           ~~~~~~~~~~~~~~~~~~~~~

  The module "./dist/exports/useHover.mjs" was not found on the file system:

    node_modules/.pnpm/node_modules/react-aria/package.json:30:16:
      30 │       "import": "./dist/exports/*.mjs",
         ╵                 ~~~~~~~~~~~~~~~~~~~~~~

  You can mark the path "react-aria/useHover" as external to exclude it from the bundle, which will remove this error and leave the unresolved path in the bundle.

X [ERROR] Could not resolve "react-aria/VisuallyHidden"

    node_modules/.pnpm/react-aria-components@1.21._b5cfd5b3f7fdf12844df94706b6190db/node_modules/react-aria-components/dist/private/Switch.mjs:14:54:
      14 │ ...Hidden as $kf3DM$VisuallyHidden} from "react-aria/VisuallyHidden";
         ╵                                          ~~~~~~~~~~~~~~~~~~~~~~~~~~~

  The module "./dist/exports/VisuallyHidden.mjs" was not found on the file system:

    node_modules/.pnpm/node_modules/react-aria/package.json:30:16:
      30 │       "import": "./dist/exports/*.mjs",
         ╵                 ~~~~~~~~~~~~~~~~~~~~~~

  You can mark the path "react-aria/VisuallyHidden" as external to exclude it from the bundle, which will remove this error and leave the unresolved path in the bundle.

X [ERROR] Could not resolve "react-aria/useObjectRef"

    node_modules/.pnpm/react-aria-components@1.21._b5cfd5b3f7fdf12844df94706b6190db/node_modules/react-aria-components/dist/private/Checkbox.mjs:15:50:
      15 │ ...eObjectRef as $j1L6B$useObjectRef} from "react-aria/useObjectRef";
         ╵                                            ~~~~~~~~~~~~~~~~~~~~~~~~~

  The module "./dist/exports/useObjectRef.mjs" was not found on the file system:

    node_modules/.pnpm/node_modules/react-aria/package.json:30:16:
      30 │       "import": "./dist/exports/*.mjs",
         ╵                 ~~~~~~~~~~~~~~~~~~~~~~

  You can mark the path "react-aria/useObjectRef" as external to exclude it from the bundle, which will remove this error and leave the unresolved path in the bundle.

X [ERROR] Could not resolve "react-aria/VisuallyHidden"

    node_modules/.pnpm/react-aria-components@1.21._b5cfd5b3f7fdf12844df94706b6190db/node_modules/react-aria-components/dist/exports/index.mjs:81:75:
      81 │ ...531178$re_export$VisuallyHidden} from "react-aria/VisuallyHidden";
         ╵                                          ~~~~~~~~~~~~~~~~~~~~~~~~~~~

  The module "./dist/exports/VisuallyHidden.mjs" was not found on the file system:

    node_modules/.pnpm/node_modules/react-aria/package.json:30:16:
      30 │       "import": "./dist/exports/*.mjs",
         ╵                 ~~~~~~~~~~~~~~~~~~~~~~

  You can mark the path "react-aria/VisuallyHidden" as external to exclude it from the bundle, which will remove this error and leave the unresolved path in the bundle.

X [ERROR] Could not resolve "react-aria/useTooltipTrigger"

    node_modules/.pnpm/react-aria-components@1.21._b5cfd5b3f7fdf12844df94706b6190db/node_modules/react-aria-components/dist/private/Tooltip.mjs:11:93:
      11 │ ...Tooltip as $4nVq8$useTooltip} from "react-aria/useTooltipTrigger";
         ╵                                       ~~~~~~~~~~~~~~~~~~~~~~~~~~~~~~

  The module "./dist/exports/useTooltipTrigger.mjs" was not found on the file system:

    node_modules/.pnpm/node_modules/react-aria/package.json:30:16:
      30 │       "import": "./dist/exports/*.mjs",
         ╵                 ~~~~~~~~~~~~~~~~~~~~~~

  You can mark the path "react-aria/useTooltipTrigger" as external to exclude it from the bundle, which will remove this error and leave the unresolved path in the bundle.

X [ERROR] Could not resolve "react-aria/useFilter"

    node_modules/.pnpm/react-aria-components@1.21._b5cfd5b3f7fdf12844df94706b6190db/node_modules/react-aria-components/dist/private/ComboBox.mjs:19:44:
      19 │ import {useFilter as $er33p$useFilter} from "react-aria/useFilter";
         ╵                                             ~~~~~~~~~~~~~~~~~~~~~~

  The module "./dist/exports/useFilter.mjs" was not found on the file system:

    node_modules/.pnpm/node_modules/react-aria/package.json:30:16:
      30 │       "import": "./dist/exports/*.mjs",
         ╵                 ~~~~~~~~~~~~~~~~~~~~~~

  You can mark the path "react-aria/useFilter" as external to exclude it from the bundle, which will remove this error and leave the unresolved path in the bundle.

X [ERROR] Could not resolve "react-aria/useObjectRef"

    node_modules/.pnpm/react-aria-components@1.21._b5cfd5b3f7fdf12844df94706b6190db/node_modules/react-aria-components/dist/private/Toast.mjs:14:50:
      14 │ ...eObjectRef as $jzto3$useObjectRef} from "react-aria/useObjectRef";
         ╵                                            ~~~~~~~~~~~~~~~~~~~~~~~~~

  The module "./dist/exports/useObjectRef.mjs" was not found on the file system:

    node_modules/.pnpm/node_modules/react-aria/package.json:30:16:
      30 │       "import": "./dist/exports/*.mjs",
         ╵                 ~~~~~~~~~~~~~~~~~~~~~~

  You can mark the path "react-aria/useObjectRef" as external to exclude it from the bundle, which will remove this error and leave the unresolved path in the bundle.

X [ERROR] Could not resolve "react-aria/private/utils/useLoadMoreSentinel"

    node_modules/.pnpm/react-aria-components@1.21._b5cfd5b3f7fdf12844df94706b6190db/node_modules/react-aria-components/dist/private/ListBox.mjs:19:64:
      19 │ ...MoreSentinel} from "react-aria/private/utils/useLoadMoreSentinel";
         ╵                       ~~~~~~~~~~~~~~~~~~~~~~~~~~~~~~~~~~~~~~~~~~~~~~

  The module "./dist/exports/private/utils/useLoadMoreSentinel.mjs" was not found on the file system:

    node_modules/.pnpm/node_modules/react-aria/package.json:30:16:
      30 │       "import": "./dist/exports/*.mjs",
         ╵                 ~~~~~~~~~~~~~~~~~~~~~~

  You can mark the path "react-aria/private/utils/useLoadMoreSentinel" as external to exclude it from the bundle, which will remove this error and leave the unresolved path in the bundle.

X [ERROR] Could not resolve "react-aria/private/collections/useCachedChildren"

    node_modules/.pnpm/react-aria-components@1.21._b5cfd5b3f7fdf12844df94706b6190db/node_modules/react-aria-components/dist/private/Collection.mjs:3:60:
      3 │ ...dChildren} from "react-aria/private/collections/useCachedChildren";
        ╵                    ~~~~~~~~~~~~~~~~~~~~~~~~~~~~~~~~~~~~~~~~~~~~~~~~~~

  The module "./dist/exports/private/collections/useCachedChildren.mjs" was not found on the file system:

    node_modules/.pnpm/node_modules/react-aria/package.json:30:16:
      30 │       "import": "./dist/exports/*.mjs",
         ╵                 ~~~~~~~~~~~~~~~~~~~~~~

  You can mark the path "react-aria/private/collections/useCachedChildren" as external to exclude it from the bundle, which will remove this error and leave the unresolved path in the bundle.

X [ERROR] Could not resolve "react-aria/VisuallyHidden"

    node_modules/.pnpm/react-aria-components@1.21._b5cfd5b3f7fdf12844df94706b6190db/node_modules/react-aria-components/dist/private/Calendar.mjs:16:54:
      16 │ ...Hidden as $drly1$VisuallyHidden} from "react-aria/VisuallyHidden";
         ╵                                          ~~~~~~~~~~~~~~~~~~~~~~~~~~~

  The module "./dist/exports/VisuallyHidden.mjs" was not found on the file system:

    node_modules/.pnpm/node_modules/react-aria/package.json:30:16:
      30 │       "import": "./dist/exports/*.mjs",
         ╵                 ~~~~~~~~~~~~~~~~~~~~~~

  You can mark the path "react-aria/VisuallyHidden" as external to exclude it from the bundle, which will remove this error and leave the unresolved path in the bundle.

X [ERROR] Could not resolve "react-aria/filterDOMProps"

    node_modules/.pnpm/@react-aria+utils@3.34.1_re_99a585eb891972086b0f4d932b80d394/node_modules/@react-aria/utils/dist/import.mjs:12:75:
      12 │ ...be4d2f$re_export$filterDOMProps} from "react-aria/filterDOMProps";
         ╵                                          ~~~~~~~~~~~~~~~~~~~~~~~~~~~

  The module "./dist/exports/filterDOMProps.mjs" was not found on the file system:

    node_modules/.pnpm/node_modules/react-aria/package.json:30:16:
      30 │       "import": "./dist/exports/*.mjs",
         ╵                 ~~~~~~~~~~~~~~~~~~~~~~

  You can mark the path "react-aria/filterDOMProps" as external to exclude it from the bundle, which will remove this error and leave the unresolved path in the bundle.

X [ERROR] Could not resolve "react-aria/useLocalizedStringFormatter"

    node_modules/.pnpm/react-aria-components@1.21._b5cfd5b3f7fdf12844df94706b6190db/node_modules/react-aria-components/dist/private/Select.mjs:20:80:
      20 │ ...zedStringFormatter} from "react-aria/useLocalizedStringFormatter";
         ╵                             ~~~~~~~~~~~~~~~~~~~~~~~~~~~~~~~~~~~~~~~~

  The module "./dist/exports/useLocalizedStringFormatter.mjs" was not found on the file system:

    node_modules/.pnpm/node_modules/react-aria/package.json:30:16:
      30 │       "import": "./dist/exports/*.mjs",
         ╵                 ~~~~~~~~~~~~~~~~~~~~~~

  You can mark the path "react-aria/useLocalizedStringFormatter" as external to exclude it from the bundle, which will remove this error and leave the unresolved path in the bundle.

X [ERROR] Could not resolve "react-aria/private/utils/isScrollable"

    node_modules/.pnpm/react-aria-components@1.21._b5cfd5b3f7fdf12844df94706b6190db/node_modules/react-aria-components/dist/private/Table.mjs:18:50:
      18 │ ...$8WNJc$isScrollable} from "react-aria/private/utils/isScrollable";
         ╵                              ~~~~~~~~~~~~~~~~~~~~~~~~~~~~~~~~~~~~~~~

  The module "./dist/exports/private/utils/isScrollable.mjs" was not found on the file system:

    node_modules/.pnpm/node_modules/react-aria/package.json:30:16:
      30 │       "import": "./dist/exports/*.mjs",
         ╵                 ~~~~~~~~~~~~~~~~~~~~~~

  You can mark the path "react-aria/private/utils/isScrollable" as external to exclude it from the bundle, which will remove this error and leave the unresolved path in the bundle.

X [ERROR] Could not resolve "react-aria/private/utils/useLoadMoreSentinel"

    node_modules/.pnpm/react-aria-components@1.21._b5cfd5b3f7fdf12844df94706b6190db/node_modules/react-aria-components/dist/private/Menu.mjs:20:64:
      20 │ ...MoreSentinel} from "react-aria/private/utils/useLoadMoreSentinel";
         ╵                       ~~~~~~~~~~~~~~~~~~~~~~~~~~~~~~~~~~~~~~~~~~~~~~

  The module "./dist/exports/private/utils/useLoadMoreSentinel.mjs" was not found on the file system:

    node_modules/.pnpm/node_modules/react-aria/package.json:30:16:
      30 │       "import": "./dist/exports/*.mjs",
         ╵                 ~~~~~~~~~~~~~~~~~~~~~~

  You can mark the path "react-aria/private/utils/useLoadMoreSentinel" as external to exclude it from the bundle, which will remove this error and leave the unresolved path in the bundle.

X [ERROR] Could not resolve "react-aria/private/utils/animation"

    node_modules/.pnpm/react-aria-components@1.21._b5cfd5b3f7fdf12844df94706b6190db/node_modules/react-aria-components/dist/private/Tabs.mjs:15:105:
      15 │ ...KeVI$useEnterAnimation} from "react-aria/private/utils/animation";
         ╵                                 ~~~~~~~~~~~~~~~~~~~~~~~~~~~~~~~~~~~~

  The module "./dist/exports/private/utils/animation.mjs" was not found on the file system:

    node_modules/.pnpm/node_modules/react-aria/package.json:30:16:
      30 │       "import": "./dist/exports/*.mjs",
         ╵                 ~~~~~~~~~~~~~~~~~~~~~~

  You can mark the path "react-aria/private/utils/animation" as external to exclude it from the bundle, which will remove this error and leave the unresolved path in the bundle.

X [ERROR] Could not resolve "react-aria/private/collections/Hidden"

    node_modules/.pnpm/react-aria-components@1.21._b5cfd5b3f7fdf12844df94706b6190db/node_modules/react-aria-components/dist/private/Popover.mjs:14:48:
      14 │ ... $g4jvP$useIsHidden} from "react-aria/private/collections/Hidden";
         ╵                              ~~~~~~~~~~~~~~~~~~~~~~~~~~~~~~~~~~~~~~~

  The module "./dist/exports/private/collections/Hidden.mjs" was not found on the file system:

    node_modules/.pnpm/node_modules/react-aria/package.json:30:16:
      30 │       "import": "./dist/exports/*.mjs",
         ╵                 ~~~~~~~~~~~~~~~~~~~~~~

  You can mark the path "react-aria/private/collections/Hidden" as external to exclude it from the bundle, which will remove this error and leave the unresolved path in the bundle.

X [ERROR] Could not resolve "react-aria/private/utils/useViewportSize"

    node_modules/.pnpm/react-aria-components@1.21._b5cfd5b3f7fdf12844df94706b6190db/node_modules/react-aria-components/dist/private/Modal.mjs:14:56:
      14 │ ...$useViewportSize} from "react-aria/private/utils/useViewportSize";
         ╵                           ~~~~~~~~~~~~~~~~~~~~~~~~~~~~~~~~~~~~~~~~~~

  The module "./dist/exports/private/utils/useViewportSize.mjs" was not found on the file system:

    node_modules/.pnpm/node_modules/react-aria/package.json:30:16:
      30 │       "import": "./dist/exports/*.mjs",
         ╵                 ~~~~~~~~~~~~~~~~~~~~~~

  You can mark the path "react-aria/private/utils/useViewportSize" as external to exclude it from the bundle, which will remove this error and leave the unresolved path in the bundle.

X [ERROR] Could not resolve "react-aria/useObjectRef"

    node_modules/.pnpm/react-aria-components@1.21._b5cfd5b3f7fdf12844df94706b6190db/node_modules/react-aria-components/dist/private/TagGroup.mjs:20:50:
      20 │ ...eObjectRef as $ck0pj$useObjectRef} from "react-aria/useObjectRef";
         ╵                                            ~~~~~~~~~~~~~~~~~~~~~~~~~

  The module "./dist/exports/useObjectRef.mjs" was not found on the file system:

    node_modules/.pnpm/node_modules/react-aria/package.json:30:16:
      30 │       "import": "./dist/exports/*.mjs",
         ╵                 ~~~~~~~~~~~~~~~~~~~~~~

  You can mark the path "react-aria/useObjectRef" as external to exclude it from the bundle, which will remove this error and leave the unresolved path in the bundle.

X [ERROR] Could not resolve "react-aria/VisuallyHidden"

    node_modules/.pnpm/react-aria-components@1.21._b5cfd5b3f7fdf12844df94706b6190db/node_modules/react-aria-components/dist/private/Checkbox.mjs:17:54:
      17 │ ...Hidden as $j1L6B$VisuallyHidden} from "react-aria/VisuallyHidden";
         ╵                                          ~~~~~~~~~~~~~~~~~~~~~~~~~~~

  The module "./dist/exports/VisuallyHidden.mjs" was not found on the file system:

    node_modules/.pnpm/node_modules/react-aria/package.json:30:16:
      30 │       "import": "./dist/exports/*.mjs",
         ╵                 ~~~~~~~~~~~~~~~~~~~~~~

  You can mark the path "react-aria/VisuallyHidden" as external to exclude it from the bundle, which will remove this error and leave the unresolved path in the bundle.

X [ERROR] Could not resolve "react-aria/useListFormatter"

    node_modules/.pnpm/react-aria-components@1.21._b5cfd5b3f7fdf12844df94706b6190db/node_modules/react-aria-components/dist/private/ComboBox.mjs:20:58:
      20 │ ...er as $er33p$useListFormatter} from "react-aria/useListFormatter";
         ╵                                        ~~~~~~~~~~~~~~~~~~~~~~~~~~~~~

  The module "./dist/exports/useListFormatter.mjs" was not found on the file system:

    node_modules/.pnpm/node_modules/react-aria/package.json:30:16:
      30 │       "import": "./dist/exports/*.mjs",
         ╵                 ~~~~~~~~~~~~~~~~~~~~~~

  You can mark the path "react-aria/useListFormatter" as external to exclude it from the bundle, which will remove this error and leave the unresolved path in the bundle.

X [ERROR] Could not resolve "react-aria/useFocusVisible"

    node_modules/.pnpm/react-aria-components@1.21._b5cfd5b3f7fdf12844df94706b6190db/node_modules/react-aria-components/dist/exports/index.mjs:84:91:
      84 │ ..._export$setInteractionModality} from "react-aria/useFocusVisible";
         ╵                                         ~~~~~~~~~~~~~~~~~~~~~~~~~~~~

  The module "./dist/exports/useFocusVisible.mjs" was not found on the file system:

    node_modules/.pnpm/node_modules/react-aria/package.json:30:16:
      30 │       "import": "./dist/exports/*.mjs",
         ╵                 ~~~~~~~~~~~~~~~~~~~~~~

  You can mark the path "react-aria/useFocusVisible" as external to exclude it from the bundle, which will remove this error and leave the unresolved path in the bundle.

X [ERROR] Could not resolve "react-aria/PortalProvider"

    node_modules/.pnpm/react-aria-components@1.21._b5cfd5b3f7fdf12844df94706b6190db/node_modules/react-aria-components/dist/private/Toast.mjs:15:72:
      15 │ ... $jzto3$useUNSAFE_PortalContext} from "react-aria/PortalProvider";
         ╵                                          ~~~~~~~~~~~~~~~~~~~~~~~~~~~

  The module "./dist/exports/PortalProvider.mjs" was not found on the file system:

    node_modules/.pnpm/node_modules/react-aria/package.json:30:16:
      30 │       "import": "./dist/exports/*.mjs",
         ╵                 ~~~~~~~~~~~~~~~~~~~~~~

  You can mark the path "react-aria/PortalProvider" as external to exclude it from the bundle, which will remove this error and leave the unresolved path in the bundle.

X [ERROR] Could not resolve "react-aria/mergeProps"

    node_modules/.pnpm/react-aria-components@1.21._b5cfd5b3f7fdf12844df94706b6190db/node_modules/react-aria-components/dist/private/ListBox.mjs:20:46:
      20 │ ...rt {mergeProps as $c4d6w$mergeProps} from "react-aria/mergeProps";
         ╵                                              ~~~~~~~~~~~~~~~~~~~~~~~

  The module "./dist/exports/mergeProps.mjs" was not found on the file system:

    node_modules/.pnpm/node_modules/react-aria/package.json:30:16:
      30 │       "import": "./dist/exports/*.mjs",
         ╵                 ~~~~~~~~~~~~~~~~~~~~~~

  You can mark the path "react-aria/mergeProps" as external to exclude it from the bundle, which will remove this error and leave the unresolved path in the bundle.

X [ERROR] Could not resolve "react-aria/private/utils/focusWithoutScrolling"

    node_modules/.pnpm/@react-aria+utils@3.34.1_re_99a585eb891972086b0f4d932b80d394/node_modules/@react-aria/utils/dist/import.mjs:13:89:
      13 │ ...tScrolling} from "react-aria/private/utils/focusWithoutScrolling";
         ╵                     ~~~~~~~~~~~~~~~~~~~~~~~~~~~~~~~~~~~~~~~~~~~~~~~~

  The module "./dist/exports/private/utils/focusWithoutScrolling.mjs" was not found on the file system:

    node_modules/.pnpm/node_modules/react-aria/package.json:30:16:
      30 │       "import": "./dist/exports/*.mjs",
         ╵                 ~~~~~~~~~~~~~~~~~~~~~~

  You can mark the path "react-aria/private/utils/focusWithoutScrolling" as external to exclude it from the bundle, which will remove this error and leave the unresolved path in the bundle.

X [ERROR] Could not resolve "react-aria/ListKeyboardDelegate"

    node_modules/.pnpm/react-aria-components@1.21._b5cfd5b3f7fdf12844df94706b6190db/node_modules/react-aria-components/dist/private/Table.mjs:19:66:
      19 │ ...WNJc$ListKeyboardDelegate} from "react-aria/ListKeyboardDelegate";
         ╵                                    ~~~~~~~~~~~~~~~~~~~~~~~~~~~~~~~~~

  The module "./dist/exports/ListKeyboardDelegate.mjs" was not found on the file system:

    node_modules/.pnpm/node_modules/react-aria/package.json:30:16:
      30 │       "import": "./dist/exports/*.mjs",
         ╵                 ~~~~~~~~~~~~~~~~~~~~~~

  You can mark the path "react-aria/ListKeyboardDelegate" as external to exclude it from the bundle, which will remove this error and leave the unresolved path in the bundle.

X [ERROR] Could not resolve "react-aria/mergeProps"

    node_modules/.pnpm/react-aria-components@1.21._b5cfd5b3f7fdf12844df94706b6190db/node_modules/react-aria-components/dist/private/Menu.mjs:21:46:
      21 │ ...rt {mergeProps as $7xe5e$mergeProps} from "react-aria/mergeProps";
         ╵                                              ~~~~~~~~~~~~~~~~~~~~~~~

  The module "./dist/exports/mergeProps.mjs" was not found on the file system:

    node_modules/.pnpm/node_modules/react-aria/package.json:30:16:
      30 │       "import": "./dist/exports/*.mjs",
         ╵                 ~~~~~~~~~~~~~~~~~~~~~~

  You can mark the path "react-aria/mergeProps" as external to exclude it from the bundle, which will remove this error and leave the unresolved path in the bundle.

X [ERROR] Could not resolve "react-aria/useFocusRing"

    node_modules/.pnpm/react-aria-components@1.21._b5cfd5b3f7fdf12844df94706b6190db/node_modules/react-aria-components/dist/private/Tabs.mjs:16:50:
      16 │ ...eFocusRing as $4KeVI$useFocusRing} from "react-aria/useFocusRing";
         ╵                                            ~~~~~~~~~~~~~~~~~~~~~~~~~

  The module "./dist/exports/useFocusRing.mjs" was not found on the file system:

    node_modules/.pnpm/node_modules/react-aria/package.json:30:16:
      30 │       "import": "./dist/exports/*.mjs",
         ╵                 ~~~~~~~~~~~~~~~~~~~~~~

  You can mark the path "react-aria/useFocusRing" as external to exclude it from the bundle, which will remove this error and leave the unresolved path in the bundle.

X [ERROR] Could not resolve "react-aria/private/utils/useLayoutEffect"

    node_modules/.pnpm/react-aria-components@1.21._b5cfd5b3f7fdf12844df94706b6190db/node_modules/react-aria-components/dist/private/Popover.mjs:15:56:
      15 │ ...$useLayoutEffect} from "react-aria/private/utils/useLayoutEffect";
         ╵                           ~~~~~~~~~~~~~~~~~~~~~~~~~~~~~~~~~~~~~~~~~~

  The module "./dist/exports/private/utils/useLayoutEffect.mjs" was not found on the file system:

    node_modules/.pnpm/node_modules/react-aria/package.json:30:16:
      30 │       "import": "./dist/exports/*.mjs",
         ╵                 ~~~~~~~~~~~~~~~~~~~~~~

  You can mark the path "react-aria/private/utils/useLayoutEffect" as external to exclude it from the bundle, which will remove this error and leave the unresolved path in the bundle.

X [ERROR] Could not resolve "react-aria/private/utils/useResizeObserver"

    node_modules/.pnpm/react-aria-components@1.21._b5cfd5b3f7fdf12844df94706b6190db/node_modules/react-aria-components/dist/private/ComboBox.mjs:21:60:
      21 │ ...ResizeObserver} from "react-aria/private/utils/useResizeObserver";
         ╵                         ~~~~~~~~~~~~~~~~~~~~~~~~~~~~~~~~~~~~~~~~~~~~

  The module "./dist/exports/private/utils/useResizeObserver.mjs" was not found on the file system:

    node_modules/.pnpm/node_modules/react-aria/package.json:30:16:
      30 │       "import": "./dist/exports/*.mjs",
         ╵                 ~~~~~~~~~~~~~~~~~~~~~~

  You can mark the path "react-aria/private/utils/useResizeObserver" as external to exclude it from the bundle, which will remove this error and leave the unresolved path in the bundle.

X [ERROR] Could not resolve "react-aria/private/utils/getOffset"

    node_modules/.pnpm/@react-aria+utils@3.34.1_re_99a585eb891972086b0f4d932b80d394/node_modules/@react-aria/utils/dist/import.mjs:14:65:
      14 │ ...2f$re_export$getOffset} from "react-aria/private/utils/getOffset";
         ╵                                 ~~~~~~~~~~~~~~~~~~~~~~~~~~~~~~~~~~~~

  The module "./dist/exports/private/utils/getOffset.mjs" was not found on the file system:

    node_modules/.pnpm/node_modules/react-aria/package.json:30:16:
      30 │       "import": "./dist/exports/*.mjs",
         ╵                 ~~~~~~~~~~~~~~~~~~~~~~

  You can mark the path "react-aria/private/utils/getOffset" as external to exclude it from the bundle, which will remove this error and leave the unresolved path in the bundle.

X [ERROR] Could not resolve "react-aria/useCollator"

    node_modules/.pnpm/react-aria-components@1.21._b5cfd5b3f7fdf12844df94706b6190db/node_modules/react-aria-components/dist/private/ListBox.mjs:22:48:
      22 │ ...{useCollator as $c4d6w$useCollator} from "react-aria/useCollator";
         ╵                                             ~~~~~~~~~~~~~~~~~~~~~~~~

  The module "./dist/exports/useCollator.mjs" was not found on the file system:

    node_modules/.pnpm/node_modules/react-aria/package.json:30:16:
      30 │       "import": "./dist/exports/*.mjs",
         ╵                 ~~~~~~~~~~~~~~~~~~~~~~

  You can mark the path "react-aria/useCollator" as external to exclude it from the bundle, which will remove this error and leave the unresolved path in the bundle.

X [ERROR] Could not resolve "react-aria/private/utils/useLoadMoreSentinel"

    node_modules/.pnpm/react-aria-components@1.21._b5cfd5b3f7fdf12844df94706b6190db/node_modules/react-aria-components/dist/private/Table.mjs:20:64:
      20 │ ...MoreSentinel} from "react-aria/private/utils/useLoadMoreSentinel";
         ╵                       ~~~~~~~~~~~~~~~~~~~~~~~~~~~~~~~~~~~~~~~~~~~~~~

  The module "./dist/exports/private/utils/useLoadMoreSentinel.mjs" was not found on the file system:

    node_modules/.pnpm/node_modules/react-aria/package.json:30:16:
      30 │       "import": "./dist/exports/*.mjs",
         ╵                 ~~~~~~~~~~~~~~~~~~~~~~

  You can mark the path "react-aria/private/utils/useLoadMoreSentinel" as external to exclude it from the bundle, which will remove this error and leave the unresolved path in the bundle.

X [ERROR] Could not resolve "react-aria/private/interactions/PressResponder"

    node_modules/.pnpm/react-aria-components@1.21._b5cfd5b3f7fdf12844df94706b6190db/node_modules/react-aria-components/dist/private/Menu.mjs:22:54:
      22 │ ...sResponder} from "react-aria/private/interactions/PressResponder";
         ╵                     ~~~~~~~~~~~~~~~~~~~~~~~~~~~~~~~~~~~~~~~~~~~~~~~~

  The module "./dist/exports/private/interactions/PressResponder.mjs" was not found on the file system:

    node_modules/.pnpm/node_modules/react-aria/package.json:30:16:
      30 │       "import": "./dist/exports/*.mjs",
         ╵                 ~~~~~~~~~~~~~~~~~~~~~~

  You can mark the path "react-aria/private/interactions/PressResponder" as external to exclude it from the bundle, which will remove this error and leave the unresolved path in the bundle.

X [ERROR] Could not resolve "react-aria/useHover"

    node_modules/.pnpm/react-aria-components@1.21._b5cfd5b3f7fdf12844df94706b6190db/node_modules/react-aria-components/dist/private/Tabs.mjs:17:42:
      17 │ import {useHover as $4KeVI$useHover} from "react-aria/useHover";
         ╵                                           ~~~~~~~~~~~~~~~~~~~~~

  The module "./dist/exports/useHover.mjs" was not found on the file system:

    node_modules/.pnpm/node_modules/react-aria/package.json:30:16:
      30 │       "import": "./dist/exports/*.mjs",
         ╵                 ~~~~~~~~~~~~~~~~~~~~~~

  You can mark the path "react-aria/useHover" as external to exclude it from the bundle, which will remove this error and leave the unresolved path in the bundle.

X [ERROR] Could not resolve "react-aria/I18nProvider"

    node_modules/.pnpm/react-aria-components@1.21._b5cfd5b3f7fdf12844df94706b6190db/node_modules/react-aria-components/dist/private/Popover.mjs:16:44:
      16 │ ...rt {useLocale as $g4jvP$useLocale} from "react-aria/I18nProvider";
         ╵                                            ~~~~~~~~~~~~~~~~~~~~~~~~~

  The module "./dist/exports/I18nProvider.mjs" was not found on the file system:

    node_modules/.pnpm/node_modules/react-aria/package.json:30:16:
      30 │       "import": "./dist/exports/*.mjs",
         ╵                 ~~~~~~~~~~~~~~~~~~~~~~

  You can mark the path "react-aria/I18nProvider" as external to exclude it from the bundle, which will remove this error and leave the unresolved path in the bundle.

X [ERROR] Could not resolve "react-aria/useFocus"

    node_modules/.pnpm/react-aria-components@1.21._b5cfd5b3f7fdf12844df94706b6190db/node_modules/react-aria-components/dist/private/ListBox.mjs:23:42:
      23 │ import {useFocus as $c4d6w$useFocus} from "react-aria/useFocus";
         ╵                                           ~~~~~~~~~~~~~~~~~~~~~

  The module "./dist/exports/useFocus.mjs" was not found on the file system:

    node_modules/.pnpm/node_modules/react-aria/package.json:30:16:
      30 │       "import": "./dist/exports/*.mjs",
         ╵                 ~~~~~~~~~~~~~~~~~~~~~~

  You can mark the path "react-aria/useFocus" as external to exclude it from the bundle, which will remove this error and leave the unresolved path in the bundle.

X [ERROR] Could not resolve "react-aria/private/utils/getScrollParent"

    node_modules/.pnpm/react-aria-components@1.21._b5cfd5b3f7fdf12844df94706b6190db/node_modules/react-aria-components/dist/private/NavigationTree.mjs:4:56:
      4 │ ...d$getScrollParent} from "react-aria/private/utils/getScrollParent";
        ╵                            ~~~~~~~~~~~~~~~~~~~~~~~~~~~~~~~~~~~~~~~~~~

  The module "./dist/exports/private/utils/getScrollParent.mjs" was not found on the file system:

    node_modules/.pnpm/node_modules/react-aria/package.json:30:16:
      30 │       "import": "./dist/exports/*.mjs",
         ╵                 ~~~~~~~~~~~~~~~~~~~~~~

  You can mark the path "react-aria/private/utils/getScrollParent" as external to exclude it from the bundle, which will remove this error and leave the unresolved path in the bundle.

X [ERROR] Could not resolve "react-aria/private/utils/runAfterTransition"

    node_modules/.pnpm/@react-aria+utils@3.34.1_re_99a585eb891972086b0f4d932b80d394/node_modules/@react-aria/utils/dist/import.mjs:15:83:
      15 │ ...terTransition} from "react-aria/private/utils/runAfterTransition";
         ╵                        ~~~~~~~~~~~~~~~~~~~~~~~~~~~~~~~~~~~~~~~~~~~~~

  The module "./dist/exports/private/utils/runAfterTransition.mjs" was not found on the file system:

    node_modules/.pnpm/node_modules/react-aria/package.json:30:16:
      30 │       "import": "./dist/exports/*.mjs",
         ╵                 ~~~~~~~~~~~~~~~~~~~~~~

  You can mark the path "react-aria/private/utils/runAfterTransition" as external to exclude it from the bundle, which will remove this error and leave the unresolved path in the bundle.

X [ERROR] Could not resolve "react-aria/useDroppableCollection"

    node_modules/.pnpm/react-aria-components@1.21._b5cfd5b3f7fdf12844df94706b6190db/node_modules/react-aria-components/dist/private/useDragAndDrop.mjs:2:160:
      2 │ ... $6P4UV$useDropIndicator} from "react-aria/useDroppableCollection";
        ╵                                   ~~~~~~~~~~~~~~~~~~~~~~~~~~~~~~~~~~~

  The module "./dist/exports/useDroppableCollection.mjs" was not found on the file system:

    node_modules/.pnpm/node_modules/react-aria/package.json:30:16:
      30 │       "import": "./dist/exports/*.mjs",
         ╵                 ~~~~~~~~~~~~~~~~~~~~~~

  You can mark the path "react-aria/useDroppableCollection" as external to exclude it from the bundle, which will remove this error and leave the unresolved path in the bundle.

X [ERROR] Could not resolve "react-aria/useGridList"

    node_modules/.pnpm/react-aria-components@1.21._b5cfd5b3f7fdf12844df94706b6190db/node_modules/react-aria-components/dist/private/GridList.mjs:11:209:
      11 │ ...ction as $6XsrP$useGridListSection} from "react-aria/useGridList";
         ╵                                             ~~~~~~~~~~~~~~~~~~~~~~~~

  The module "./dist/exports/useGridList.mjs" was not found on the file system:

    node_modules/.pnpm/node_modules/react-aria/package.json:30:16:
      30 │       "import": "./dist/exports/*.mjs",
         ╵                 ~~~~~~~~~~~~~~~~~~~~~~

  You can mark the path "react-aria/useGridList" as external to exclude it from the bundle, which will remove this error and leave the unresolved path in the bundle.

X [ERROR] Could not resolve "react-aria/mergeProps"

    node_modules/.pnpm/react-aria-components@1.21._b5cfd5b3f7fdf12844df94706b6190db/node_modules/react-aria-components/dist/private/Table.mjs:21:46:
      21 │ ...rt {mergeProps as $8WNJc$mergeProps} from "react-aria/mergeProps";
         ╵                                              ~~~~~~~~~~~~~~~~~~~~~~~

  The module "./dist/exports/mergeProps.mjs" was not found on the file system:

    node_modules/.pnpm/node_modules/react-aria/package.json:30:16:
      30 │       "import": "./dist/exports/*.mjs",
         ╵                 ~~~~~~~~~~~~~~~~~~~~~~

  You can mark the path "react-aria/mergeProps" as external to exclude it from the bundle, which will remove this error and leave the unresolved path in the bundle.

X [ERROR] Could not resolve "react-aria/I18nProvider"

    node_modules/.pnpm/react-aria-components@1.21._b5cfd5b3f7fdf12844df94706b6190db/node_modules/react-aria-components/dist/private/GridLayout.mjs:2:44:
      2 │ import {useLocale as $drfXP$useLocale} from "react-aria/I18nProvider";
        ╵                                             ~~~~~~~~~~~~~~~~~~~~~~~~~

  The module "./dist/exports/I18nProvider.mjs" was not found on the file system:

    node_modules/.pnpm/node_modules/react-aria/package.json:30:16:
      30 │       "import": "./dist/exports/*.mjs",
         ╵                 ~~~~~~~~~~~~~~~~~~~~~~

  You can mark the path "react-aria/I18nProvider" as external to exclude it from the bundle, which will remove this error and leave the unresolved path in the bundle.

X [ERROR] Could not resolve "react-aria/usePreviewTrigger"

    node_modules/.pnpm/react-aria-components@1.21._b5cfd5b3f7fdf12844df94706b6190db/node_modules/react-aria-components/dist/private/PreviewTrigger.mjs:4:60:
      4 │ ...r as $evW8Q$usePreviewTrigger} from "react-aria/usePreviewTrigger";
        ╵                                        ~~~~~~~~~~~~~~~~~~~~~~~~~~~~~~

  The module "./dist/exports/usePreviewTrigger.mjs" was not found on the file system:

    node_modules/.pnpm/node_modules/react-aria/package.json:30:16:
      30 │       "import": "./dist/exports/*.mjs",
         ╵                 ~~~~~~~~~~~~~~~~~~~~~~

  You can mark the path "react-aria/usePreviewTrigger" as external to exclude it from the bundle, which will remove this error and leave the unresolved path in the bundle.

X [ERROR] Could not resolve "react-aria/filterDOMProps"

    node_modules/.pnpm/react-aria-components@1.21._b5cfd5b3f7fdf12844df94706b6190db/node_modules/react-aria-components/dist/private/FileTrigger.mjs:2:54:
      2 │ ...OMProps as $6JSwL$filterDOMProps} from "react-aria/filterDOMProps";
        ╵                                           ~~~~~~~~~~~~~~~~~~~~~~~~~~~

  The module "./dist/exports/filterDOMProps.mjs" was not found on the file system:

    node_modules/.pnpm/node_modules/react-aria/package.json:30:16:
      30 │       "import": "./dist/exports/*.mjs",
         ╵                 ~~~~~~~~~~~~~~~~~~~~~~

  You can mark the path "react-aria/filterDOMProps" as external to exclude it from the bundle, which will remove this error and leave the unresolved path in the bundle.

X [ERROR] Could not resolve "react-aria/useTree"

    node_modules/.pnpm/react-aria-components@1.21._b5cfd5b3f7fdf12844df94706b6190db/node_modules/react-aria-components/dist/private/Tree.mjs:10:75:
      10 │ ...ree, useTreeItem as $YRtKP$useTreeItem} from "react-aria/useTree";
         ╵                                                 ~~~~~~~~~~~~~~~~~~~~

  The module "./dist/exports/useTree.mjs" was not found on the file system:

    node_modules/.pnpm/node_modules/react-aria/package.json:30:16:
      30 │       "import": "./dist/exports/*.mjs",
         ╵                 ~~~~~~~~~~~~~~~~~~~~~~

  You can mark the path "react-aria/useTree" as external to exclude it from the bundle, which will remove this error and leave the unresolved path in the bundle.

X [ERROR] Could not resolve "react-aria/private/utils/useLayoutEffect"

    node_modules/.pnpm/react-aria-components@1.21._b5cfd5b3f7fdf12844df94706b6190db/node_modules/react-aria-components/dist/private/Tabs.mjs:18:56:
      18 │ ...$useLayoutEffect} from "react-aria/private/utils/useLayoutEffect";
         ╵                           ~~~~~~~~~~~~~~~~~~~~~~~~~~~~~~~~~~~~~~~~~~

  The module "./dist/exports/private/utils/useLayoutEffect.mjs" was not found on the file system:

    node_modules/.pnpm/node_modules/react-aria/package.json:30:16:
      30 │       "import": "./dist/exports/*.mjs",
         ╵                 ~~~~~~~~~~~~~~~~~~~~~~

  You can mark the path "react-aria/private/utils/useLayoutEffect" as external to exclude it from the bundle, which will remove this error and leave the unresolved path in the bundle.

X [ERROR] Could not resolve "react-aria/useDrop"

    node_modules/.pnpm/react-aria-components@1.21._b5cfd5b3f7fdf12844df94706b6190db/node_modules/react-aria-components/dist/private/DropZone.mjs:4:40:
      4 │ import {useDrop as $7DqZ6$useDrop} from "react-aria/useDrop";
        ╵                                         ~~~~~~~~~~~~~~~~~~~~

  The module "./dist/exports/useDrop.mjs" was not found on the file system:

    node_modules/.pnpm/node_modules/react-aria/package.json:30:16:
      30 │       "import": "./dist/exports/*.mjs",
         ╵                 ~~~~~~~~~~~~~~~~~~~~~~

  You can mark the path "react-aria/useDrop" as external to exclude it from the bundle, which will remove this error and leave the unresolved path in the bundle.

X [ERROR] Could not resolve "react-aria/private/utils/useResizeObserver"

    node_modules/.pnpm/react-aria-components@1.21._b5cfd5b3f7fdf12844df94706b6190db/node_modules/react-aria-components/dist/private/Popover.mjs:17:60:
      17 │ ...ResizeObserver} from "react-aria/private/utils/useResizeObserver";
         ╵                         ~~~~~~~~~~~~~~~~~~~~~~~~~~~~~~~~~~~~~~~~~~~~

  The module "./dist/exports/private/utils/useResizeObserver.mjs" was not found on the file system:

    node_modules/.pnpm/node_modules/react-aria/package.json:30:16:
      30 │       "import": "./dist/exports/*.mjs",
         ╵                 ~~~~~~~~~~~~~~~~~~~~~~

  You can mark the path "react-aria/private/utils/useResizeObserver" as external to exclude it from the bundle, which will remove this error and leave the unresolved path in the bundle.

X [ERROR] Could not resolve "react-aria/useFocusRing"

    node_modules/.pnpm/react-aria-components@1.21._b5cfd5b3f7fdf12844df94706b6190db/node_modules/react-aria-components/dist/private/ListBox.mjs:24:50:
      24 │ ...eFocusRing as $c4d6w$useFocusRing} from "react-aria/useFocusRing";
         ╵                                            ~~~~~~~~~~~~~~~~~~~~~~~~~

  The module "./dist/exports/useFocusRing.mjs" was not found on the file system:

    node_modules/.pnpm/node_modules/react-aria/package.json:30:16:
      30 │       "import": "./dist/exports/*.mjs",
         ╵                 ~~~~~~~~~~~~~~~~~~~~~~

  You can mark the path "react-aria/useFocusRing" as external to exclude it from the bundle, which will remove this error and leave the unresolved path in the bundle.

X [ERROR] Could not resolve "react-aria/private/utils/useDrag1D"

    node_modules/.pnpm/@react-aria+utils@3.34.1_re_99a585eb891972086b0f4d932b80d394/node_modules/@react-aria/utils/dist/import.mjs:16:65:
      16 │ ...2f$re_export$useDrag1D} from "react-aria/private/utils/useDrag1D";
         ╵                                 ~~~~~~~~~~~~~~~~~~~~~~~~~~~~~~~~~~~~

  The module "./dist/exports/private/utils/useDrag1D.mjs" was not found on the file system:

    node_modules/.pnpm/node_modules/react-aria/package.json:30:16:
      30 │       "import": "./dist/exports/*.mjs",
         ╵                 ~~~~~~~~~~~~~~~~~~~~~~

  You can mark the path "react-aria/private/utils/useDrag1D" as external to exclude it from the bundle, which will remove this error and leave the unresolved path in the bundle.

X [ERROR] Could not resolve "react-aria/private/virtualizer/ScrollView"

    node_modules/.pnpm/react-aria-components@1.21._b5cfd5b3f7fdf12844df94706b6190db/node_modules/react-aria-components/dist/private/Virtualizer.mjs:4:52:
      4 │ ...aS$useScrollView} from "react-aria/private/virtualizer/ScrollView";
        ╵                           ~~~~~~~~~~~~~~~~~~~~~~~~~~~~~~~~~~~~~~~~~~~

  The module "./dist/exports/private/virtualizer/ScrollView.mjs" was not found on the file system:

    node_modules/.pnpm/node_modules/react-aria/package.json:30:16:
      30 │       "import": "./dist/exports/*.mjs",
         ╵                 ~~~~~~~~~~~~~~~~~~~~~~

  You can mark the path "react-aria/private/virtualizer/ScrollView" as external to exclude it from the bundle, which will remove this error and leave the unresolved path in the bundle.

X [ERROR] Could not resolve "react-aria/private/utils/shadowdom/DOMFunctions"

    node_modules/.pnpm/react-aria-components@1.21._b5cfd5b3f7fdf12844df94706b6190db/node_modules/react-aria-components/dist/private/NavigationTree.mjs:5:50:
      5 │ ...deContains} from "react-aria/private/utils/shadowdom/DOMFunctions";
        ╵                     ~~~~~~~~~~~~~~~~~~~~~~~~~~~~~~~~~~~~~~~~~~~~~~~~~

  The module "./dist/exports/private/utils/shadowdom/DOMFunctions.mjs" was not found on the file system:

    node_modules/.pnpm/node_modules/react-aria/package.json:30:16:
      30 │       "import": "./dist/exports/*.mjs",
         ╵                 ~~~~~~~~~~~~~~~~~~~~~~

  You can mark the path "react-aria/private/utils/shadowdom/DOMFunctions" as external to exclude it from the bundle, which will remove this error and leave the unresolved path in the bundle.

X [ERROR] Could not resolve "react-aria/private/collections/Hidden"

    node_modules/.pnpm/react-aria-components@1.21._b5cfd5b3f7fdf12844df94706b6190db/node_modules/react-aria-components/dist/private/TokenField.mjs:5:72:
      5 │ ...ateHideableComponent} from "react-aria/private/collections/Hidden";
        ╵                               ~~~~~~~~~~~~~~~~~~~~~~~~~~~~~~~~~~~~~~~

  The module "./dist/exports/private/collections/Hidden.mjs" was not found on the file system:

    node_modules/.pnpm/node_modules/react-aria/package.json:30:16:
      30 │       "import": "./dist/exports/*.mjs",
         ╵                 ~~~~~~~~~~~~~~~~~~~~~~

  You can mark the path "react-aria/private/collections/Hidden" as external to exclude it from the bundle, which will remove this error and leave the unresolved path in the bundle.

X [ERROR] Could not resolve "react-aria/mergeRefs"

    node_modules/.pnpm/react-aria-components@1.21._b5cfd5b3f7fdf12844df94706b6190db/node_modules/react-aria-components/dist/private/Table.mjs:22:44:
      22 │ import {mergeRefs as $8WNJc$mergeRefs} from "react-aria/mergeRefs";
         ╵                                             ~~~~~~~~~~~~~~~~~~~~~~

  The module "./dist/exports/mergeRefs.mjs" was not found on the file system:

    node_modules/.pnpm/node_modules/react-aria/package.json:30:16:
      30 │       "import": "./dist/exports/*.mjs",
         ╵                 ~~~~~~~~~~~~~~~~~~~~~~

  You can mark the path "react-aria/mergeRefs" as external to exclude it from the bundle, which will remove this error and leave the unresolved path in the bundle.

X [ERROR] Could not resolve "react-aria/useDraggableCollection"

    node_modules/.pnpm/react-aria-components@1.21._b5cfd5b3f7fdf12844df94706b6190db/node_modules/react-aria-components/dist/private/useDragAndDrop.mjs:3:150:
      3 │ ...ew as $6P4UV$DragPreview} from "react-aria/useDraggableCollection";
        ╵                                   ~~~~~~~~~~~~~~~~~~~~~~~~~~~~~~~~~~~

  The module "./dist/exports/useDraggableCollection.mjs" was not found on the file system:

    node_modules/.pnpm/node_modules/react-aria/package.json:30:16:
      30 │       "import": "./dist/exports/*.mjs",
         ╵                 ~~~~~~~~~~~~~~~~~~~~~~

  You can mark the path "react-aria/useDraggableCollection" as external to exclude it from the bundle, which will remove this error and leave the unresolved path in the bundle.

X [ERROR] Could not resolve "react-aria/Collection"

    node_modules/.pnpm/react-aria-components@1.21._b5cfd5b3f7fdf12844df94706b6190db/node_modules/react-aria-components/dist/private/GridList.mjs:12:46:
      12 │ ...rt {Collection as $6XsrP$Collection} from "react-aria/Collection";
         ╵                                              ~~~~~~~~~~~~~~~~~~~~~~~

  The module "./dist/exports/Collection.mjs" was not found on the file system:

    node_modules/.pnpm/node_modules/react-aria/package.json:30:16:
      30 │       "import": "./dist/exports/*.mjs",
         ╵                 ~~~~~~~~~~~~~~~~~~~~~~

  You can mark the path "react-aria/Collection" as external to exclude it from the bundle, which will remove this error and leave the unresolved path in the bundle.

X [ERROR] Could not resolve "react-aria/private/collections/BaseCollection"

    node_modules/.pnpm/react-aria-components@1.21._b5cfd5b3f7fdf12844df94706b6190db/node_modules/react-aria-components/dist/private/Tree.mjs:11:163:
      11 │ ...SectionNode} from "react-aria/private/collections/BaseCollection";
         ╵                      ~~~~~~~~~~~~~~~~~~~~~~~~~~~~~~~~~~~~~~~~~~~~~~~

  The module "./dist/exports/private/collections/BaseCollection.mjs" was not found on the file system:

    node_modules/.pnpm/node_modules/react-aria/package.json:30:16:
      30 │       "import": "./dist/exports/*.mjs",
         ╵                 ~~~~~~~~~~~~~~~~~~~~~~

  You can mark the path "react-aria/private/collections/BaseCollection" as external to exclude it from the bundle, which will remove this error and leave the unresolved path in the bundle.

X [ERROR] Could not resolve "react-aria/private/interactions/useFocusable"

    node_modules/.pnpm/react-aria-components@1.21._b5cfd5b3f7fdf12844df94706b6190db/node_modules/react-aria-components/dist/private/PreviewTrigger.mjs:5:60:
      5 │ ...sableProvider} from "react-aria/private/interactions/useFocusable";
        ╵                        ~~~~~~~~~~~~~~~~~~~~~~~~~~~~~~~~~~~~~~~~~~~~~~

  The module "./dist/exports/private/interactions/useFocusable.mjs" was not found on the file system:

    node_modules/.pnpm/node_modules/react-aria/package.json:30:16:
      30 │       "import": "./dist/exports/*.mjs",
         ╵                 ~~~~~~~~~~~~~~~~~~~~~~

  You can mark the path "react-aria/private/interactions/useFocusable" as external to exclude it from the bundle, which will remove this error and leave the unresolved path in the bundle.

X [ERROR] Could not resolve "react-aria/private/utils/shadowdom/DOMFunctions"

    node_modules/.pnpm/react-aria-components@1.21._b5cfd5b3f7fdf12844df94706b6190db/node_modules/react-aria-components/dist/private/FileTrigger.mjs:3:54:
      3 │ ...ventTarget} from "react-aria/private/utils/shadowdom/DOMFunctions";
        ╵                     ~~~~~~~~~~~~~~~~~~~~~~~~~~~~~~~~~~~~~~~~~~~~~~~~~

  The module "./dist/exports/private/utils/shadowdom/DOMFunctions.mjs" was not found on the file system:

    node_modules/.pnpm/node_modules/react-aria/package.json:30:16:
      30 │       "import": "./dist/exports/*.mjs",
         ╵                 ~~~~~~~~~~~~~~~~~~~~~~

  You can mark the path "react-aria/private/utils/shadowdom/DOMFunctions" as external to exclude it from the bundle, which will remove this error and leave the unresolved path in the bundle.

X [ERROR] Could not resolve "react-aria/useHover"

    node_modules/.pnpm/react-aria-components@1.21._b5cfd5b3f7fdf12844df94706b6190db/node_modules/react-aria-components/dist/private/Menu.mjs:26:42:
      26 │ import {useHover as $7xe5e$useHover} from "react-aria/useHover";
         ╵                                           ~~~~~~~~~~~~~~~~~~~~~

  The module "./dist/exports/useHover.mjs" was not found on the file system:

    node_modules/.pnpm/node_modules/react-aria/package.json:30:16:
      30 │       "import": "./dist/exports/*.mjs",
         ╵                 ~~~~~~~~~~~~~~~~~~~~~~

  You can mark the path "react-aria/useHover" as external to exclude it from the bundle, which will remove this error and leave the unresolved path in the bundle.

X [ERROR] Could not resolve "react-aria/useObjectRef"

    node_modules/.pnpm/react-aria-components@1.21._b5cfd5b3f7fdf12844df94706b6190db/node_modules/react-aria-components/dist/private/Tabs.mjs:19:50:
      19 │ ...eObjectRef as $4KeVI$useObjectRef} from "react-aria/useObjectRef";
         ╵                                            ~~~~~~~~~~~~~~~~~~~~~~~~~

  The module "./dist/exports/useObjectRef.mjs" was not found on the file system:

    node_modules/.pnpm/node_modules/react-aria/package.json:30:16:
      30 │       "import": "./dist/exports/*.mjs",
         ╵                 ~~~~~~~~~~~~~~~~~~~~~~

  You can mark the path "react-aria/useObjectRef" as external to exclude it from the bundle, which will remove this error and leave the unresolved path in the bundle.

X [ERROR] Could not resolve "react-aria/private/utils/useGlobalListeners"

    node_modules/.pnpm/@react-aria+utils@3.34.1_re_99a585eb891972086b0f4d932b80d394/node_modules/@react-aria/utils/dist/import.mjs:17:83:
      17 │ ...obalListeners} from "react-aria/private/utils/useGlobalListeners";
         ╵                        ~~~~~~~~~~~~~~~~~~~~~~~~~~~~~~~~~~~~~~~~~~~~~

  The module "./dist/exports/private/utils/useGlobalListeners.mjs" was not found on the file system:

    node_modules/.pnpm/node_modules/react-aria/package.json:30:16:
      30 │       "import": "./dist/exports/*.mjs",
         ╵                 ~~~~~~~~~~~~~~~~~~~~~~

  You can mark the path "react-aria/private/utils/useGlobalListeners" as external to exclude it from the bundle, which will remove this error and leave the unresolved path in the bundle.

X [ERROR] Could not resolve "react-aria/filterDOMProps"

    node_modules/.pnpm/react-aria-components@1.21._b5cfd5b3f7fdf12844df94706b6190db/node_modules/react-aria-components/dist/private/TokenField.mjs:6:54:
      6 │ ...OMProps as $iRP3W$filterDOMProps} from "react-aria/filterDOMProps";
        ╵                                           ~~~~~~~~~~~~~~~~~~~~~~~~~~~

  The module "./dist/exports/filterDOMProps.mjs" was not found on the file system:

    node_modules/.pnpm/node_modules/react-aria/package.json:30:16:
      30 │       "import": "./dist/exports/*.mjs",
         ╵                 ~~~~~~~~~~~~~~~~~~~~~~

  You can mark the path "react-aria/filterDOMProps" as external to exclude it from the bundle, which will remove this error and leave the unresolved path in the bundle.

X [ERROR] Could not resolve "react-aria/private/virtualizer/VirtualizerItem"

    node_modules/.pnpm/react-aria-components@1.21._b5cfd5b3f7fdf12844df94706b6190db/node_modules/react-aria-components/dist/private/Virtualizer.mjs:5:56:
      5 │ ...ualizerItem} from "react-aria/private/virtualizer/VirtualizerItem";
        ╵                      ~~~~~~~~~~~~~~~~~~~~~~~~~~~~~~~~~~~~~~~~~~~~~~~~

  The module "./dist/exports/private/virtualizer/VirtualizerItem.mjs" was not found on the file system:

    node_modules/.pnpm/node_modules/react-aria/package.json:30:16:
      30 │       "import": "./dist/exports/*.mjs",
         ╵                 ~~~~~~~~~~~~~~~~~~~~~~

  You can mark the path "react-aria/private/virtualizer/VirtualizerItem" as external to exclude it from the bundle, which will remove this error and leave the unresolved path in the bundle.

X [ERROR] Could not resolve "react-aria/filterDOMProps"

    node_modules/.pnpm/react-aria-components@1.21._b5cfd5b3f7fdf12844df94706b6190db/node_modules/react-aria-components/dist/private/DropZone.mjs:5:54:
      5 │ ...OMProps as $7DqZ6$filterDOMProps} from "react-aria/filterDOMProps";
        ╵                                           ~~~~~~~~~~~~~~~~~~~~~~~~~~~

  The module "./dist/exports/filterDOMProps.mjs" was not found on the file system:

    node_modules/.pnpm/node_modules/react-aria/package.json:30:16:
      30 │       "import": "./dist/exports/*.mjs",
         ╵                 ~~~~~~~~~~~~~~~~~~~~~~

  You can mark the path "react-aria/filterDOMProps" as external to exclude it from the bundle, which will remove this error and leave the unresolved path in the bundle.

X [ERROR] Could not resolve "react-aria/useHover"

    node_modules/.pnpm/react-aria-components@1.21._b5cfd5b3f7fdf12844df94706b6190db/node_modules/react-aria-components/dist/private/ListBox.mjs:25:42:
      25 │ import {useHover as $c4d6w$useHover} from "react-aria/useHover";
         ╵                                           ~~~~~~~~~~~~~~~~~~~~~

  The module "./dist/exports/useHover.mjs" was not found on the file system:

    node_modules/.pnpm/node_modules/react-aria/package.json:30:16:
      30 │       "import": "./dist/exports/*.mjs",
         ╵                 ~~~~~~~~~~~~~~~~~~~~~~

  You can mark the path "react-aria/useHover" as external to exclude it from the bundle, which will remove this error and leave the unresolved path in the bundle.

X [ERROR] Could not resolve "react-aria/CollectionBuilder"

    node_modules/.pnpm/react-aria-components@1.21._b5cfd5b3f7fdf12844df94706b6190db/node_modules/react-aria-components/dist/private/GridList.mjs:13:166:
      13 │ ...$6XsrP$createBranchComponent} from "react-aria/CollectionBuilder";
         ╵                                       ~~~~~~~~~~~~~~~~~~~~~~~~~~~~~~

  The module "./dist/exports/CollectionBuilder.mjs" was not found on the file system:

    node_modules/.pnpm/node_modules/react-aria/package.json:30:16:
      30 │       "import": "./dist/exports/*.mjs",
         ╵                 ~~~~~~~~~~~~~~~~~~~~~~

  You can mark the path "react-aria/CollectionBuilder" as external to exclude it from the bundle, which will remove this error and leave the unresolved path in the bundle.

X [ERROR] Could not resolve "react-aria/private/utils/scrollIntoView"

    node_modules/.pnpm/react-aria-components@1.21._b5cfd5b3f7fdf12844df94706b6190db/node_modules/react-aria-components/dist/private/NavigationTree.mjs:7:54:
      7 │ ...fyd$scrollIntoView} from "react-aria/private/utils/scrollIntoView";
        ╵                             ~~~~~~~~~~~~~~~~~~~~~~~~~~~~~~~~~~~~~~~~~

  The module "./dist/exports/private/utils/scrollIntoView.mjs" was not found on the file system:

    node_modules/.pnpm/node_modules/react-aria/package.json:30:16:
      30 │       "import": "./dist/exports/*.mjs",
         ╵                 ~~~~~~~~~~~~~~~~~~~~~~

  You can mark the path "react-aria/private/utils/scrollIntoView" as external to exclude it from the bundle, which will remove this error and leave the unresolved path in the bundle.

X [ERROR] Could not resolve "react-aria/Collection"

    node_modules/.pnpm/react-aria-components@1.21._b5cfd5b3f7fdf12844df94706b6190db/node_modules/react-aria-components/dist/private/Tree.mjs:12:46:
      12 │ ...rt {Collection as $YRtKP$Collection} from "react-aria/Collection";
         ╵                                              ~~~~~~~~~~~~~~~~~~~~~~~

  The module "./dist/exports/Collection.mjs" was not found on the file system:

    node_modules/.pnpm/node_modules/react-aria/package.json:30:16:
      30 │       "import": "./dist/exports/*.mjs",
         ╵                 ~~~~~~~~~~~~~~~~~~~~~~

  You can mark the path "react-aria/Collection" as external to exclude it from the bundle, which will remove this error and leave the unresolved path in the bundle.

X [ERROR] Could not resolve "react-aria/private/dnd/DragManager"

    node_modules/.pnpm/react-aria-components@1.21._b5cfd5b3f7fdf12844df94706b6190db/node_modules/react-aria-components/dist/private/useDragAndDrop.mjs:6:60:
      6 │ ...6P4UV$isVirtualDragging} from "react-aria/private/dnd/DragManager";
        ╵                                  ~~~~~~~~~~~~~~~~~~~~~~~~~~~~~~~~~~~~

  The module "./dist/exports/private/dnd/DragManager.mjs" was not found on the file system:

    node_modules/.pnpm/node_modules/react-aria/package.json:30:16:
      30 │       "import": "./dist/exports/*.mjs",
         ╵                 ~~~~~~~~~~~~~~~~~~~~~~

  You can mark the path "react-aria/private/dnd/DragManager" as external to exclude it from the bundle, which will remove this error and leave the unresolved path in the bundle.

X [ERROR] Could not resolve "react-aria/private/interactions/PressResponder"

    node_modules/.pnpm/react-aria-components@1.21._b5cfd5b3f7fdf12844df94706b6190db/node_modules/react-aria-components/dist/private/FileTrigger.mjs:4:54:
      4 │ ...ssResponder} from "react-aria/private/interactions/PressResponder";
        ╵                      ~~~~~~~~~~~~~~~~~~~~~~~~~~~~~~~~~~~~~~~~~~~~~~~~

  The module "./dist/exports/private/interactions/PressResponder.mjs" was not found on the file system:

    node_modules/.pnpm/node_modules/react-aria/package.json:30:16:
      30 │       "import": "./dist/exports/*.mjs",
         ╵                 ~~~~~~~~~~~~~~~~~~~~~~

  You can mark the path "react-aria/private/interactions/PressResponder" as external to exclude it from the bundle, which will remove this error and leave the unresolved path in the bundle.

X [ERROR] Could not resolve "react-aria/private/collections/useCachedChildren"

    node_modules/.pnpm/react-aria-components@1.21._b5cfd5b3f7fdf12844df94706b6190db/node_modules/react-aria-components/dist/private/Table.mjs:26:60:
      26 │ ...Children} from "react-aria/private/collections/useCachedChildren";
         ╵                   ~~~~~~~~~~~~~~~~~~~~~~~~~~~~~~~~~~~~~~~~~~~~~~~~~~

  The module "./dist/exports/private/collections/useCachedChildren.mjs" was not found on the file system:

    node_modules/.pnpm/node_modules/react-aria/package.json:30:16:
      30 │       "import": "./dist/exports/*.mjs",
         ╵                 ~~~~~~~~~~~~~~~~~~~~~~

  You can mark the path "react-aria/private/collections/useCachedChildren" as external to exclude it from the bundle, which will remove this error and leave the unresolved path in the bundle.

X [ERROR] Could not resolve "react-aria/private/collections/Hidden"

    node_modules/.pnpm/react-aria-components@1.21._b5cfd5b3f7fdf12844df94706b6190db/node_modules/react-aria-components/dist/private/Menu.mjs:27:48:
      27 │ ... $7xe5e$useIsHidden} from "react-aria/private/collections/Hidden";
         ╵                              ~~~~~~~~~~~~~~~~~~~~~~~~~~~~~~~~~~~~~~~

  The module "./dist/exports/private/collections/Hidden.mjs" was not found on the file system:

    node_modules/.pnpm/node_modules/react-aria/package.json:30:16:
      30 │       "import": "./dist/exports/*.mjs",
         ╵                 ~~~~~~~~~~~~~~~~~~~~~~

  You can mark the path "react-aria/private/collections/Hidden" as external to exclude it from the bundle, which will remove this error and leave the unresolved path in the bundle.

X [ERROR] Could not resolve "react-aria/private/utils/useLabels"

    node_modules/.pnpm/@react-aria+utils@3.34.1_re_99a585eb891972086b0f4d932b80d394/node_modules/@react-aria/utils/dist/import.mjs:18:65:
      18 │ ...2f$re_export$useLabels} from "react-aria/private/utils/useLabels";
         ╵                                 ~~~~~~~~~~~~~~~~~~~~~~~~~~~~~~~~~~~~

  The module "./dist/exports/private/utils/useLabels.mjs" was not found on the file system:

    node_modules/.pnpm/node_modules/react-aria/package.json:30:16:
      30 │       "import": "./dist/exports/*.mjs",
         ╵                 ~~~~~~~~~~~~~~~~~~~~~~

  You can mark the path "react-aria/private/utils/useLabels" as external to exclude it from the bundle, which will remove this error and leave the unresolved path in the bundle.

X [ERROR] Could not resolve "react-aria/useHover"

    node_modules/.pnpm/react-aria-components@1.21._b5cfd5b3f7fdf12844df94706b6190db/node_modules/react-aria-components/dist/private/TokenField.mjs:7:42:
      7 │ import {useHover as $iRP3W$useHover} from "react-aria/useHover";
        ╵                                           ~~~~~~~~~~~~~~~~~~~~~

  The module "./dist/exports/useHover.mjs" was not found on the file system:

    node_modules/.pnpm/node_modules/react-aria/package.json:30:16:
      30 │       "import": "./dist/exports/*.mjs",
         ╵                 ~~~~~~~~~~~~~~~~~~~~~~

  You can mark the path "react-aria/useHover" as external to exclude it from the bundle, which will remove this error and leave the unresolved path in the bundle.

X [ERROR] Could not resolve "react-aria/private/utils/focusWithoutScrolling"

    node_modules/.pnpm/react-aria-components@1.21._b5cfd5b3f7fdf12844df94706b6190db/node_modules/react-aria-components/dist/private/DropZone.mjs:6:68:
      6 │ ...utScrolling} from "react-aria/private/utils/focusWithoutScrolling";
        ╵                      ~~~~~~~~~~~~~~~~~~~~~~~~~~~~~~~~~~~~~~~~~~~~~~~~

  The module "./dist/exports/private/utils/focusWithoutScrolling.mjs" was not found on the file system:

    node_modules/.pnpm/node_modules/react-aria/package.json:30:16:
      30 │       "import": "./dist/exports/*.mjs",
         ╵                 ~~~~~~~~~~~~~~~~~~~~~~

  You can mark the path "react-aria/private/utils/focusWithoutScrolling" as external to exclude it from the bundle, which will remove this error and leave the unresolved path in the bundle.

X [ERROR] Could not resolve "react-aria/useKeyboard"

    node_modules/.pnpm/react-aria-components@1.21._b5cfd5b3f7fdf12844df94706b6190db/node_modules/react-aria-components/dist/private/ListBox.mjs:26:48:
      26 │ ...{useKeyboard as $c4d6w$useKeyboard} from "react-aria/useKeyboard";
         ╵                                             ~~~~~~~~~~~~~~~~~~~~~~~~

  The module "./dist/exports/useKeyboard.mjs" was not found on the file system:

    node_modules/.pnpm/node_modules/react-aria/package.json:30:16:
      30 │       "import": "./dist/exports/*.mjs",
         ╵                 ~~~~~~~~~~~~~~~~~~~~~~

  You can mark the path "react-aria/useKeyboard" as external to exclude it from the bundle, which will remove this error and leave the unresolved path in the bundle.

X [ERROR] Could not resolve "react-aria/filterDOMProps"

    node_modules/.pnpm/react-aria-components@1.21._b5cfd5b3f7fdf12844df94706b6190db/node_modules/react-aria-components/dist/private/GridList.mjs:14:54:
      14 │ ...MProps as $6XsrP$filterDOMProps} from "react-aria/filterDOMProps";
         ╵                                          ~~~~~~~~~~~~~~~~~~~~~~~~~~~

  The module "./dist/exports/filterDOMProps.mjs" was not found on the file system:

    node_modules/.pnpm/node_modules/react-aria/package.json:30:16:
      30 │       "import": "./dist/exports/*.mjs",
         ╵                 ~~~~~~~~~~~~~~~~~~~~~~

  You can mark the path "react-aria/filterDOMProps" as external to exclude it from the bundle, which will remove this error and leave the unresolved path in the bundle.

X [ERROR] Could not resolve "react-aria/useObjectRef"

    node_modules/.pnpm/react-aria-components@1.21._b5cfd5b3f7fdf12844df94706b6190db/node_modules/react-aria-components/dist/private/NavigationTree.mjs:8:50:
      8 │ ...seObjectRef as $1Xfyd$useObjectRef} from "react-aria/useObjectRef";
        ╵                                             ~~~~~~~~~~~~~~~~~~~~~~~~~

  The module "./dist/exports/useObjectRef.mjs" was not found on the file system:

    node_modules/.pnpm/node_modules/react-aria/package.json:30:16:
      30 │       "import": "./dist/exports/*.mjs",
         ╵                 ~~~~~~~~~~~~~~~~~~~~~~

  You can mark the path "react-aria/useObjectRef" as external to exclude it from the bundle, which will remove this error and leave the unresolved path in the bundle.

X [ERROR] Could not resolve "react-aria/CollectionBuilder"

    node_modules/.pnpm/react-aria-components@1.21._b5cfd5b3f7fdf12844df94706b6190db/node_modules/react-aria-components/dist/private/Tree.mjs:13:166:
      13 │ ...$YRtKP$createBranchComponent} from "react-aria/CollectionBuilder";
         ╵                                       ~~~~~~~~~~~~~~~~~~~~~~~~~~~~~~

  The module "./dist/exports/CollectionBuilder.mjs" was not found on the file system:

    node_modules/.pnpm/node_modules/react-aria/package.json:30:16:
      30 │       "import": "./dist/exports/*.mjs",
         ╵                 ~~~~~~~~~~~~~~~~~~~~~~

  You can mark the path "react-aria/CollectionBuilder" as external to exclude it from the bundle, which will remove this error and leave the unresolved path in the bundle.

X [ERROR] Could not resolve "react-aria/ListDropTargetDelegate"

    node_modules/.pnpm/react-aria-components@1.21._b5cfd5b3f7fdf12844df94706b6190db/node_modules/react-aria-components/dist/private/useDragAndDrop.mjs:8:70:
      8 │ ...V$ListDropTargetDelegate} from "react-aria/ListDropTargetDelegate";
        ╵                                   ~~~~~~~~~~~~~~~~~~~~~~~~~~~~~~~~~~~

  The module "./dist/exports/ListDropTargetDelegate.mjs" was not found on the file system:

    node_modules/.pnpm/node_modules/react-aria/package.json:30:16:
      30 │       "import": "./dist/exports/*.mjs",
         ╵                 ~~~~~~~~~~~~~~~~~~~~~~

  You can mark the path "react-aria/ListDropTargetDelegate" as external to exclude it from the bundle, which will remove this error and leave the unresolved path in the bundle.

X [ERROR] Could not resolve "react-aria/useObjectRef"

    node_modules/.pnpm/react-aria-components@1.21._b5cfd5b3f7fdf12844df94706b6190db/node_modules/react-aria-components/dist/private/FileTrigger.mjs:6:50:
      6 │ ...seObjectRef as $6JSwL$useObjectRef} from "react-aria/useObjectRef";
        ╵                                             ~~~~~~~~~~~~~~~~~~~~~~~~~

  The module "./dist/exports/useObjectRef.mjs" was not found on the file system:

    node_modules/.pnpm/node_modules/react-aria/package.json:30:16:
      30 │       "import": "./dist/exports/*.mjs",
         ╵                 ~~~~~~~~~~~~~~~~~~~~~~

  You can mark the path "react-aria/useObjectRef" as external to exclude it from the bundle, which will remove this error and leave the unresolved path in the bundle.

X [ERROR] Could not resolve "react-aria/useFocusRing"

    node_modules/.pnpm/react-aria-components@1.21._b5cfd5b3f7fdf12844df94706b6190db/node_modules/react-aria-components/dist/private/Table.mjs:28:50:
      28 │ ...eFocusRing as $8WNJc$useFocusRing} from "react-aria/useFocusRing";
         ╵                                            ~~~~~~~~~~~~~~~~~~~~~~~~~

  The module "./dist/exports/useFocusRing.mjs" was not found on the file system:

    node_modules/.pnpm/node_modules/react-aria/package.json:30:16:
      30 │       "import": "./dist/exports/*.mjs",
         ╵                 ~~~~~~~~~~~~~~~~~~~~~~

  You can mark the path "react-aria/useFocusRing" as external to exclude it from the bundle, which will remove this error and leave the unresolved path in the bundle.

X [ERROR] Could not resolve "react-aria/useObjectRef"

    node_modules/.pnpm/@react-aria+utils@3.34.1_re_99a585eb891972086b0f4d932b80d394/node_modules/@react-aria/utils/dist/import.mjs:19:71:
      19 │ ...af2ebe4d2f$re_export$useObjectRef} from "react-aria/useObjectRef";
         ╵                                            ~~~~~~~~~~~~~~~~~~~~~~~~~

  The module "./dist/exports/useObjectRef.mjs" was not found on the file system:

    node_modules/.pnpm/node_modules/react-aria/package.json:30:16:
      30 │       "import": "./dist/exports/*.mjs",
         ╵                 ~~~~~~~~~~~~~~~~~~~~~~

  You can mark the path "react-aria/useObjectRef" as external to exclude it from the bundle, which will remove this error and leave the unresolved path in the bundle.

X [ERROR] Could not resolve "react-aria/useObjectRef"

    node_modules/.pnpm/react-aria-components@1.21._b5cfd5b3f7fdf12844df94706b6190db/node_modules/react-aria-components/dist/private/Menu.mjs:29:50:
      29 │ ...eObjectRef as $7xe5e$useObjectRef} from "react-aria/useObjectRef";
         ╵                                            ~~~~~~~~~~~~~~~~~~~~~~~~~

  The module "./dist/exports/useObjectRef.mjs" was not found on the file system:

    node_modules/.pnpm/node_modules/react-aria/package.json:30:16:
      30 │       "import": "./dist/exports/*.mjs",
         ╵                 ~~~~~~~~~~~~~~~~~~~~~~

  You can mark the path "react-aria/useObjectRef" as external to exclude it from the bundle, which will remove this error and leave the unresolved path in the bundle.

X [ERROR] Could not resolve "react-aria/private/utils/domHelpers"

    node_modules/.pnpm/react-aria-components@1.21._b5cfd5b3f7fdf12844df94706b6190db/node_modules/react-aria-components/dist/private/TokenField.mjs:8:83:
      8 │ ...as $iRP3W$isShadowRoot} from "react-aria/private/utils/domHelpers";
        ╵                                 ~~~~~~~~~~~~~~~~~~~~~~~~~~~~~~~~~~~~~

  The module "./dist/exports/private/utils/domHelpers.mjs" was not found on the file system:

    node_modules/.pnpm/node_modules/react-aria/package.json:30:16:
      30 │       "import": "./dist/exports/*.mjs",
         ╵                 ~~~~~~~~~~~~~~~~~~~~~~

  You can mark the path "react-aria/private/utils/domHelpers" as external to exclude it from the bundle, which will remove this error and leave the unresolved path in the bundle.

X [ERROR] Could not resolve "react-aria/private/utils/shadowdom/DOMFunctions"

    node_modules/.pnpm/react-aria-components@1.21._b5cfd5b3f7fdf12844df94706b6190db/node_modules/react-aria-components/dist/private/DropZone.mjs:7:91:
      7 │ ...deContains} from "react-aria/private/utils/shadowdom/DOMFunctions";
        ╵                     ~~~~~~~~~~~~~~~~~~~~~~~~~~~~~~~~~~~~~~~~~~~~~~~~~

  The module "./dist/exports/private/utils/shadowdom/DOMFunctions.mjs" was not found on the file system:

    node_modules/.pnpm/node_modules/react-aria/package.json:30:16:
      30 │       "import": "./dist/exports/*.mjs",
         ╵                 ~~~~~~~~~~~~~~~~~~~~~~

  You can mark the path "react-aria/private/utils/shadowdom/DOMFunctions" as external to exclude it from the bundle, which will remove this error and leave the unresolved path in the bundle.

X [ERROR] Could not resolve "react-aria/I18nProvider"

    node_modules/.pnpm/react-aria-components@1.21._b5cfd5b3f7fdf12844df94706b6190db/node_modules/react-aria-components/dist/private/ListBox.mjs:27:44:
      27 │ ...rt {useLocale as $c4d6w$useLocale} from "react-aria/I18nProvider";
         ╵                                            ~~~~~~~~~~~~~~~~~~~~~~~~~

  The module "./dist/exports/I18nProvider.mjs" was not found on the file system:

    node_modules/.pnpm/node_modules/react-aria/package.json:30:16:
      30 │       "import": "./dist/exports/*.mjs",
         ╵                 ~~~~~~~~~~~~~~~~~~~~~~

  You can mark the path "react-aria/I18nProvider" as external to exclude it from the bundle, which will remove this error and leave the unresolved path in the bundle.

X [ERROR] Could not resolve "react-aria/FocusScope"

    node_modules/.pnpm/react-aria-components@1.21._b5cfd5b3f7fdf12844df94706b6190db/node_modules/react-aria-components/dist/private/GridList.mjs:15:46:
      15 │ ...rt {FocusScope as $6XsrP$FocusScope} from "react-aria/FocusScope";
         ╵                                              ~~~~~~~~~~~~~~~~~~~~~~~

  The module "./dist/exports/FocusScope.mjs" was not found on the file system:

    node_modules/.pnpm/node_modules/react-aria/package.json:30:16:
      30 │       "import": "./dist/exports/*.mjs",
         ╵                 ~~~~~~~~~~~~~~~~~~~~~~

  You can mark the path "react-aria/FocusScope" as external to exclude it from the bundle, which will remove this error and leave the unresolved path in the bundle.

X [ERROR] Could not resolve "react-aria/filterDOMProps"

    node_modules/.pnpm/react-aria-components@1.21._b5cfd5b3f7fdf12844df94706b6190db/node_modules/react-aria-components/dist/private/Tree.mjs:14:54:
      14 │ ...MProps as $YRtKP$filterDOMProps} from "react-aria/filterDOMProps";
         ╵                                          ~~~~~~~~~~~~~~~~~~~~~~~~~~~

  The module "./dist/exports/filterDOMProps.mjs" was not found on the file system:

    node_modules/.pnpm/node_modules/react-aria/package.json:30:16:
      30 │       "import": "./dist/exports/*.mjs",
         ╵                 ~~~~~~~~~~~~~~~~~~~~~~

  You can mark the path "react-aria/filterDOMProps" as external to exclude it from the bundle, which will remove this error and leave the unresolved path in the bundle.

X [ERROR] Could not resolve "react-aria/useHover"

    node_modules/.pnpm/react-aria-components@1.21._b5cfd5b3f7fdf12844df94706b6190db/node_modules/react-aria-components/dist/private/Table.mjs:29:42:
      29 │ import {useHover as $8WNJc$useHover} from "react-aria/useHover";
         ╵                                           ~~~~~~~~~~~~~~~~~~~~~

  The module "./dist/exports/useHover.mjs" was not found on the file system:

    node_modules/.pnpm/node_modules/react-aria/package.json:30:16:
      30 │       "import": "./dist/exports/*.mjs",
         ╵                 ~~~~~~~~~~~~~~~~~~~~~~

  You can mark the path "react-aria/useHover" as external to exclude it from the bundle, which will remove this error and leave the unresolved path in the bundle.

X [ERROR] Could not resolve "react-aria/private/utils/useUpdateEffect"

    node_modules/.pnpm/@react-aria+utils@3.34.1_re_99a585eb891972086b0f4d932b80d394/node_modules/@react-aria/utils/dist/import.mjs:20:77:
      20 │ ...$useUpdateEffect} from "react-aria/private/utils/useUpdateEffect";
         ╵                           ~~~~~~~~~~~~~~~~~~~~~~~~~~~~~~~~~~~~~~~~~~

  The module "./dist/exports/private/utils/useUpdateEffect.mjs" was not found on the file system:

    node_modules/.pnpm/node_modules/react-aria/package.json:30:16:
      30 │       "import": "./dist/exports/*.mjs",
         ╵                 ~~~~~~~~~~~~~~~~~~~~~~

  You can mark the path "react-aria/private/utils/useUpdateEffect" as external to exclude it from the bundle, which will remove this error and leave the unresolved path in the bundle.

X [ERROR] Could not resolve "react-aria/mergeProps"

    node_modules/.pnpm/react-aria-components@1.21._b5cfd5b3f7fdf12844df94706b6190db/node_modules/react-aria-components/dist/private/TokenField.mjs:9:46:
      9 │ import {mergeProps as $iRP3W$mergeProps} from "react-aria/mergeProps";
        ╵                                               ~~~~~~~~~~~~~~~~~~~~~~~

  The module "./dist/exports/mergeProps.mjs" was not found on the file system:

    node_modules/.pnpm/node_modules/react-aria/package.json:30:16:
      30 │       "import": "./dist/exports/*.mjs",
         ╵                 ~~~~~~~~~~~~~~~~~~~~~~

  You can mark the path "react-aria/mergeProps" as external to exclude it from the bundle, which will remove this error and leave the unresolved path in the bundle.

X [ERROR] Could not resolve "react-aria/private/utils/isFocusable"

    node_modules/.pnpm/react-aria-components@1.21._b5cfd5b3f7fdf12844df94706b6190db/node_modules/react-aria-components/dist/private/DropZone.mjs:8:48:
      8 │ ...as $7DqZ6$isFocusable} from "react-aria/private/utils/isFocusable";
        ╵                                ~~~~~~~~~~~~~~~~~~~~~~~~~~~~~~~~~~~~~~

  The module "./dist/exports/private/utils/isFocusable.mjs" was not found on the file system:

    node_modules/.pnpm/node_modules/react-aria/package.json:30:16:
      30 │       "import": "./dist/exports/*.mjs",
         ╵                 ~~~~~~~~~~~~~~~~~~~~~~

  You can mark the path "react-aria/private/utils/isFocusable" as external to exclude it from the bundle, which will remove this error and leave the unresolved path in the bundle.

X [ERROR] Could not resolve "react-aria/useObjectRef"

    node_modules/.pnpm/react-aria-components@1.21._b5cfd5b3f7fdf12844df94706b6190db/node_modules/react-aria-components/dist/private/ListBox.mjs:28:50:
      28 │ ...eObjectRef as $c4d6w$useObjectRef} from "react-aria/useObjectRef";
         ╵                                            ~~~~~~~~~~~~~~~~~~~~~~~~~

  The module "./dist/exports/useObjectRef.mjs" was not found on the file system:

    node_modules/.pnpm/node_modules/react-aria/package.json:30:16:
      30 │       "import": "./dist/exports/*.mjs",
         ╵                 ~~~~~~~~~~~~~~~~~~~~~~

  You can mark the path "react-aria/useObjectRef" as external to exclude it from the bundle, which will remove this error and leave the unresolved path in the bundle.

X [ERROR] Could not resolve "react-aria/private/collections/BaseCollection"

    node_modules/.pnpm/react-aria-components@1.21._b5cfd5b3f7fdf12844df94706b6190db/node_modules/react-aria-components/dist/private/GridList.mjs:16:143:
      16 │ ...$HeaderNode} from "react-aria/private/collections/BaseCollection";
         ╵                      ~~~~~~~~~~~~~~~~~~~~~~~~~~~~~~~~~~~~~~~~~~~~~~~

  The module "./dist/exports/private/collections/BaseCollection.mjs" was not found on the file system:

    node_modules/.pnpm/node_modules/react-aria/package.json:30:16:
      30 │       "import": "./dist/exports/*.mjs",
         ╵                 ~~~~~~~~~~~~~~~~~~~~~~

  You can mark the path "react-aria/private/collections/BaseCollection" as external to exclude it from the bundle, which will remove this error and leave the unresolved path in the bundle.

X [ERROR] Could not resolve "react-aria/FocusScope"

    node_modules/.pnpm/react-aria-components@1.21._b5cfd5b3f7fdf12844df94706b6190db/node_modules/react-aria-components/dist/private/Tree.mjs:15:46:
      15 │ ...rt {FocusScope as $YRtKP$FocusScope} from "react-aria/FocusScope";
         ╵                                              ~~~~~~~~~~~~~~~~~~~~~~~

  The module "./dist/exports/FocusScope.mjs" was not found on the file system:

    node_modules/.pnpm/node_modules/react-aria/package.json:30:16:
      30 │       "import": "./dist/exports/*.mjs",
         ╵                 ~~~~~~~~~~~~~~~~~~~~~~

  You can mark the path "react-aria/FocusScope" as external to exclude it from the bundle, which will remove this error and leave the unresolved path in the bundle.

X [ERROR] Could not resolve "react-aria/private/utils/useLayoutEffect"

    node_modules/.pnpm/react-aria-components@1.21._b5cfd5b3f7fdf12844df94706b6190db/node_modules/react-aria-components/dist/private/Table.mjs:30:56:
      30 │ ...$useLayoutEffect} from "react-aria/private/utils/useLayoutEffect";
         ╵                           ~~~~~~~~~~~~~~~~~~~~~~~~~~~~~~~~~~~~~~~~~~

  The module "./dist/exports/private/utils/useLayoutEffect.mjs" was not found on the file system:

    node_modules/.pnpm/node_modules/react-aria/package.json:30:16:
      30 │       "import": "./dist/exports/*.mjs",
         ╵                 ~~~~~~~~~~~~~~~~~~~~~~

  You can mark the path "react-aria/private/utils/useLayoutEffect" as external to exclude it from the bundle, which will remove this error and leave the unresolved path in the bundle.

X [ERROR] Could not resolve "react-aria/private/utils/useUpdateLayoutEffect"

    node_modules/.pnpm/@react-aria+utils@3.34.1_re_99a585eb891972086b0f4d932b80d394/node_modules/@react-aria/utils/dist/import.mjs:21:89:
      21 │ ...youtEffect} from "react-aria/private/utils/useUpdateLayoutEffect";
         ╵                     ~~~~~~~~~~~~~~~~~~~~~~~~~~~~~~~~~~~~~~~~~~~~~~~~

  The module "./dist/exports/private/utils/useUpdateLayoutEffect.mjs" was not found on the file system:

    node_modules/.pnpm/node_modules/react-aria/package.json:30:16:
      30 │       "import": "./dist/exports/*.mjs",
         ╵                 ~~~~~~~~~~~~~~~~~~~~~~

  You can mark the path "react-aria/private/utils/useUpdateLayoutEffect" as external to exclude it from the bundle, which will remove this error and leave the unresolved path in the bundle.

X [ERROR] Could not resolve "react-aria/mergeRefs"

    node_modules/.pnpm/react-aria-components@1.21._b5cfd5b3f7fdf12844df94706b6190db/node_modules/react-aria-components/dist/private/TokenField.mjs:10:44:
      10 │ import {mergeRefs as $iRP3W$mergeRefs} from "react-aria/mergeRefs";
         ╵                                             ~~~~~~~~~~~~~~~~~~~~~~

  The module "./dist/exports/mergeRefs.mjs" was not found on the file system:

    node_modules/.pnpm/node_modules/react-aria/package.json:30:16:
      30 │       "import": "./dist/exports/*.mjs",
         ╵                 ~~~~~~~~~~~~~~~~~~~~~~

  You can mark the path "react-aria/mergeRefs" as external to exclude it from the bundle, which will remove this error and leave the unresolved path in the bundle.

X [ERROR] Could not resolve "react-aria/mergeProps"

    node_modules/.pnpm/react-aria-components@1.21._b5cfd5b3f7fdf12844df94706b6190db/node_modules/react-aria-components/dist/private/DropZone.mjs:9:46:
      9 │ import {mergeProps as $7DqZ6$mergeProps} from "react-aria/mergeProps";
        ╵                                               ~~~~~~~~~~~~~~~~~~~~~~~

  The module "./dist/exports/mergeProps.mjs" was not found on the file system:

    node_modules/.pnpm/node_modules/react-aria/package.json:30:16:
      30 │       "import": "./dist/exports/*.mjs",
         ╵                 ~~~~~~~~~~~~~~~~~~~~~~

  You can mark the path "react-aria/mergeProps" as external to exclude it from the bundle, which will remove this error and leave the unresolved path in the bundle.

X [ERROR] Could not resolve "react-aria/private/utils/inertValue"

    node_modules/.pnpm/react-aria-components@1.21._b5cfd5b3f7fdf12844df94706b6190db/node_modules/react-aria-components/dist/private/GridList.mjs:17:46:
      17 │ ... as $6XsrP$inertValue} from "react-aria/private/utils/inertValue";
         ╵                                ~~~~~~~~~~~~~~~~~~~~~~~~~~~~~~~~~~~~~

  The module "./dist/exports/private/utils/inertValue.mjs" was not found on the file system:

    node_modules/.pnpm/node_modules/react-aria/package.json:30:16:
      30 │       "import": "./dist/exports/*.mjs",
         ╵                 ~~~~~~~~~~~~~~~~~~~~~~

  You can mark the path "react-aria/private/utils/inertValue" as external to exclude it from the bundle, which will remove this error and leave the unresolved path in the bundle.

X [ERROR] Could not resolve "react-aria/private/utils/inertValue"

    node_modules/.pnpm/react-aria-components@1.21._b5cfd5b3f7fdf12844df94706b6190db/node_modules/react-aria-components/dist/private/Tree.mjs:16:46:
      16 │ ... as $YRtKP$inertValue} from "react-aria/private/utils/inertValue";
         ╵                                ~~~~~~~~~~~~~~~~~~~~~~~~~~~~~~~~~~~~~

  The module "./dist/exports/private/utils/inertValue.mjs" was not found on the file system:

    node_modules/.pnpm/node_modules/react-aria/package.json:30:16:
      30 │       "import": "./dist/exports/*.mjs",
         ╵                 ~~~~~~~~~~~~~~~~~~~~~~

  You can mark the path "react-aria/private/utils/inertValue" as external to exclude it from the bundle, which will remove this error and leave the unresolved path in the bundle.

X [ERROR] Could not resolve "react-aria/I18nProvider"

    node_modules/.pnpm/react-aria-components@1.21._b5cfd5b3f7fdf12844df94706b6190db/node_modules/react-aria-components/dist/private/Table.mjs:31:44:
      31 │ ...rt {useLocale as $8WNJc$useLocale} from "react-aria/I18nProvider";
         ╵                                            ~~~~~~~~~~~~~~~~~~~~~~~~~

  The module "./dist/exports/I18nProvider.mjs" was not found on the file system:

    node_modules/.pnpm/node_modules/react-aria/package.json:30:16:
      30 │       "import": "./dist/exports/*.mjs",
         ╵                 ~~~~~~~~~~~~~~~~~~~~~~

  You can mark the path "react-aria/I18nProvider" as external to exclude it from the bundle, which will remove this error and leave the unresolved path in the bundle.

X [ERROR] Could not resolve "react-aria/private/utils/useLayoutEffect"

    node_modules/.pnpm/@react-aria+utils@3.34.1_re_99a585eb891972086b0f4d932b80d394/node_modules/@react-aria/utils/dist/import.mjs:22:77:
      22 │ ...$useLayoutEffect} from "react-aria/private/utils/useLayoutEffect";
         ╵                           ~~~~~~~~~~~~~~~~~~~~~~~~~~~~~~~~~~~~~~~~~~

  The module "./dist/exports/private/utils/useLayoutEffect.mjs" was not found on the file system:

    node_modules/.pnpm/node_modules/react-aria/package.json:30:16:
      30 │       "import": "./dist/exports/*.mjs",
         ╵                 ~~~~~~~~~~~~~~~~~~~~~~

  You can mark the path "react-aria/private/utils/useLayoutEffect" as external to exclude it from the bundle, which will remove this error and leave the unresolved path in the bundle.

X [ERROR] Could not resolve "react-aria/useFocusRing"

    node_modules/.pnpm/react-aria-components@1.21._b5cfd5b3f7fdf12844df94706b6190db/node_modules/react-aria-components/dist/private/TokenField.mjs:13:50:
      13 │ ...eFocusRing as $iRP3W$useFocusRing} from "react-aria/useFocusRing";
         ╵                                            ~~~~~~~~~~~~~~~~~~~~~~~~~

  The module "./dist/exports/useFocusRing.mjs" was not found on the file system:

    node_modules/.pnpm/node_modules/react-aria/package.json:30:16:
      30 │       "import": "./dist/exports/*.mjs",
         ╵                 ~~~~~~~~~~~~~~~~~~~~~~

  You can mark the path "react-aria/useFocusRing" as external to exclude it from the bundle, which will remove this error and leave the unresolved path in the bundle.

X [ERROR] Could not resolve "react-aria/useButton"

    node_modules/.pnpm/react-aria-components@1.21._b5cfd5b3f7fdf12844df94706b6190db/node_modules/react-aria-components/dist/private/DropZone.mjs:11:44:
      11 │ import {useButton as $7DqZ6$useButton} from "react-aria/useButton";
         ╵                                             ~~~~~~~~~~~~~~~~~~~~~~

  The module "./dist/exports/useButton.mjs" was not found on the file system:

    node_modules/.pnpm/node_modules/react-aria/package.json:30:16:
      30 │       "import": "./dist/exports/*.mjs",
         ╵                 ~~~~~~~~~~~~~~~~~~~~~~

  You can mark the path "react-aria/useButton" as external to exclude it from the bundle, which will remove this error and leave the unresolved path in the bundle.

X [ERROR] Could not resolve "react-aria/ListKeyboardDelegate"

    node_modules/.pnpm/react-aria-components@1.21._b5cfd5b3f7fdf12844df94706b6190db/node_modules/react-aria-components/dist/private/GridList.mjs:18:66:
      18 │ ...XsrP$ListKeyboardDelegate} from "react-aria/ListKeyboardDelegate";
         ╵                                    ~~~~~~~~~~~~~~~~~~~~~~~~~~~~~~~~~

  The module "./dist/exports/ListKeyboardDelegate.mjs" was not found on the file system:

    node_modules/.pnpm/node_modules/react-aria/package.json:30:16:
      30 │       "import": "./dist/exports/*.mjs",
         ╵                 ~~~~~~~~~~~~~~~~~~~~~~

  You can mark the path "react-aria/ListKeyboardDelegate" as external to exclude it from the bundle, which will remove this error and leave the unresolved path in the bundle.

X [ERROR] Could not resolve "react-aria/ListKeyboardDelegate"

    node_modules/.pnpm/react-aria-components@1.21._b5cfd5b3f7fdf12844df94706b6190db/node_modules/react-aria-components/dist/private/Tree.mjs:17:66:
      17 │ ...RtKP$ListKeyboardDelegate} from "react-aria/ListKeyboardDelegate";
         ╵                                    ~~~~~~~~~~~~~~~~~~~~~~~~~~~~~~~~~

  The module "./dist/exports/ListKeyboardDelegate.mjs" was not found on the file system:

    node_modules/.pnpm/node_modules/react-aria/package.json:30:16:
      30 │       "import": "./dist/exports/*.mjs",
         ╵                 ~~~~~~~~~~~~~~~~~~~~~~

  You can mark the path "react-aria/ListKeyboardDelegate" as external to exclude it from the bundle, which will remove this error and leave the unresolved path in the bundle.

X [ERROR] Could not resolve "react-aria/useLocalizedStringFormatter"

    node_modules/.pnpm/react-aria-components@1.21._b5cfd5b3f7fdf12844df94706b6190db/node_modules/react-aria-components/dist/private/Table.mjs:32:80:
      32 │ ...zedStringFormatter} from "react-aria/useLocalizedStringFormatter";
         ╵                             ~~~~~~~~~~~~~~~~~~~~~~~~~~~~~~~~~~~~~~~~

  The module "./dist/exports/useLocalizedStringFormatter.mjs" was not found on the file system:

    node_modules/.pnpm/node_modules/react-aria/package.json:30:16:
      30 │       "import": "./dist/exports/*.mjs",
         ╵                 ~~~~~~~~~~~~~~~~~~~~~~

  You can mark the path "react-aria/useLocalizedStringFormatter" as external to exclude it from the bundle, which will remove this error and leave the unresolved path in the bundle.

X [ERROR] Could not resolve "react-aria/private/utils/useResizeObserver"

    node_modules/.pnpm/@react-aria+utils@3.34.1_re_99a585eb891972086b0f4d932b80d394/node_modules/@react-aria/utils/dist/import.mjs:23:81:
      23 │ ...ResizeObserver} from "react-aria/private/utils/useResizeObserver";
         ╵                         ~~~~~~~~~~~~~~~~~~~~~~~~~~~~~~~~~~~~~~~~~~~~

  The module "./dist/exports/private/utils/useResizeObserver.mjs" was not found on the file system:

    node_modules/.pnpm/node_modules/react-aria/package.json:30:16:
      30 │       "import": "./dist/exports/*.mjs",
         ╵                 ~~~~~~~~~~~~~~~~~~~~~~

  You can mark the path "react-aria/private/utils/useResizeObserver" as external to exclude it from the bundle, which will remove this error and leave the unresolved path in the bundle.

X [ERROR] Could not resolve "react-aria/private/utils/useLayoutEffect"

    node_modules/.pnpm/react-aria-components@1.21._b5cfd5b3f7fdf12844df94706b6190db/node_modules/react-aria-components/dist/private/TokenField.mjs:14:56:
      14 │ ...$useLayoutEffect} from "react-aria/private/utils/useLayoutEffect";
         ╵                           ~~~~~~~~~~~~~~~~~~~~~~~~~~~~~~~~~~~~~~~~~~

  The module "./dist/exports/private/utils/useLayoutEffect.mjs" was not found on the file system:

    node_modules/.pnpm/node_modules/react-aria/package.json:30:16:
      30 │       "import": "./dist/exports/*.mjs",
         ╵                 ~~~~~~~~~~~~~~~~~~~~~~

  You can mark the path "react-aria/private/utils/useLayoutEffect" as external to exclude it from the bundle, which will remove this error and leave the unresolved path in the bundle.

X [ERROR] Could not resolve "react-aria/useClipboard"

    node_modules/.pnpm/react-aria-components@1.21._b5cfd5b3f7fdf12844df94706b6190db/node_modules/react-aria-components/dist/private/DropZone.mjs:12:50:
      12 │ ...eClipboard as $7DqZ6$useClipboard} from "react-aria/useClipboard";
         ╵                                            ~~~~~~~~~~~~~~~~~~~~~~~~~

  The module "./dist/exports/useClipboard.mjs" was not found on the file system:

    node_modules/.pnpm/node_modules/react-aria/package.json:30:16:
      30 │       "import": "./dist/exports/*.mjs",
         ╵                 ~~~~~~~~~~~~~~~~~~~~~~

  You can mark the path "react-aria/useClipboard" as external to exclude it from the bundle, which will remove this error and leave the unresolved path in the bundle.

X [ERROR] Could not resolve "react-aria/private/utils/useLoadMoreSentinel"

    node_modules/.pnpm/react-aria-components@1.21._b5cfd5b3f7fdf12844df94706b6190db/node_modules/react-aria-components/dist/private/GridList.mjs:20:64:
      20 │ ...MoreSentinel} from "react-aria/private/utils/useLoadMoreSentinel";
         ╵                       ~~~~~~~~~~~~~~~~~~~~~~~~~~~~~~~~~~~~~~~~~~~~~~

  The module "./dist/exports/private/utils/useLoadMoreSentinel.mjs" was not found on the file system:

    node_modules/.pnpm/node_modules/react-aria/package.json:30:16:
      30 │       "import": "./dist/exports/*.mjs",
         ╵                 ~~~~~~~~~~~~~~~~~~~~~~

  You can mark the path "react-aria/private/utils/useLoadMoreSentinel" as external to exclude it from the bundle, which will remove this error and leave the unresolved path in the bundle.

X [ERROR] Could not resolve "react-aria/private/utils/useLoadMoreSentinel"

    node_modules/.pnpm/react-aria-components@1.21._b5cfd5b3f7fdf12844df94706b6190db/node_modules/react-aria-components/dist/private/Tree.mjs:18:64:
      18 │ ...MoreSentinel} from "react-aria/private/utils/useLoadMoreSentinel";
         ╵                       ~~~~~~~~~~~~~~~~~~~~~~~~~~~~~~~~~~~~~~~~~~~~~~

  The module "./dist/exports/private/utils/useLoadMoreSentinel.mjs" was not found on the file system:

    node_modules/.pnpm/node_modules/react-aria/package.json:30:16:
      30 │       "import": "./dist/exports/*.mjs",
         ╵                 ~~~~~~~~~~~~~~~~~~~~~~

  You can mark the path "react-aria/private/utils/useLoadMoreSentinel" as external to exclude it from the bundle, which will remove this error and leave the unresolved path in the bundle.

X [ERROR] Could not resolve "react-aria/useObjectRef"

    node_modules/.pnpm/react-aria-components@1.21._b5cfd5b3f7fdf12844df94706b6190db/node_modules/react-aria-components/dist/private/Table.mjs:34:50:
      34 │ ...eObjectRef as $8WNJc$useObjectRef} from "react-aria/useObjectRef";
         ╵                                            ~~~~~~~~~~~~~~~~~~~~~~~~~

  The module "./dist/exports/useObjectRef.mjs" was not found on the file system:

    node_modules/.pnpm/node_modules/react-aria/package.json:30:16:
      30 │       "import": "./dist/exports/*.mjs",
         ╵                 ~~~~~~~~~~~~~~~~~~~~~~

  You can mark the path "react-aria/useObjectRef" as external to exclude it from the bundle, which will remove this error and leave the unresolved path in the bundle.

X [ERROR] Could not resolve "react-aria/private/utils/useSyncRef"

    node_modules/.pnpm/@react-aria+utils@3.34.1_re_99a585eb891972086b0f4d932b80d394/node_modules/@react-aria/utils/dist/import.mjs:24:67:
      24 │ ...$re_export$useSyncRef} from "react-aria/private/utils/useSyncRef";
         ╵                                ~~~~~~~~~~~~~~~~~~~~~~~~~~~~~~~~~~~~~

  The module "./dist/exports/private/utils/useSyncRef.mjs" was not found on the file system:

    node_modules/.pnpm/node_modules/react-aria/package.json:30:16:
      30 │       "import": "./dist/exports/*.mjs",
         ╵                 ~~~~~~~~~~~~~~~~~~~~~~

  You can mark the path "react-aria/private/utils/useSyncRef" as external to exclude it from the bundle, which will remove this error and leave the unresolved path in the bundle.

X [ERROR] Could not resolve "react-aria/useObjectRef"

    node_modules/.pnpm/react-aria-components@1.21._b5cfd5b3f7fdf12844df94706b6190db/node_modules/react-aria-components/dist/private/TokenField.mjs:15:50:
      15 │ ...eObjectRef as $iRP3W$useObjectRef} from "react-aria/useObjectRef";
         ╵                                            ~~~~~~~~~~~~~~~~~~~~~~~~~

  The module "./dist/exports/useObjectRef.mjs" was not found on the file system:

    node_modules/.pnpm/node_modules/react-aria/package.json:30:16:
      30 │       "import": "./dist/exports/*.mjs",
         ╵                 ~~~~~~~~~~~~~~~~~~~~~~

  You can mark the path "react-aria/useObjectRef" as external to exclude it from the bundle, which will remove this error and leave the unresolved path in the bundle.

X [ERROR] Could not resolve "react-aria/useFocusRing"

    node_modules/.pnpm/react-aria-components@1.21._b5cfd5b3f7fdf12844df94706b6190db/node_modules/react-aria-components/dist/private/DropZone.mjs:13:50:
      13 │ ...eFocusRing as $7DqZ6$useFocusRing} from "react-aria/useFocusRing";
         ╵                                            ~~~~~~~~~~~~~~~~~~~~~~~~~

  The module "./dist/exports/useFocusRing.mjs" was not found on the file system:

    node_modules/.pnpm/node_modules/react-aria/package.json:30:16:
      30 │       "import": "./dist/exports/*.mjs",
         ╵                 ~~~~~~~~~~~~~~~~~~~~~~

  You can mark the path "react-aria/useFocusRing" as external to exclude it from the bundle, which will remove this error and leave the unresolved path in the bundle.

X [ERROR] Could not resolve "react-aria/mergeProps"

    node_modules/.pnpm/react-aria-components@1.21._b5cfd5b3f7fdf12844df94706b6190db/node_modules/react-aria-components/dist/private/GridList.mjs:21:46:
      21 │ ...rt {mergeProps as $6XsrP$mergeProps} from "react-aria/mergeProps";
         ╵                                              ~~~~~~~~~~~~~~~~~~~~~~~

  The module "./dist/exports/mergeProps.mjs" was not found on the file system:

    node_modules/.pnpm/node_modules/react-aria/package.json:30:16:
      30 │       "import": "./dist/exports/*.mjs",
         ╵                 ~~~~~~~~~~~~~~~~~~~~~~

  You can mark the path "react-aria/mergeProps" as external to exclude it from the bundle, which will remove this error and leave the unresolved path in the bundle.

X [ERROR] Could not resolve "react-aria/mergeProps"

    node_modules/.pnpm/react-aria-components@1.21._b5cfd5b3f7fdf12844df94706b6190db/node_modules/react-aria-components/dist/private/Tree.mjs:19:46:
      19 │ ...rt {mergeProps as $YRtKP$mergeProps} from "react-aria/mergeProps";
         ╵                                              ~~~~~~~~~~~~~~~~~~~~~~~

  The module "./dist/exports/mergeProps.mjs" was not found on the file system:

    node_modules/.pnpm/node_modules/react-aria/package.json:30:16:
      30 │       "import": "./dist/exports/*.mjs",
         ╵                 ~~~~~~~~~~~~~~~~~~~~~~

  You can mark the path "react-aria/mergeProps" as external to exclude it from the bundle, which will remove this error and leave the unresolved path in the bundle.

X [ERROR] Could not resolve "react-aria/private/utils/useResizeObserver"

    node_modules/.pnpm/react-aria-components@1.21._b5cfd5b3f7fdf12844df94706b6190db/node_modules/react-aria-components/dist/private/Table.mjs:35:60:
      35 │ ...ResizeObserver} from "react-aria/private/utils/useResizeObserver";
         ╵                         ~~~~~~~~~~~~~~~~~~~~~~~~~~~~~~~~~~~~~~~~~~~~

  The module "./dist/exports/private/utils/useResizeObserver.mjs" was not found on the file system:

    node_modules/.pnpm/node_modules/react-aria/package.json:30:16:
      30 │       "import": "./dist/exports/*.mjs",
         ╵                 ~~~~~~~~~~~~~~~~~~~~~~

  You can mark the path "react-aria/private/utils/useResizeObserver" as external to exclude it from the bundle, which will remove this error and leave the unresolved path in the bundle.

X [ERROR] Could not resolve "react-aria/private/utils/getScrollParent"

    node_modules/.pnpm/@react-aria+utils@3.34.1_re_99a585eb891972086b0f4d932b80d394/node_modules/@react-aria/utils/dist/import.mjs:25:77:
      25 │ ...$getScrollParent} from "react-aria/private/utils/getScrollParent";
         ╵                           ~~~~~~~~~~~~~~~~~~~~~~~~~~~~~~~~~~~~~~~~~~

  The module "./dist/exports/private/utils/getScrollParent.mjs" was not found on the file system:

    node_modules/.pnpm/node_modules/react-aria/package.json:30:16:
      30 │       "import": "./dist/exports/*.mjs",
         ╵                 ~~~~~~~~~~~~~~~~~~~~~~

  You can mark the path "react-aria/private/utils/getScrollParent" as external to exclude it from the bundle, which will remove this error and leave the unresolved path in the bundle.

X [ERROR] Could not resolve "react-aria/useTokenField"

    node_modules/.pnpm/react-aria-components@1.21._b5cfd5b3f7fdf12844df94706b6190db/node_modules/react-aria-components/dist/private/TokenField.mjs:16:81:
      16 │ ...eld, useToken as $iRP3W$useToken} from "react-aria/useTokenField";
         ╵                                           ~~~~~~~~~~~~~~~~~~~~~~~~~~

  The module "./dist/exports/useTokenField.mjs" was not found on the file system:

    node_modules/.pnpm/node_modules/react-aria/package.json:30:16:
      30 │       "import": "./dist/exports/*.mjs",
         ╵                 ~~~~~~~~~~~~~~~~~~~~~~

  You can mark the path "react-aria/useTokenField" as external to exclude it from the bundle, which will remove this error and leave the unresolved path in the bundle.

X [ERROR] Could not resolve "react-aria/useHover"

    node_modules/.pnpm/react-aria-components@1.21._b5cfd5b3f7fdf12844df94706b6190db/node_modules/react-aria-components/dist/private/DropZone.mjs:14:42:
      14 │ import {useHover as $7DqZ6$useHover} from "react-aria/useHover";
         ╵                                           ~~~~~~~~~~~~~~~~~~~~~

  The module "./dist/exports/useHover.mjs" was not found on the file system:

    node_modules/.pnpm/node_modules/react-aria/package.json:30:16:
      30 │       "import": "./dist/exports/*.mjs",
         ╵                 ~~~~~~~~~~~~~~~~~~~~~~

  You can mark the path "react-aria/useHover" as external to exclude it from the bundle, which will remove this error and leave the unresolved path in the bundle.

X [ERROR] Could not resolve "react-aria/useCollator"

    node_modules/.pnpm/react-aria-components@1.21._b5cfd5b3f7fdf12844df94706b6190db/node_modules/react-aria-components/dist/private/GridList.mjs:23:48:
      23 │ ...{useCollator as $6XsrP$useCollator} from "react-aria/useCollator";
         ╵                                             ~~~~~~~~~~~~~~~~~~~~~~~~

  The module "./dist/exports/useCollator.mjs" was not found on the file system:

    node_modules/.pnpm/node_modules/react-aria/package.json:30:16:
      30 │       "import": "./dist/exports/*.mjs",
         ╵                 ~~~~~~~~~~~~~~~~~~~~~~

  You can mark the path "react-aria/useCollator" as external to exclude it from the bundle, which will remove this error and leave the unresolved path in the bundle.

X [ERROR] Could not resolve "react-aria/useTable"

    node_modules/.pnpm/react-aria-components@1.21._b5cfd5b3f7fdf12844df94706b6190db/node_modules/react-aria-components/dist/private/Table.mjs:36:438:
      36 │ ..., useTableCell as $8WNJc$useTableCell} from "react-aria/useTable";
         ╵                                                ~~~~~~~~~~~~~~~~~~~~~

  The module "./dist/exports/useTable.mjs" was not found on the file system:

    node_modules/.pnpm/node_modules/react-aria/package.json:30:16:
      30 │       "import": "./dist/exports/*.mjs",
         ╵                 ~~~~~~~~~~~~~~~~~~~~~~

  You can mark the path "react-aria/useTable" as external to exclude it from the bundle, which will remove this error and leave the unresolved path in the bundle.

X [ERROR] Could not resolve "react-aria/private/collections/useCachedChildren"

    node_modules/.pnpm/react-aria-components@1.21._b5cfd5b3f7fdf12844df94706b6190db/node_modules/react-aria-components/dist/private/Tree.mjs:22:60:
      22 │ ...Children} from "react-aria/private/collections/useCachedChildren";
         ╵                   ~~~~~~~~~~~~~~~~~~~~~~~~~~~~~~~~~~~~~~~~~~~~~~~~~~

  The module "./dist/exports/private/collections/useCachedChildren.mjs" was not found on the file system:

    node_modules/.pnpm/node_modules/react-aria/package.json:30:16:
      30 │       "import": "./dist/exports/*.mjs",
         ╵                 ~~~~~~~~~~~~~~~~~~~~~~

  You can mark the path "react-aria/private/collections/useCachedChildren" as external to exclude it from the bundle, which will remove this error and leave the unresolved path in the bundle.

X [ERROR] Could not resolve "react-aria/private/utils/getScrollParents"

    node_modules/.pnpm/@react-aria+utils@3.34.1_re_99a585eb891972086b0f4d932b80d394/node_modules/@react-aria/utils/dist/import.mjs:26:79:
      26 │ ...etScrollParents} from "react-aria/private/utils/getScrollParents";
         ╵                          ~~~~~~~~~~~~~~~~~~~~~~~~~~~~~~~~~~~~~~~~~~~

  The module "./dist/exports/private/utils/getScrollParents.mjs" was not found on the file system:

    node_modules/.pnpm/node_modules/react-aria/package.json:30:16:
      30 │       "import": "./dist/exports/*.mjs",
         ╵                 ~~~~~~~~~~~~~~~~~~~~~~

  You can mark the path "react-aria/private/utils/getScrollParents" as external to exclude it from the bundle, which will remove this error and leave the unresolved path in the bundle.

X [ERROR] Could not resolve "react-aria/private/utils/useLabels"

    node_modules/.pnpm/react-aria-components@1.21._b5cfd5b3f7fdf12844df94706b6190db/node_modules/react-aria-components/dist/private/DropZone.mjs:15:44:
      15 │ ...ls as $7DqZ6$useLabels} from "react-aria/private/utils/useLabels";
         ╵                                 ~~~~~~~~~~~~~~~~~~~~~~~~~~~~~~~~~~~~

  The module "./dist/exports/private/utils/useLabels.mjs" was not found on the file system:

    node_modules/.pnpm/node_modules/react-aria/package.json:30:16:
      30 │       "import": "./dist/exports/*.mjs",
         ╵                 ~~~~~~~~~~~~~~~~~~~~~~

  You can mark the path "react-aria/private/utils/useLabels" as external to exclude it from the bundle, which will remove this error and leave the unresolved path in the bundle.

X [ERROR] Could not resolve "react-aria/useFocusRing"

    node_modules/.pnpm/react-aria-components@1.21._b5cfd5b3f7fdf12844df94706b6190db/node_modules/react-aria-components/dist/private/GridList.mjs:24:50:
      24 │ ...eFocusRing as $6XsrP$useFocusRing} from "react-aria/useFocusRing";
         ╵                                            ~~~~~~~~~~~~~~~~~~~~~~~~~

  The module "./dist/exports/useFocusRing.mjs" was not found on the file system:

    node_modules/.pnpm/node_modules/react-aria/package.json:30:16:
      30 │       "import": "./dist/exports/*.mjs",
         ╵                 ~~~~~~~~~~~~~~~~~~~~~~

  You can mark the path "react-aria/useFocusRing" as external to exclude it from the bundle, which will remove this error and leave the unresolved path in the bundle.

X [ERROR] Could not resolve "react-aria/VisuallyHidden"

    node_modules/.pnpm/react-aria-components@1.21._b5cfd5b3f7fdf12844df94706b6190db/node_modules/react-aria-components/dist/private/Table.mjs:37:60:
      37 │ ...den as $8WNJc$useVisuallyHidden} from "react-aria/VisuallyHidden";
         ╵                                          ~~~~~~~~~~~~~~~~~~~~~~~~~~~

  The module "./dist/exports/VisuallyHidden.mjs" was not found on the file system:

    node_modules/.pnpm/node_modules/react-aria/package.json:30:16:
      30 │       "import": "./dist/exports/*.mjs",
         ╵                 ~~~~~~~~~~~~~~~~~~~~~~

  You can mark the path "react-aria/VisuallyHidden" as external to exclude it from the bundle, which will remove this error and leave the unresolved path in the bundle.

X [ERROR] Could not resolve "react-aria/useCollator"

    node_modules/.pnpm/react-aria-components@1.21._b5cfd5b3f7fdf12844df94706b6190db/node_modules/react-aria-components/dist/private/Tree.mjs:23:48:
      23 │ ...{useCollator as $YRtKP$useCollator} from "react-aria/useCollator";
         ╵                                             ~~~~~~~~~~~~~~~~~~~~~~~~

  The module "./dist/exports/useCollator.mjs" was not found on the file system:

    node_modules/.pnpm/node_modules/react-aria/package.json:30:16:
      30 │       "import": "./dist/exports/*.mjs",
         ╵                 ~~~~~~~~~~~~~~~~~~~~~~

  You can mark the path "react-aria/useCollator" as external to exclude it from the bundle, which will remove this error and leave the unresolved path in the bundle.

X [ERROR] Could not resolve "react-aria/private/utils/isScrollable"

    node_modules/.pnpm/@react-aria+utils@3.34.1_re_99a585eb891972086b0f4d932b80d394/node_modules/@react-aria/utils/dist/import.mjs:27:71:
      27 │ ...export$isScrollable} from "react-aria/private/utils/isScrollable";
         ╵                              ~~~~~~~~~~~~~~~~~~~~~~~~~~~~~~~~~~~~~~~

  The module "./dist/exports/private/utils/isScrollable.mjs" was not found on the file system:

    node_modules/.pnpm/node_modules/react-aria/package.json:30:16:
      30 │       "import": "./dist/exports/*.mjs",
         ╵                 ~~~~~~~~~~~~~~~~~~~~~~

  You can mark the path "react-aria/private/utils/isScrollable" as external to exclude it from the bundle, which will remove this error and leave the unresolved path in the bundle.

X [ERROR] Could not resolve "react-aria/useLocalizedStringFormatter"

    node_modules/.pnpm/react-aria-components@1.21._b5cfd5b3f7fdf12844df94706b6190db/node_modules/react-aria-components/dist/private/DropZone.mjs:16:80:
      16 │ ...zedStringFormatter} from "react-aria/useLocalizedStringFormatter";
         ╵                             ~~~~~~~~~~~~~~~~~~~~~~~~~~~~~~~~~~~~~~~~

  The module "./dist/exports/useLocalizedStringFormatter.mjs" was not found on the file system:

    node_modules/.pnpm/node_modules/react-aria/package.json:30:16:
      30 │       "import": "./dist/exports/*.mjs",
         ╵                 ~~~~~~~~~~~~~~~~~~~~~~

  You can mark the path "react-aria/useLocalizedStringFormatter" as external to exclude it from the bundle, which will remove this error and leave the unresolved path in the bundle.

X [ERROR] Could not resolve "react-aria/useHover"

    node_modules/.pnpm/react-aria-components@1.21._b5cfd5b3f7fdf12844df94706b6190db/node_modules/react-aria-components/dist/private/GridList.mjs:25:42:
      25 │ import {useHover as $6XsrP$useHover} from "react-aria/useHover";
         ╵                                           ~~~~~~~~~~~~~~~~~~~~~

  The module "./dist/exports/useHover.mjs" was not found on the file system:

    node_modules/.pnpm/node_modules/react-aria/package.json:30:16:
      30 │       "import": "./dist/exports/*.mjs",
         ╵                 ~~~~~~~~~~~~~~~~~~~~~~

  You can mark the path "react-aria/useHover" as external to exclude it from the bundle, which will remove this error and leave the unresolved path in the bundle.

X [ERROR] Could not resolve "react-aria/useFocusRing"

    node_modules/.pnpm/react-aria-components@1.21._b5cfd5b3f7fdf12844df94706b6190db/node_modules/react-aria-components/dist/private/Tree.mjs:25:50:
      25 │ ...eFocusRing as $YRtKP$useFocusRing} from "react-aria/useFocusRing";
         ╵                                            ~~~~~~~~~~~~~~~~~~~~~~~~~

  The module "./dist/exports/useFocusRing.mjs" was not found on the file system:

    node_modules/.pnpm/node_modules/react-aria/package.json:30:16:
      30 │       "import": "./dist/exports/*.mjs",
         ╵                 ~~~~~~~~~~~~~~~~~~~~~~

  You can mark the path "react-aria/useFocusRing" as external to exclude it from the bundle, which will remove this error and leave the unresolved path in the bundle.

X [ERROR] Could not resolve "react-aria/private/utils/useViewportSize"

    node_modules/.pnpm/@react-aria+utils@3.34.1_re_99a585eb891972086b0f4d932b80d394/node_modules/@react-aria/utils/dist/import.mjs:28:77:
      28 │ ...$useViewportSize} from "react-aria/private/utils/useViewportSize";
         ╵                           ~~~~~~~~~~~~~~~~~~~~~~~~~~~~~~~~~~~~~~~~~~

  The module "./dist/exports/private/utils/useViewportSize.mjs" was not found on the file system:

    node_modules/.pnpm/node_modules/react-aria/package.json:30:16:
      30 │       "import": "./dist/exports/*.mjs",
         ╵                 ~~~~~~~~~~~~~~~~~~~~~~

  You can mark the path "react-aria/private/utils/useViewportSize" as external to exclude it from the bundle, which will remove this error and leave the unresolved path in the bundle.

X [ERROR] Could not resolve "react-aria/useObjectRef"

    node_modules/.pnpm/react-aria-components@1.21._b5cfd5b3f7fdf12844df94706b6190db/node_modules/react-aria-components/dist/private/DropZone.mjs:17:50:
      17 │ ...eObjectRef as $7DqZ6$useObjectRef} from "react-aria/useObjectRef";
         ╵                                            ~~~~~~~~~~~~~~~~~~~~~~~~~

  The module "./dist/exports/useObjectRef.mjs" was not found on the file system:

    node_modules/.pnpm/node_modules/react-aria/package.json:30:16:
      30 │       "import": "./dist/exports/*.mjs",
         ╵                 ~~~~~~~~~~~~~~~~~~~~~~

  You can mark the path "react-aria/useObjectRef" as external to exclude it from the bundle, which will remove this error and leave the unresolved path in the bundle.

X [ERROR] Could not resolve "react-aria/I18nProvider"

    node_modules/.pnpm/react-aria-components@1.21._b5cfd5b3f7fdf12844df94706b6190db/node_modules/react-aria-components/dist/private/GridList.mjs:26:44:
      26 │ ...rt {useLocale as $6XsrP$useLocale} from "react-aria/I18nProvider";
         ╵                                            ~~~~~~~~~~~~~~~~~~~~~~~~~

  The module "./dist/exports/I18nProvider.mjs" was not found on the file system:

    node_modules/.pnpm/node_modules/react-aria/package.json:30:16:
      30 │       "import": "./dist/exports/*.mjs",
         ╵                 ~~~~~~~~~~~~~~~~~~~~~~

  You can mark the path "react-aria/I18nProvider" as external to exclude it from the bundle, which will remove this error and leave the unresolved path in the bundle.

X [ERROR] Could not resolve "react-aria/useGridList"

    node_modules/.pnpm/react-aria-components@1.21._b5cfd5b3f7fdf12844df94706b6190db/node_modules/react-aria-components/dist/private/Tree.mjs:26:131:
      26 │ ...ction as $YRtKP$useGridListSection} from "react-aria/useGridList";
         ╵                                             ~~~~~~~~~~~~~~~~~~~~~~~~

  The module "./dist/exports/useGridList.mjs" was not found on the file system:

    node_modules/.pnpm/node_modules/react-aria/package.json:30:16:
      30 │       "import": "./dist/exports/*.mjs",
         ╵                 ~~~~~~~~~~~~~~~~~~~~~~

  You can mark the path "react-aria/useGridList" as external to exclude it from the bundle, which will remove this error and leave the unresolved path in the bundle.

X [ERROR] Could not resolve "react-aria/private/utils/useDescription"

    node_modules/.pnpm/@react-aria+utils@3.34.1_re_99a585eb891972086b0f4d932b80d394/node_modules/@react-aria/utils/dist/import.mjs:29:75:
      29 │ ...rt$useDescription} from "react-aria/private/utils/useDescription";
         ╵                            ~~~~~~~~~~~~~~~~~~~~~~~~~~~~~~~~~~~~~~~~~

  The module "./dist/exports/private/utils/useDescription.mjs" was not found on the file system:

    node_modules/.pnpm/node_modules/react-aria/package.json:30:16:
      30 │       "import": "./dist/exports/*.mjs",
         ╵                 ~~~~~~~~~~~~~~~~~~~~~~

  You can mark the path "react-aria/private/utils/useDescription" as external to exclude it from the bundle, which will remove this error and leave the unresolved path in the bundle.

X [ERROR] Could not resolve "react-aria/private/utils/useId"

    node_modules/.pnpm/react-aria-components@1.21._b5cfd5b3f7fdf12844df94706b6190db/node_modules/react-aria-components/dist/private/DropZone.mjs:18:44:
      18 │ ...SlotId as $7DqZ6$useSlotId} from "react-aria/private/utils/useId";
         ╵                                     ~~~~~~~~~~~~~~~~~~~~~~~~~~~~~~~~

  The module "./dist/exports/private/utils/useId.mjs" was not found on the file system:

    node_modules/.pnpm/node_modules/react-aria/package.json:30:16:
      30 │       "import": "./dist/exports/*.mjs",
         ╵                 ~~~~~~~~~~~~~~~~~~~~~~

  You can mark the path "react-aria/private/utils/useId" as external to exclude it from the bundle, which will remove this error and leave the unresolved path in the bundle.

X [ERROR] Could not resolve "react-aria/useObjectRef"

    node_modules/.pnpm/react-aria-components@1.21._b5cfd5b3f7fdf12844df94706b6190db/node_modules/react-aria-components/dist/private/GridList.mjs:27:50:
      27 │ ...eObjectRef as $6XsrP$useObjectRef} from "react-aria/useObjectRef";
         ╵                                            ~~~~~~~~~~~~~~~~~~~~~~~~~

  The module "./dist/exports/useObjectRef.mjs" was not found on the file system:

    node_modules/.pnpm/node_modules/react-aria/package.json:30:16:
      30 │       "import": "./dist/exports/*.mjs",
         ╵                 ~~~~~~~~~~~~~~~~~~~~~~

  You can mark the path "react-aria/useObjectRef" as external to exclude it from the bundle, which will remove this error and leave the unresolved path in the bundle.

X [ERROR] Could not resolve "react-aria/useHover"

    node_modules/.pnpm/react-aria-components@1.21._b5cfd5b3f7fdf12844df94706b6190db/node_modules/react-aria-components/dist/private/Tree.mjs:27:42:
      27 │ import {useHover as $YRtKP$useHover} from "react-aria/useHover";
         ╵                                           ~~~~~~~~~~~~~~~~~~~~~

  The module "./dist/exports/useHover.mjs" was not found on the file system:

    node_modules/.pnpm/node_modules/react-aria/package.json:30:16:
      30 │       "import": "./dist/exports/*.mjs",
         ╵                 ~~~~~~~~~~~~~~~~~~~~~~

  You can mark the path "react-aria/useHover" as external to exclude it from the bundle, which will remove this error and leave the unresolved path in the bundle.

X [ERROR] Could not resolve "react-aria/private/utils/useEvent"

    node_modules/.pnpm/@react-aria+utils@3.34.1_re_99a585eb891972086b0f4d932b80d394/node_modules/@react-aria/utils/dist/import.mjs:30:63:
      30 │ ...4d2f$re_export$useEvent} from "react-aria/private/utils/useEvent";
         ╵                                  ~~~~~~~~~~~~~~~~~~~~~~~~~~~~~~~~~~~

  The module "./dist/exports/private/utils/useEvent.mjs" was not found on the file system:

    node_modules/.pnpm/node_modules/react-aria/package.json:30:16:
      30 │       "import": "./dist/exports/*.mjs",
         ╵                 ~~~~~~~~~~~~~~~~~~~~~~

  You can mark the path "react-aria/private/utils/useEvent" as external to exclude it from the bundle, which will remove this error and leave the unresolved path in the bundle.

X [ERROR] Could not resolve "react-aria/VisuallyHidden"

    node_modules/.pnpm/react-aria-components@1.21._b5cfd5b3f7fdf12844df94706b6190db/node_modules/react-aria-components/dist/private/DropZone.mjs:19:54:
      19 │ ...Hidden as $7DqZ6$VisuallyHidden} from "react-aria/VisuallyHidden";
         ╵                                          ~~~~~~~~~~~~~~~~~~~~~~~~~~~

  The module "./dist/exports/VisuallyHidden.mjs" was not found on the file system:

    node_modules/.pnpm/node_modules/react-aria/package.json:30:16:
      30 │       "import": "./dist/exports/*.mjs",
         ╵                 ~~~~~~~~~~~~~~~~~~~~~~

  You can mark the path "react-aria/VisuallyHidden" as external to exclude it from the bundle, which will remove this error and leave the unresolved path in the bundle.

X [ERROR] Could not resolve "react-aria/VisuallyHidden"

    node_modules/.pnpm/react-aria-components@1.21._b5cfd5b3f7fdf12844df94706b6190db/node_modules/react-aria-components/dist/private/GridList.mjs:28:60:
      28 │ ...den as $6XsrP$useVisuallyHidden} from "react-aria/VisuallyHidden";
         ╵                                          ~~~~~~~~~~~~~~~~~~~~~~~~~~~

  The module "./dist/exports/VisuallyHidden.mjs" was not found on the file system:

    node_modules/.pnpm/node_modules/react-aria/package.json:30:16:
      30 │       "import": "./dist/exports/*.mjs",
         ╵                 ~~~~~~~~~~~~~~~~~~~~~~

  You can mark the path "react-aria/VisuallyHidden" as external to exclude it from the bundle, which will remove this error and leave the unresolved path in the bundle.

X [ERROR] Could not resolve "react-aria/useId"

    node_modules/.pnpm/react-aria-components@1.21._b5cfd5b3f7fdf12844df94706b6190db/node_modules/react-aria-components/dist/private/Tree.mjs:28:36:
      28 │ import {useId as $YRtKP$useId} from "react-aria/useId";
         ╵                                     ~~~~~~~~~~~~~~~~~~

  The module "./dist/exports/useId.mjs" was not found on the file system:

    node_modules/.pnpm/node_modules/react-aria/package.json:30:16:
      30 │       "import": "./dist/exports/*.mjs",
         ╵                 ~~~~~~~~~~~~~~~~~~~~~~

  You can mark the path "react-aria/useId" as external to exclude it from the bundle, which will remove this error and leave the unresolved path in the bundle.

X [ERROR] Could not resolve "react-aria/private/utils/useValueEffect"

    node_modules/.pnpm/@react-aria+utils@3.34.1_re_99a585eb891972086b0f4d932b80d394/node_modules/@react-aria/utils/dist/import.mjs:31:75:
      31 │ ...rt$useValueEffect} from "react-aria/private/utils/useValueEffect";
         ╵                            ~~~~~~~~~~~~~~~~~~~~~~~~~~~~~~~~~~~~~~~~~

  The module "./dist/exports/private/utils/useValueEffect.mjs" was not found on the file system:

    node_modules/.pnpm/node_modules/react-aria/package.json:30:16:
      30 │       "import": "./dist/exports/*.mjs",
         ╵                 ~~~~~~~~~~~~~~~~~~~~~~

  You can mark the path "react-aria/private/utils/useValueEffect" as external to exclude it from the bundle, which will remove this error and leave the unresolved path in the bundle.

X [ERROR] Could not resolve "react-aria/I18nProvider"

    node_modules/.pnpm/react-aria-components@1.21._b5cfd5b3f7fdf12844df94706b6190db/node_modules/react-aria-components/dist/private/Tree.mjs:29:44:
      29 │ ...rt {useLocale as $YRtKP$useLocale} from "react-aria/I18nProvider";
         ╵                                            ~~~~~~~~~~~~~~~~~~~~~~~~~

  The module "./dist/exports/I18nProvider.mjs" was not found on the file system:

    node_modules/.pnpm/node_modules/react-aria/package.json:30:16:
      30 │       "import": "./dist/exports/*.mjs",
         ╵                 ~~~~~~~~~~~~~~~~~~~~~~

  You can mark the path "react-aria/I18nProvider" as external to exclude it from the bundle, which will remove this error and leave the unresolved path in the bundle.

X [ERROR] Could not resolve "react-aria/private/utils/scrollIntoView"

    node_modules/.pnpm/@react-aria+utils@3.34.1_re_99a585eb891972086b0f4d932b80d394/node_modules/@react-aria/utils/dist/import.mjs:32:145:
      32 │ ...crollIntoViewport} from "react-aria/private/utils/scrollIntoView";
         ╵                            ~~~~~~~~~~~~~~~~~~~~~~~~~~~~~~~~~~~~~~~~~

  The module "./dist/exports/private/utils/scrollIntoView.mjs" was not found on the file system:

    node_modules/.pnpm/node_modules/react-aria/package.json:30:16:
      30 │       "import": "./dist/exports/*.mjs",
         ╵                 ~~~~~~~~~~~~~~~~~~~~~~

  You can mark the path "react-aria/private/utils/scrollIntoView" as external to exclude it from the bundle, which will remove this error and leave the unresolved path in the bundle.

X [ERROR] Could not resolve "react-aria/useObjectRef"

    node_modules/.pnpm/react-aria-components@1.21._b5cfd5b3f7fdf12844df94706b6190db/node_modules/react-aria-components/dist/private/Tree.mjs:30:50:
      30 │ ...eObjectRef as $YRtKP$useObjectRef} from "react-aria/useObjectRef";
         ╵                                            ~~~~~~~~~~~~~~~~~~~~~~~~~

  The module "./dist/exports/useObjectRef.mjs" was not found on the file system:

    node_modules/.pnpm/node_modules/react-aria/package.json:30:16:
      30 │       "import": "./dist/exports/*.mjs",
         ╵                 ~~~~~~~~~~~~~~~~~~~~~~

  You can mark the path "react-aria/useObjectRef" as external to exclude it from the bundle, which will remove this error and leave the unresolved path in the bundle.

X [ERROR] Could not resolve "react-aria/private/utils/isVirtualEvent"

    node_modules/.pnpm/@react-aria+utils@3.34.1_re_99a585eb891972086b0f4d932b80d394/node_modules/@react-aria/utils/dist/import.mjs:33:151:
      33 │ ...rtualPointerEvent} from "react-aria/private/utils/isVirtualEvent";
         ╵                            ~~~~~~~~~~~~~~~~~~~~~~~~~~~~~~~~~~~~~~~~~

  The module "./dist/exports/private/utils/isVirtualEvent.mjs" was not found on the file system:

    node_modules/.pnpm/node_modules/react-aria/package.json:30:16:
      30 │       "import": "./dist/exports/*.mjs",
         ╵                 ~~~~~~~~~~~~~~~~~~~~~~

  You can mark the path "react-aria/private/utils/isVirtualEvent" as external to exclude it from the bundle, which will remove this error and leave the unresolved path in the bundle.

X [ERROR] Could not resolve "react-aria/VisuallyHidden"

    node_modules/.pnpm/react-aria-components@1.21._b5cfd5b3f7fdf12844df94706b6190db/node_modules/react-aria-components/dist/private/Tree.mjs:31:60:
      31 │ ...den as $YRtKP$useVisuallyHidden} from "react-aria/VisuallyHidden";
         ╵                                          ~~~~~~~~~~~~~~~~~~~~~~~~~~~

  The module "./dist/exports/VisuallyHidden.mjs" was not found on the file system:

    node_modules/.pnpm/node_modules/react-aria/package.json:30:16:
      30 │       "import": "./dist/exports/*.mjs",
         ╵                 ~~~~~~~~~~~~~~~~~~~~~~

  You can mark the path "react-aria/VisuallyHidden" as external to exclude it from the bundle, which will remove this error and leave the unresolved path in the bundle.

X [ERROR] Could not resolve "react-aria/private/utils/useEffectEvent"

    node_modules/.pnpm/@react-aria+utils@3.34.1_re_99a585eb891972086b0f4d932b80d394/node_modules/@react-aria/utils/dist/import.mjs:34:75:
      34 │ ...rt$useEffectEvent} from "react-aria/private/utils/useEffectEvent";
         ╵                            ~~~~~~~~~~~~~~~~~~~~~~~~~~~~~~~~~~~~~~~~~

  The module "./dist/exports/private/utils/useEffectEvent.mjs" was not found on the file system:

    node_modules/.pnpm/node_modules/react-aria/package.json:30:16:
      30 │       "import": "./dist/exports/*.mjs",
         ╵                 ~~~~~~~~~~~~~~~~~~~~~~

  You can mark the path "react-aria/private/utils/useEffectEvent" as external to exclude it from the bundle, which will remove this error and leave the unresolved path in the bundle.

X [ERROR] Could not resolve "react-aria/private/utils/useDeepMemo"

    node_modules/.pnpm/@react-aria+utils@3.34.1_re_99a585eb891972086b0f4d932b80d394/node_modules/@react-aria/utils/dist/import.mjs:35:69:
      35 │ ...e_export$useDeepMemo} from "react-aria/private/utils/useDeepMemo";
         ╵                               ~~~~~~~~~~~~~~~~~~~~~~~~~~~~~~~~~~~~~~

  The module "./dist/exports/private/utils/useDeepMemo.mjs" was not found on the file system:

    node_modules/.pnpm/node_modules/react-aria/package.json:30:16:
      30 │       "import": "./dist/exports/*.mjs",
         ╵                 ~~~~~~~~~~~~~~~~~~~~~~

  You can mark the path "react-aria/private/utils/useDeepMemo" as external to exclude it from the bundle, which will remove this error and leave the unresolved path in the bundle.

X [ERROR] Could not resolve "react-aria/private/utils/useFormReset"

    node_modules/.pnpm/@react-aria+utils@3.34.1_re_99a585eb891972086b0f4d932b80d394/node_modules/@react-aria/utils/dist/import.mjs:36:71:
      36 │ ...export$useFormReset} from "react-aria/private/utils/useFormReset";
         ╵                              ~~~~~~~~~~~~~~~~~~~~~~~~~~~~~~~~~~~~~~~

  The module "./dist/exports/private/utils/useFormReset.mjs" was not found on the file system:

    node_modules/.pnpm/node_modules/react-aria/package.json:30:16:
      30 │       "import": "./dist/exports/*.mjs",
         ╵                 ~~~~~~~~~~~~~~~~~~~~~~

  You can mark the path "react-aria/private/utils/useFormReset" as external to exclude it from the bundle, which will remove this error and leave the unresolved path in the bundle.

X [ERROR] Could not resolve "react-aria/private/utils/useLoadMore"

    node_modules/.pnpm/@react-aria+utils@3.34.1_re_99a585eb891972086b0f4d932b80d394/node_modules/@react-aria/utils/dist/import.mjs:37:69:
      37 │ ...e_export$useLoadMore} from "react-aria/private/utils/useLoadMore";
         ╵                               ~~~~~~~~~~~~~~~~~~~~~~~~~~~~~~~~~~~~~~

  The module "./dist/exports/private/utils/useLoadMore.mjs" was not found on the file system:

    node_modules/.pnpm/node_modules/react-aria/package.json:30:16:
      30 │       "import": "./dist/exports/*.mjs",
         ╵                 ~~~~~~~~~~~~~~~~~~~~~~

  You can mark the path "react-aria/private/utils/useLoadMore" as external to exclude it from the bundle, which will remove this error and leave the unresolved path in the bundle.

X [ERROR] Could not resolve "react-aria/private/utils/useLoadMoreSentinel"

    node_modules/.pnpm/@react-aria+utils@3.34.1_re_99a585eb891972086b0f4d932b80d394/node_modules/@react-aria/utils/dist/import.mjs:38:85:
      38 │ ...MoreSentinel} from "react-aria/private/utils/useLoadMoreSentinel";
         ╵                       ~~~~~~~~~~~~~~~~~~~~~~~~~~~~~~~~~~~~~~~~~~~~~~

  The module "./dist/exports/private/utils/useLoadMoreSentinel.mjs" was not found on the file system:

    node_modules/.pnpm/node_modules/react-aria/package.json:30:16:
      30 │       "import": "./dist/exports/*.mjs",
         ╵                 ~~~~~~~~~~~~~~~~~~~~~~

  You can mark the path "react-aria/private/utils/useLoadMoreSentinel" as external to exclude it from the bundle, which will remove this error and leave the unresolved path in the bundle.

X [ERROR] Could not resolve "react-aria/private/utils/inertValue"

    node_modules/.pnpm/@react-aria+utils@3.34.1_re_99a585eb891972086b0f4d932b80d394/node_modules/@react-aria/utils/dist/import.mjs:39:67:
      39 │ ...$re_export$inertValue} from "react-aria/private/utils/inertValue";
         ╵                                ~~~~~~~~~~~~~~~~~~~~~~~~~~~~~~~~~~~~~

  The module "./dist/exports/private/utils/inertValue.mjs" was not found on the file system:

    node_modules/.pnpm/node_modules/react-aria/package.json:30:16:
      30 │       "import": "./dist/exports/*.mjs",
         ╵                 ~~~~~~~~~~~~~~~~~~~~~~

  You can mark the path "react-aria/private/utils/inertValue" as external to exclude it from the bundle, which will remove this error and leave the unresolved path in the bundle.

X [ERROR] Could not resolve "react-aria/private/utils/keyboard"

    node_modules/.pnpm/@react-aria+utils@3.34.1_re_99a585eb891972086b0f4d932b80d394/node_modules/@react-aria/utils/dist/import.mjs:40:145:
      40 │ ...export$willOpenKeyboard} from "react-aria/private/utils/keyboard";
         ╵                                  ~~~~~~~~~~~~~~~~~~~~~~~~~~~~~~~~~~~

  The module "./dist/exports/private/utils/keyboard.mjs" was not found on the file system:

    node_modules/.pnpm/node_modules/react-aria/package.json:30:16:
      30 │       "import": "./dist/exports/*.mjs",
         ╵                 ~~~~~~~~~~~~~~~~~~~~~~

  You can mark the path "react-aria/private/utils/keyboard" as external to exclude it from the bundle, which will remove this error and leave the unresolved path in the bundle.

X [ERROR] Could not resolve "react-aria/private/utils/animation"

    node_modules/.pnpm/@react-aria+utils@3.34.1_re_99a585eb891972086b0f4d932b80d394/node_modules/@react-aria/utils/dist/import.mjs:41:147:
      41 │ ...xport$useExitAnimation} from "react-aria/private/utils/animation";
         ╵                                 ~~~~~~~~~~~~~~~~~~~~~~~~~~~~~~~~~~~~

  The module "./dist/exports/private/utils/animation.mjs" was not found on the file system:

    node_modules/.pnpm/node_modules/react-aria/package.json:30:16:
      30 │       "import": "./dist/exports/*.mjs",
         ╵                 ~~~~~~~~~~~~~~~~~~~~~~

  You can mark the path "react-aria/private/utils/animation" as external to exclude it from the bundle, which will remove this error and leave the unresolved path in the bundle.

X [ERROR] Could not resolve "react-aria/private/utils/isFocusable"

    node_modules/.pnpm/@react-aria+utils@3.34.1_re_99a585eb891972086b0f4d932b80d394/node_modules/@react-aria/utils/dist/import.mjs:42:123:
      42 │ ...re_export$isTabbable} from "react-aria/private/utils/isFocusable";
         ╵                               ~~~~~~~~~~~~~~~~~~~~~~~~~~~~~~~~~~~~~~

  The module "./dist/exports/private/utils/isFocusable.mjs" was not found on the file system:

    node_modules/.pnpm/node_modules/react-aria/package.json:30:16:
      30 │       "import": "./dist/exports/*.mjs",
         ╵                 ~~~~~~~~~~~~~~~~~~~~~~

  You can mark the path "react-aria/private/utils/isFocusable" as external to exclude it from the bundle, which will remove this error and leave the unresolved path in the bundle.

X [ERROR] Could not resolve "react-aria/private/utils/getNonce"

    node_modules/.pnpm/@react-aria+utils@3.34.1_re_99a585eb891972086b0f4d932b80d394/node_modules/@react-aria/utils/dist/import.mjs:43:63:
      43 │ ...4d2f$re_export$getNonce} from "react-aria/private/utils/getNonce";
         ╵                                  ~~~~~~~~~~~~~~~~~~~~~~~~~~~~~~~~~~~

  The module "./dist/exports/private/utils/getNonce.mjs" was not found on the file system:

    node_modules/.pnpm/node_modules/react-aria/package.json:30:16:
      30 │       "import": "./dist/exports/*.mjs",
         ╵                 ~~~~~~~~~~~~~~~~~~~~~~

  You can mark the path "react-aria/private/utils/getNonce" as external to exclude it from the bundle, which will remove this error and leave the unresolved path in the bundle.

E:\codex\high-resume\node_modules\.pnpm\esbuild@0.28.2\node_modules\esbuild\lib\main.js:1752
  let error = new Error(text);
              ^

Error: Error during dependency optimization:

[31mX [41;31m[[41;97mERROR[41;31m][0m [1mCould not resolve "react-aria/private/collections/Hidden"[0m

    node_modules/.pnpm/@heroui+react@3.2.6_@intern_b1a806e12e22dd8c9aea32e8a3cc2bf3/node_modules/@heroui/react/dist/components/autocomplete/autocomplete.js:5:28:
[37m      5 │ import { useIsHidden } from [32m'react-aria/private/collections/Hidden'[37m;
        ╵                             [32m~~~~~~~~~~~~~~~~~~~~~~~~~~~~~~~~~~~~~~~[0m

  The module "./dist/exports/private/collections/Hidden.mjs" was not found on the file system:

    node_modules/.pnpm/node_modules/react-aria/package.json:30:16:
[37m      30 │       "import": [32m"./dist/exports/*.mjs"[37m,
         ╵                 [32m~~~~~~~~~~~~~~~~~~~~~~[0m

  You can mark the path "react-aria/private/collections/Hidden" as external to exclude it from the bundle, which will remove this error and leave the unresolved path in the bundle.


[31mX [41;31m[[41;97mERROR[41;31m][0m [1mCould not resolve "react-aria/useCalendar"[0m

    node_modules/.pnpm/@heroui+react@3.2.6_@intern_b1a806e12e22dd8c9aea32e8a3cc2bf3/node_modules/@heroui/react/dist/components/calendar-year-picker/calendar-year-picker.js:4:58:
[37m      4 │ ...ndarYearPicker, useCalendarHeading } from [32m'react-aria/useCalendar'[37m;
        ╵                                              [32m~~~~~~~~~~~~~~~~~~~~~~~~[0m

  The module "./dist/exports/useCalendar.mjs" was not found on the file system:

    node_modules/.pnpm/node_modules/react-aria/package.json:30:16:
[37m      30 │       "import": [32m"./dist/exports/*.mjs"[37m,
         ╵                 [32m~~~~~~~~~~~~~~~~~~~~~~[0m

  You can mark the path "react-aria/useCalendar" as external to exclude it from the bundle, which will remove this error and leave the unresolved path in the bundle.


[31mX [41;31m[[41;97mERROR[41;31m][0m [1mCould not resolve "react-aria/private/collections/Hidden"[0m

    node_modules/.pnpm/@heroui+react@3.2.6_@intern_b1a806e12e22dd8c9aea32e8a3cc2bf3/node_modules/@heroui/react/dist/components/combo-box/combo-box.js:4:28:
[37m      4 │ import { useIsHidden } from [32m'react-aria/private/collections/Hidden'[37m;
        ╵                             [32m~~~~~~~~~~~~~~~~~~~~~~~~~~~~~~~~~~~~~~~[0m

  The module "./dist/exports/private/collections/Hidden.mjs" was not found on the file system:

    node_modules/.pnpm/node_modules/react-aria/package.json:30:16:
[37m      30 │       "import": [32m"./dist/exports/*.mjs"[37m,
         ╵                 [32m~~~~~~~~~~~~~~~~~~~~~~[0m

  You can mark the path "react-aria/private/collections/Hidden" as external to exclude it from the bundle, which will remove this error and leave the unresolved path in the bundle.


[31mX [41;31m[[41;97mERROR[41;31m][0m [1mCould not resolve "react-aria/useFocusVisible"[0m

    node_modules/.pnpm/@heroui+react@3.2.6_@intern_b1a806e12e22dd8c9aea32e8a3cc2bf3/node_modules/@heroui/react/dist/components/toast/toast.js:5:32:
[37m      5 │ import { useFocusVisible } from [32m'react-aria/useFocusVisible'[37m;
        ╵                                 [32m~~~~~~~~~~~~~~~~~~~~~~~~~~~~[0m

  The module "./dist/exports/useFocusVisible.mjs" was not found on the file system:

    node_modules/.pnpm/node_modules/react-aria/package.json:30:16:
[37m      30 │       "import": [32m"./dist/exports/*.mjs"[37m,
         ╵                 [32m~~~~~~~~~~~~~~~~~~~~~~[0m

  You can mark the path "react-aria/useFocusVisible" as external to exclude it from the bundle, which will remove this error and leave the unresolved path in the bundle.


[31mX [41;31m[[41;97mERROR[41;31m][0m [1mCould not resolve "react-aria/useFocusable"[0m

    node_modules/.pnpm/@heroui+react@3.2.6_@intern_b1a806e12e22dd8c9aea32e8a3cc2bf3/node_modules/@heroui/react/dist/components/tooltip/tooltip.js:5:29:
[37m      5 │ import { useFocusable } from [32m'react-aria/useFocusable'[37m;
        ╵                              [32m~~~~~~~~~~~~~~~~~~~~~~~~~[0m

  The module "./dist/exports/useFocusable.mjs" was not found on the file system:

    node_modules/.pnpm/node_modules/react-aria/package.json:30:16:
[37m      30 │       "import": [32m"./dist/exports/*.mjs"[37m,
         ╵                 [32m~~~~~~~~~~~~~~~~~~~~~~[0m

  You can mark the path "react-aria/useFocusable" as external to exclude it from the bundle, which will remove this error and leave the unresolved path in the bundle.


[31mX [41;31m[[41;97mERROR[41;31m][0m [1mCould not resolve "react-aria/SSRProvider"[0m

    node_modules/.pnpm/@react-aria+ssr@3.10.1_reac_e0d6db4fb2cd00f0160d6ec353da61d4/node_modules/@react-aria/ssr/dist/import.mjs:1:119:
[37m      1 │ ...f00dc27212b61f45$re_export$useIsSSR} from [32m"react-aria/SSRProvider"[37m;
        ╵                                              [32m~~~~~~~~~~~~~~~~~~~~~~~~[0m

  The module "./dist/exports/SSRProvider.mjs" was not found on the file system:

    node_modules/.pnpm/node_modules/react-aria/package.json:30:16:
[37m      30 │       "import": [32m"./dist/exports/*.mjs"[37m,
         ╵                 [32m~~~~~~~~~~~~~~~~~~~~~~[0m

  You can mark the path "react-aria/SSRProvider" as external to exclude it from the bundle, which will remove this error and leave the unresolved path in the bundle.


[31mX [41;31m[[41;97mERROR[41;31m][0m [1mCould not resolve "react-aria/private/ssr/SSRProvider"[0m

    node_modules/.pnpm/@react-aria+ssr@3.10.1_reac_e0d6db4fb2cd00f0160d6ec353da61d4/node_modules/@react-aria/ssr/dist/import.mjs:2:71:
[37m      2 │ ...$re_export$useSSRSafeId} from [32m"react-aria/private/ssr/SSRProvider"[37m;
        ╵                                  [32m~~~~~~~~~~~~~~~~~~~~~~~~~~~~~~~~~~~~[0m

  The module "./dist/exports/private/ssr/SSRProvider.mjs" was not found on the file system:

    node_modules/.pnpm/node_modules/react-aria/package.json:30:16:
[37m      30 │       "import": [32m"./dist/exports/*.mjs"[37m,
         ╵                 [32m~~~~~~~~~~~~~~~~~~~~~~[0m

  You can mark the path "react-aria/private/ssr/SSRProvider" as external to exclude it from the bundle, which will remove this error and leave the unresolved path in the bundle.


[31mX [41;31m[[41;97mERROR[41;31m][0m [1mCould not resolve "react-aria/private/utils/constants"[0m

    node_modules/.pnpm/@react-aria+utils@3.34.1_re_99a585eb891972086b0f4d932b80d394/node_modules/@react-aria/utils/dist/import.mjs:1:137:
[37m      1 │ ...f$re_export$FOCUS_EVENT} from [32m"react-aria/private/utils/constants"[37m;
        ╵                                  [32m~~~~~~~~~~~~~~~~~~~~~~~~~~~~~~~~~~~~[0m

  The module "./dist/exports/private/utils/constants.mjs" was not found on the file system:

    node_modules/.pnpm/node_modules/react-aria/package.json:30:16:
[37m      30 │       "import": [32m"./dist/exports/*.mjs"[37m,
         ╵                 [32m~~~~~~~~~~~~~~~~~~~~~~[0m

  You can mark the path "react-aria/private/utils/constants" as external to exclude it from the bundle, which will remove this error and leave the unresolved path in the bundle.


[31mX [41;31m[[41;97mERROR[41;31m][0m [1mCould not resolve "react-aria/private/utils/platform"[0m

    node_modules/.pnpm/@react-aria+utils@3.34.1_re_99a585eb891972086b0f4d932b80d394/node_modules/@react-aria/utils/dist/import.mjs:2:461:
[37m      2 │ ...4d2f$re_export$isFirefox} from [32m"react-aria/private/utils/platform"[37m;
        ╵                                   [32m~~~~~~~~~~~~~~~~~~~~~~~~~~~~~~~~~~~[0m

  The module "./dist/exports/private/utils/platform.mjs" was not found on the file system:

    node_modules/.pnpm/node_modules/react-aria/package.json:30:16:
[37m      30 │       "import": [32m"./dist/exports/*.mjs"[37m,
         ╵                 [32m~~~~~~~~~~~~~~~~~~~~~~[0m

  You can mark the path "react-aria/private/utils/platform" as external to exclude it from the bundle, which will remove this error and leave the unresolved path in the bundle.


[31mX [41;31m[[41;97mERROR[41;31m][0m [1mCould not resolve "react-aria/private/utils/openLink"[0m

    node_modules/.pnpm/@react-aria+utils@3.34.1_re_99a585eb891972086b0f4d932b80d394/node_modules/@react-aria/utils/dist/import.mjs:3:525:
[37m      3 │ ...e_export$handleLinkClick} from [32m"react-aria/private/utils/openLink"[37m;
        ╵                                   [32m~~~~~~~~~~~~~~~~~~~~~~~~~~~~~~~~~~~[0m

  The module "./dist/exports/private/utils/openLink.mjs" was not found on the file system:

    node_modules/.pnpm/node_modules/react-aria/package.json:30:16:
[37m      30 │       "import": [32m"./dist/exports/*.mjs"[37m,
         ╵                 [32m~~~~~~~~~~~~~~~~~~~~~~[0m

  You can mark the path "react-aria/private/utils/openLink" as external to exclude it from the bundle, which will remove this error and leave the unresolved path in the bundle.


[31mX [41;31m[[41;97mERROR[41;31m][0m [1mCould not resolve "react-aria/useId"[0m

    node_modules/.pnpm/@react-aria+utils@3.34.1_re_99a585eb891972086b0f4d932b80d394/node_modules/@react-aria/utils/dist/import.mjs:4:57:
[37m      4 │ ...seId as $a8ea2faf2ebe4d2f$re_export$useId} from [32m"react-aria/useId"[37m;
        ╵                                                    [32m~~~~~~~~~~~~~~~~~~[0m

  The module "./dist/exports/useId.mjs" was not found on the file system:

    node_modules/.pnpm/node_modules/react-aria/package.json:30:16:
[37m      30 │       "import": [32m"./dist/exports/*.mjs"[37m,
         ╵                 [32m~~~~~~~~~~~~~~~~~~~~~~[0m

  You can mark the path "react-aria/useId" as external to exclude it from the bundle, which will remove this error and leave the unresolved path in the bundle.


[31mX [41;31m[[41;97mERROR[41;31m][0m [1mCould not resolve "react-aria/private/utils/useId"[0m

    node_modules/.pnpm/@react-aria+utils@3.34.1_re_99a585eb891972086b0f4d932b80d394/node_modules/@react-aria/utils/dist/import.mjs:5:115:
[37m      5 │ ...ebe4d2f$re_export$useSlotId} from [32m"react-aria/private/utils/useId"[37m;
        ╵                                      [32m~~~~~~~~~~~~~~~~~~~~~~~~~~~~~~~~[0m

  The module "./dist/exports/private/utils/useId.mjs" was not found on the file system:

    node_modules/.pnpm/node_modules/react-aria/package.json:30:16:
[37m      30 │       "import": [32m"./dist/exports/*.mjs"[37m,
         ╵                 [32m~~~~~~~~~~~~~~~~~~~~~~[0m

  You can mark the path "react-aria/private/utils/useId" as external to exclude it from the bundle, which will remove this error and leave the unresolved path in the bundle.


[31mX [41;31m[[41;97mERROR[41;31m][0m [1mCould not resolve "react-aria/chain"[0m

    node_modules/.pnpm/@react-aria+utils@3.34.1_re_99a585eb891972086b0f4d932b80d394/node_modules/@react-aria/utils/dist/import.mjs:6:57:
[37m      6 │ ...hain as $a8ea2faf2ebe4d2f$re_export$chain} from [32m"react-aria/chain"[37m;
        ╵                                                    [32m~~~~~~~~~~~~~~~~~~[0m

  The module "./dist/exports/chain.mjs" was not found on the file system:

    node_modules/.pnpm/node_modules/react-aria/package.json:30:16:
[37m      30 │       "import": [32m"./dist/exports/*.mjs"[37m,
         ╵                 [32m~~~~~~~~~~~~~~~~~~~~~~[0m

  You can mark the path "react-aria/chain" as external to exclude it from the bundle, which will remove this error and leave the unresolved path in the bundle.


[31mX [41;31m[[41;97mERROR[41;31m][0m [1mCould not resolve "react-aria/private/utils/shadowdom/ShadowTreeWalker"[0m

    node_modules/.pnpm/@react-aria+utils@3.34.1_re_99a585eb891972086b0f4d932b80d394/node_modules/@react-aria/utils/dist/import.mjs:7:157:
[37m      7 │ ...Walker} from [32m"react-aria/private/utils/shadowdom/ShadowTreeWalker"[37m;
        ╵                 [32m~~~~~~~~~~~~~~~~~~~~~~~~~~~~~~~~~~~~~~~~~~~~~~~~~~~~~[0m

  The module "./dist/exports/private/utils/shadowdom/ShadowTreeWalker.mjs" was not found on the file system:

    node_modules/.pnpm/node_modules/react-aria/package.json:30:16:
[37m      30 │       "import": [32m"./dist/exports/*.mjs"[37m,
         ╵                 [32m~~~~~~~~~~~~~~~~~~~~~~[0m

  You can mark the path "react-aria/private/utils/shadowdom/ShadowTreeWalker" as external to exclude it from the bundle, which will remove this error and leave the unresolved path in the bundle.


[31mX [41;31m[[41;97mERROR[41;31m][0m [1mCould not resolve "react-aria/private/utils/shadowdom/DOMFunctions"[0m

    node_modules/.pnpm/@react-aria+utils@3.34.1_re_99a585eb891972086b0f4d932b80d394/node_modules/@react-aria/utils/dist/import.mjs:8:259:
[37m      8 │ ...ocusWithin} from [32m"react-aria/private/utils/shadowdom/DOMFunctions"[37m;
        ╵                     [32m~~~~~~~~~~~~~~~~~~~~~~~~~~~~~~~~~~~~~~~~~~~~~~~~~[0m

  The module "./dist/exports/private/utils/shadowdom/DOMFunctions.mjs" was not found on the file system:

    node_modules/.pnpm/node_modules/react-aria/package.json:30:16:
[37m      30 │       "import": [32m"./dist/exports/*.mjs"[37m,
         ╵                 [32m~~~~~~~~~~~~~~~~~~~~~~[0m

  You can mark the path "react-aria/private/utils/shadowdom/DOMFunctions" as external to exclude it from the bundle, which will remove this error and leave the unresolved path in the bundle.


[31mX [41;31m[[41;97mERROR[41;31m][0m [1mCould not resolve "react-aria/private/utils/domHelpers"[0m

    node_modules/.pnpm/@react-aria+utils@3.34.1_re_99a585eb891972086b0f4d932b80d394/node_modules/@react-aria/utils/dist/import.mjs:9:199:
[37m      9 │ ...re_export$isShadowRoot} from [32m"react-aria/private/utils/domHelpers"[37m;
        ╵                                 [32m~~~~~~~~~~~~~~~~~~~~~~~~~~~~~~~~~~~~~[0m

  The module "./dist/exports/private/utils/domHelpers.mjs" was not found on the file system:

    node_modules/.pnpm/node_modules/react-aria/package.json:30:16:
[37m      30 │       "import": [32m"./dist/exports/*.mjs"[37m,
         ╵                 [32m~~~~~~~~~~~~~~~~~~~~~~[0m

  You can mark the path "react-aria/private/utils/domHelpers" as external to exclude it from the bundle, which will remove this error and leave the unresolved path in the bundle.


[31mX [41;31m[[41;97mERROR[41;31m][0m [1mCould not resolve "react-aria/mergeProps"[0m

    node_modules/.pnpm/@react-aria+utils@3.34.1_re_99a585eb891972086b0f4d932b80d394/node_modules/@react-aria/utils/dist/import.mjs:10:67:
[37m      10 │ ...ea2faf2ebe4d2f$re_export$mergeProps} from [32m"react-aria/mergeProps"[37m;
         ╵                                              [32m~~~~~~~~~~~~~~~~~~~~~~~[0m

  The module "./dist/exports/mergeProps.mjs" was not found on the file system:

    node_modules/.pnpm/node_modules/react-aria/package.json:30:16:
[37m      30 │       "import": [32m"./dist/exports/*.mjs"[37m,
         ╵                 [32m~~~~~~~~~~~~~~~~~~~~~~[0m

  You can mark the path "react-aria/mergeProps" as external to exclude it from the bundle, which will remove this error and leave the unresolved path in the bundle.


[31mX [41;31m[[41;97mERROR[41;31m][0m [1mCould not resolve "react-aria/mergeRefs"[0m

    node_modules/.pnpm/@react-aria+utils@3.34.1_re_99a585eb891972086b0f4d932b80d394/node_modules/@react-aria/utils/dist/import.mjs:11:65:
[37m      11 │ ...a8ea2faf2ebe4d2f$re_export$mergeRefs} from [32m"react-aria/mergeRefs"[37m;
         ╵                                               [32m~~~~~~~~~~~~~~~~~~~~~~[0m

  The module "./dist/exports/mergeRefs.mjs" was not found on the file system:

    node_modules/.pnpm/node_modules/react-aria/package.json:30:16:
[37m      30 │       "import": [32m"./dist/exports/*.mjs"[37m,
         ╵                 [32m~~~~~~~~~~~~~~~~~~~~~~[0m

  You can mark the path "react-aria/mergeRefs" as external to exclude it from the bundle, which will remove this error and leave the unresolved path in the bundle.


[31mX [41;31m[[41;97mERROR[41;31m][0m [1mCould not resolve "react-aria/filterDOMProps"[0m

    node_modules/.pnpm/@react-aria+utils@3.34.1_re_99a585eb891972086b0f4d932b80d394/node_modules/@react-aria/utils/dist/import.mjs:12:75:
[37m      12 │ ...be4d2f$re_export$filterDOMProps} from [32m"react-aria/filterDOMProps"[37m;
         ╵                                          [32m~~~~~~~~~~~~~~~~~~~~~~~~~~~[0m

  The module "./dist/exports/filterDOMProps.mjs" was not found on the file system:

    node_modules/.pnpm/node_modules/react-aria/package.json:30:16:
[37m      30 │       "import": [32m"./dist/exports/*.mjs"[37m,
         ╵                 [32m~~~~~~~~~~~~~~~~~~~~~~[0m

  You can mark the path "react-aria/filterDOMProps" as external to exclude it from the bundle, which will remove this error and leave the unresolved path in the bundle.


[31mX [41;31m[[41;97mERROR[41;31m][0m [1mCould not resolve "react-aria/private/utils/focusWithoutScrolling"[0m

    node_modules/.pnpm/@react-aria+utils@3.34.1_re_99a585eb891972086b0f4d932b80d394/node_modules/@react-aria/utils/dist/import.mjs:13:89:
[37m      13 │ ...tScrolling} from [32m"react-aria/private/utils/focusWithoutScrolling"[37m;
         ╵                     [32m~~~~~~~~~~~~~~~~~~~~~~~~~~~~~~~~~~~~~~~~~~~~~~~~[0m

  The module "./dist/exports/private/utils/focusWithoutScrolling.mjs" was not found on the file system:

    node_modules/.pnpm/node_modules/react-aria/package.json:30:16:
[37m      30 │       "import": [32m"./dist/exports/*.mjs"[37m,
         ╵                 [32m~~~~~~~~~~~~~~~~~~~~~~[0m

  You can mark the path "react-aria/private/utils/focusWithoutScrolling" as external to exclude it from the bundle, which will remove this error and leave the unresolved path in the bundle.


[31mX [41;31m[[41;97mERROR[41;31m][0m [1mCould not resolve "react-aria/private/utils/getOffset"[0m

    node_modules/.pnpm/@react-aria+utils@3.34.1_re_99a585eb891972086b0f4d932b80d394/node_modules/@react-aria/utils/dist/import.mjs:14:65:
[37m      14 │ ...2f$re_export$getOffset} from [32m"react-aria/private/utils/getOffset"[37m;
         ╵                                 [32m~~~~~~~~~~~~~~~~~~~~~~~~~~~~~~~~~~~~[0m

  The module "./dist/exports/private/utils/getOffset.mjs" was not found on the file system:

    node_modules/.pnpm/node_modules/react-aria/package.json:30:16:
[37m      30 │       "import": [32m"./dist/exports/*.mjs"[37m,
         ╵                 [32m~~~~~~~~~~~~~~~~~~~~~~[0m

  You can mark the path "react-aria/private/utils/getOffset" as external to exclude it from the bundle, which will remove this error and leave the unresolved path in the bundle.


[31mX [41;31m[[41;97mERROR[41;31m][0m [1mCould not resolve "react-aria/private/utils/runAfterTransition"[0m

    node_modules/.pnpm/@react-aria+utils@3.34.1_re_99a585eb891972086b0f4d932b80d394/node_modules/@react-aria/utils/dist/import.mjs:15:83:
[37m      15 │ ...terTransition} from [32m"react-aria/private/utils/runAfterTransition"[37m;
         ╵                        [32m~~~~~~~~~~~~~~~~~~~~~~~~~~~~~~~~~~~~~~~~~~~~~[0m

  The module "./dist/exports/private/utils/runAfterTransition.mjs" was not found on the file system:

    node_modules/.pnpm/node_modules/react-aria/package.json:30:16:
[37m      30 │       "import": [32m"./dist/exports/*.mjs"[37m,
         ╵                 [32m~~~~~~~~~~~~~~~~~~~~~~[0m

  You can mark the path "react-aria/private/utils/runAfterTransition" as external to exclude it from the bundle, which will remove this error and leave the unresolved path in the bundle.


[31mX [41;31m[[41;97mERROR[41;31m][0m [1mCould not resolve "react-aria/private/utils/useDrag1D"[0m

    node_modules/.pnpm/@react-aria+utils@3.34.1_re_99a585eb891972086b0f4d932b80d394/node_modules/@react-aria/utils/dist/import.mjs:16:65:
[37m      16 │ ...2f$re_export$useDrag1D} from [32m"react-aria/private/utils/useDrag1D"[37m;
         ╵                                 [32m~~~~~~~~~~~~~~~~~~~~~~~~~~~~~~~~~~~~[0m

  The module "./dist/exports/private/utils/useDrag1D.mjs" was not found on the file system:

    node_modules/.pnpm/node_modules/react-aria/package.json:30:16:
[37m      30 │       "import": [32m"./dist/exports/*.mjs"[37m,
         ╵                 [32m~~~~~~~~~~~~~~~~~~~~~~[0m

  You can mark the path "react-aria/private/utils/useDrag1D" as external to exclude it from the bundle, which will remove this error and leave the unresolved path in the bundle.


[31mX [41;31m[[41;97mERROR[41;31m][0m [1mCould not resolve "react-aria/private/utils/useGlobalListeners"[0m

    node_modules/.pnpm/@react-aria+utils@3.34.1_re_99a585eb891972086b0f4d932b80d394/node_modules/@react-aria/utils/dist/import.mjs:17:83:
[37m      17 │ ...obalListeners} from [32m"react-aria/private/utils/useGlobalListeners"[37m;
         ╵                        [32m~~~~~~~~~~~~~~~~~~~~~~~~~~~~~~~~~~~~~~~~~~~~~[0m

  The module "./dist/exports/private/utils/useGlobalListeners.mjs" was not found on the file system:

    node_modules/.pnpm/node_modules/react-aria/package.json:30:16:
[37m      30 │       "import": [32m"./dist/exports/*.mjs"[37m,
         ╵                 [32m~~~~~~~~~~~~~~~~~~~~~~[0m

  You can mark the path "react-aria/private/utils/useGlobalListeners" as external to exclude it from the bundle, which will remove this error and leave the unresolved path in the bundle.


[31mX [41;31m[[41;97mERROR[41;31m][0m [1mCould not resolve "react-aria/private/utils/useLabels"[0m

    node_modules/.pnpm/@react-aria+utils@3.34.1_re_99a585eb891972086b0f4d932b80d394/node_modules/@react-aria/utils/dist/import.mjs:18:65:
[37m      18 │ ...2f$re_export$useLabels} from [32m"react-aria/private/utils/useLabels"[37m;
         ╵                                 [32m~~~~~~~~~~~~~~~~~~~~~~~~~~~~~~~~~~~~[0m

  The module "./dist/exports/private/utils/useLabels.mjs" was not found on the file system:

    node_modules/.pnpm/node_modules/react-aria/package.json:30:16:
[37m      30 │       "import": [32m"./dist/exports/*.mjs"[37m,
         ╵                 [32m~~~~~~~~~~~~~~~~~~~~~~[0m

  You can mark the path "react-aria/private/utils/useLabels" as external to exclude it from the bundle, which will remove this error and leave the unresolved path in the bundle.


[31mX [41;31m[[41;97mERROR[41;31m][0m [1mCould not resolve "react-aria/useObjectRef"[0m

    node_modules/.pnpm/@react-aria+utils@3.34.1_re_99a585eb891972086b0f4d932b80d394/node_modules/@react-aria/utils/dist/import.mjs:19:71:
[37m      19 │ ...af2ebe4d2f$re_export$useObjectRef} from [32m"react-aria/useObjectRef"[37m;
         ╵                                            [32m~~~~~~~~~~~~~~~~~~~~~~~~~[0m

  The module "./dist/exports/useObjectRef.mjs" was not found on the file system:

    node_modules/.pnpm/node_modules/react-aria/package.json:30:16:
[37m      30 │       "import": [32m"./dist/exports/*.mjs"[37m,
         ╵                 [32m~~~~~~~~~~~~~~~~~~~~~~[0m

  You can mark the path "react-aria/useObjectRef" as external to exclude it from the bundle, which will remove this error and leave the unresolved path in the bundle.


[31mX [41;31m[[41;97mERROR[41;31m][0m [1mCould not resolve "react-aria/private/utils/useUpdateEffect"[0m

    node_modules/.pnpm/@react-aria+utils@3.34.1_re_99a585eb891972086b0f4d932b80d394/node_modules/@react-aria/utils/dist/import.mjs:20:77:
[37m      20 │ ...$useUpdateEffect} from [32m"react-aria/private/utils/useUpdateEffect"[37m;
         ╵                           [32m~~~~~~~~~~~~~~~~~~~~~~~~~~~~~~~~~~~~~~~~~~[0m

  The module "./dist/exports/private/utils/useUpdateEffect.mjs" was not found on the file system:

    node_modules/.pnpm/node_modules/react-aria/package.json:30:16:
[37m      30 │       "import": [32m"./dist/exports/*.mjs"[37m,
         ╵                 [32m~~~~~~~~~~~~~~~~~~~~~~[0m

  You can mark the path "react-aria/private/utils/useUpdateEffect" as external to exclude it from the bundle, which will remove this error and leave the unresolved path in the bundle.


[31mX [41;31m[[41;97mERROR[41;31m][0m [1mCould not resolve "react-aria/private/utils/useUpdateLayoutEffect"[0m

    node_modules/.pnpm/@react-aria+utils@3.34.1_re_99a585eb891972086b0f4d932b80d394/node_modules/@react-aria/utils/dist/import.mjs:21:89:
[37m      21 │ ...youtEffect} from [32m"react-aria/private/utils/useUpdateLayoutEffect"[37m;
         ╵                     [32m~~~~~~~~~~~~~~~~~~~~~~~~~~~~~~~~~~~~~~~~~~~~~~~~[0m

  The module "./dist/exports/private/utils/useUpdateLayoutEffect.mjs" was not found on the file system:

    node_modules/.pnpm/node_modules/react-aria/package.json:30:16:
[37m      30 │       "import": [32m"./dist/exports/*.mjs"[37m,
         ╵                 [32m~~~~~~~~~~~~~~~~~~~~~~[0m

  You can mark the path "react-aria/private/utils/useUpdateLayoutEffect" as external to exclude it from the bundle, which will remove this error and leave the unresolved path in the bundle.


[31mX [41;31m[[41;97mERROR[41;31m][0m [1mCould not resolve "react-aria/private/utils/useLayoutEffect"[0m

    node_modules/.pnpm/@react-aria+utils@3.34.1_re_99a585eb891972086b0f4d932b80d394/node_modules/@react-aria/utils/dist/import.mjs:22:77:
[37m      22 │ ...$useLayoutEffect} from [32m"react-aria/private/utils/useLayoutEffect"[37m;
         ╵                           [32m~~~~~~~~~~~~~~~~~~~~~~~~~~~~~~~~~~~~~~~~~~[0m

  The module "./dist/exports/private/utils/useLayoutEffect.mjs" was not found on the file system:

    node_modules/.pnpm/node_modules/react-aria/package.json:30:16:
[37m      30 │       "import": [32m"./dist/exports/*.mjs"[37m,
         ╵                 [32m~~~~~~~~~~~~~~~~~~~~~~[0m

  You can mark the path "react-aria/private/utils/useLayoutEffect" as external to exclude it from the bundle, which will remove this error and leave the unresolved path in the bundle.


[31mX [41;31m[[41;97mERROR[41;31m][0m [1mCould not resolve "react-aria/private/utils/useResizeObserver"[0m

    node_modules/.pnpm/@react-aria+utils@3.34.1_re_99a585eb891972086b0f4d932b80d394/node_modules/@react-aria/utils/dist/import.mjs:23:81:
[37m      23 │ ...ResizeObserver} from [32m"react-aria/private/utils/useResizeObserver"[37m;
         ╵                         [32m~~~~~~~~~~~~~~~~~~~~~~~~~~~~~~~~~~~~~~~~~~~~[0m

  The module "./dist/exports/private/utils/useResizeObserver.mjs" was not found on the file system:

    node_modules/.pnpm/node_modules/react-aria/package.json:30:16:
[37m      30 │       "import": [32m"./dist/exports/*.mjs"[37m,
         ╵                 [32m~~~~~~~~~~~~~~~~~~~~~~[0m

  You can mark the path "react-aria/private/utils/useResizeObserver" as external to exclude it from the bundle, which will remove this error and leave the unresolved path in the bundle.


[31mX [41;31m[[41;97mERROR[41;31m][0m [1mCould not resolve "react-aria/private/utils/useSyncRef"[0m

    node_modules/.pnpm/@react-aria+utils@3.34.1_re_99a585eb891972086b0f4d932b80d394/node_modules/@react-aria/utils/dist/import.mjs:24:67:
[37m      24 │ ...$re_export$useSyncRef} from [32m"react-aria/private/utils/useSyncRef"[37m;
         ╵                                [32m~~~~~~~~~~~~~~~~~~~~~~~~~~~~~~~~~~~~~[0m

  The module "./dist/exports/private/utils/useSyncRef.mjs" was not found on the file system:

    node_modules/.pnpm/node_modules/react-aria/package.json:30:16:
[37m      30 │       "import": [32m"./dist/exports/*.mjs"[37m,
         ╵                 [32m~~~~~~~~~~~~~~~~~~~~~~[0m

  You can mark the path "react-aria/private/utils/useSyncRef" as external to exclude it from the bundle, which will remove this error and leave the unresolved path in the bundle.


[31mX [41;31m[[41;97mERROR[41;31m][0m [1mCould not resolve "react-aria/private/utils/getScrollParent"[0m

    node_modules/.pnpm/@react-aria+utils@3.34.1_re_99a585eb891972086b0f4d932b80d394/node_modules/@react-aria/utils/dist/import.mjs:25:77:
[37m      25 │ ...$getScrollParent} from [32m"react-aria/private/utils/getScrollParent"[37m;
         ╵                           [32m~~~~~~~~~~~~~~~~~~~~~~~~~~~~~~~~~~~~~~~~~~[0m

  The module "./dist/exports/private/utils/getScrollParent.mjs" was not found on the file system:

    node_modules/.pnpm/node_modules/react-aria/package.json:30:16:
[37m      30 │       "import": [32m"./dist/exports/*.mjs"[37m,
         ╵                 [32m~~~~~~~~~~~~~~~~~~~~~~[0m

  You can mark the path "react-aria/private/utils/getScrollParent" as external to exclude it from the bundle, which will remove this error and leave the unresolved path in the bundle.


[31mX [41;31m[[41;97mERROR[41;31m][0m [1mCould not resolve "react-aria/private/utils/getScrollParents"[0m

    node_modules/.pnpm/@react-aria+utils@3.34.1_re_99a585eb891972086b0f4d932b80d394/node_modules/@react-aria/utils/dist/import.mjs:26:79:
[37m      26 │ ...etScrollParents} from [32m"react-aria/private/utils/getScrollParents"[37m;
         ╵                          [32m~~~~~~~~~~~~~~~~~~~~~~~~~~~~~~~~~~~~~~~~~~~[0m

  The module "./dist/exports/private/utils/getScrollParents.mjs" was not found on the file system:

    node_modules/.pnpm/node_modules/react-aria/package.json:30:16:
[37m      30 │       "import": [32m"./dist/exports/*.mjs"[37m,
         ╵                 [32m~~~~~~~~~~~~~~~~~~~~~~[0m

  You can mark the path "react-aria/private/utils/getScrollParents" as external to exclude it from the bundle, which will remove this error and leave the unresolved path in the bundle.


[31mX [41;31m[[41;97mERROR[41;31m][0m [1mCould not resolve "react-aria/private/utils/isScrollable"[0m

    node_modules/.pnpm/@react-aria+utils@3.34.1_re_99a585eb891972086b0f4d932b80d394/node_modules/@react-aria/utils/dist/import.mjs:27:71:
[37m      27 │ ...export$isScrollable} from [32m"react-aria/private/utils/isScrollable"[37m;
         ╵                              [32m~~~~~~~~~~~~~~~~~~~~~~~~~~~~~~~~~~~~~~~[0m

  The module "./dist/exports/private/utils/isScrollable.mjs" was not found on the file system:

    node_modules/.pnpm/node_modules/react-aria/package.json:30:16:
[37m      30 │       "import": [32m"./dist/exports/*.mjs"[37m,
         ╵                 [32m~~~~~~~~~~~~~~~~~~~~~~[0m

  You can mark the path "react-aria/private/utils/isScrollable" as external to exclude it from the bundle, which will remove this error and leave the unresolved path in the bundle.


[31mX [41;31m[[41;97mERROR[41;31m][0m [1mCould not resolve "react-aria/private/utils/useViewportSize"[0m

    node_modules/.pnpm/@react-aria+utils@3.34.1_re_99a585eb891972086b0f4d932b80d394/node_modules/@react-aria/utils/dist/import.mjs:28:77:
[37m      28 │ ...$useViewportSize} from [32m"react-aria/private/utils/useViewportSize"[37m;
         ╵                           [32m~~~~~~~~~~~~~~~~~~~~~~~~~~~~~~~~~~~~~~~~~~[0m

  The module "./dist/exports/private/utils/useViewportSize.mjs" was not found on the file system:

    node_modules/.pnpm/node_modules/react-aria/package.json:30:16:
[37m      30 │       "import": [32m"./dist/exports/*.mjs"[37m,
         ╵                 [32m~~~~~~~~~~~~~~~~~~~~~~[0m

  You can mark the path "react-aria/private/utils/useViewportSize" as external to exclude it from the bundle, which will remove this error and leave the unresolved path in the bundle.


[31mX [41;31m[[41;97mERROR[41;31m][0m [1mCould not resolve "react-aria/private/utils/useDescription"[0m

    node_modules/.pnpm/@react-aria+utils@3.34.1_re_99a585eb891972086b0f4d932b80d394/node_modules/@react-aria/utils/dist/import.mjs:29:75:
[37m      29 │ ...rt$useDescription} from [32m"react-aria/private/utils/useDescription"[37m;
         ╵                            [32m~~~~~~~~~~~~~~~~~~~~~~~~~~~~~~~~~~~~~~~~~[0m

  The module "./dist/exports/private/utils/useDescription.mjs" was not found on the file system:

    node_modules/.pnpm/node_modules/react-aria/package.json:30:16:
[37m      30 │       "import": [32m"./dist/exports/*.mjs"[37m,
         ╵                 [32m~~~~~~~~~~~~~~~~~~~~~~[0m

  You can mark the path "react-aria/private/utils/useDescription" as external to exclude it from the bundle, which will remove this error and leave the unresolved path in the bundle.


[31mX [41;31m[[41;97mERROR[41;31m][0m [1mCould not resolve "react-aria/private/utils/useEvent"[0m

    node_modules/.pnpm/@react-aria+utils@3.34.1_re_99a585eb891972086b0f4d932b80d394/node_modules/@react-aria/utils/dist/import.mjs:30:63:
[37m      30 │ ...4d2f$re_export$useEvent} from [32m"react-aria/private/utils/useEvent"[37m;
         ╵                                  [32m~~~~~~~~~~~~~~~~~~~~~~~~~~~~~~~~~~~[0m

  The module "./dist/exports/private/utils/useEvent.mjs" was not found on the file system:

    node_modules/.pnpm/node_modules/react-aria/package.json:30:16:
[37m      30 │       "import": [32m"./dist/exports/*.mjs"[37m,
         ╵                 [32m~~~~~~~~~~~~~~~~~~~~~~[0m

  You can mark the path "react-aria/private/utils/useEvent" as external to exclude it from the bundle, which will remove this error and leave the unresolved path in the bundle.


[31mX [41;31m[[41;97mERROR[41;31m][0m [1mCould not resolve "react-aria/private/utils/useValueEffect"[0m

    node_modules/.pnpm/@react-aria+utils@3.34.1_re_99a585eb891972086b0f4d932b80d394/node_modules/@react-aria/utils/dist/import.mjs:31:75:
[37m      31 │ ...rt$useValueEffect} from [32m"react-aria/private/utils/useValueEffect"[37m;
         ╵                            [32m~~~~~~~~~~~~~~~~~~~~~~~~~~~~~~~~~~~~~~~~~[0m

  The module "./dist/exports/private/utils/useValueEffect.mjs" was not found on the file system:

    node_modules/.pnpm/node_modules/react-aria/package.json:30:16:
[37m      30 │       "import": [32m"./dist/exports/*.mjs"[37m,
         ╵                 [32m~~~~~~~~~~~~~~~~~~~~~~[0m

  You can mark the path "react-aria/private/utils/useValueEffect" as external to exclude it from the bundle, which will remove this error and leave the unresolved path in the bundle.


[31mX [41;31m[[41;97mERROR[41;31m][0m [1mCould not resolve "react-aria/private/utils/scrollIntoView"[0m

    node_modules/.pnpm/@react-aria+utils@3.34.1_re_99a585eb891972086b0f4d932b80d394/node_modules/@react-aria/utils/dist/import.mjs:32:145:
[37m      32 │ ...crollIntoViewport} from [32m"react-aria/private/utils/scrollIntoView"[37m;
         ╵                            [32m~~~~~~~~~~~~~~~~~~~~~~~~~~~~~~~~~~~~~~~~~[0m

  The module "./dist/exports/private/utils/scrollIntoView.mjs" was not found on the file system:

    node_modules/.pnpm/node_modules/react-aria/package.json:30:16:
[37m      30 │       "import": [32m"./dist/exports/*.mjs"[37m,
         ╵                 [32m~~~~~~~~~~~~~~~~~~~~~~[0m

  You can mark the path "react-aria/private/utils/scrollIntoView" as external to exclude it from the bundle, which will remove this error and leave the unresolved path in the bundle.


[31mX [41;31m[[41;97mERROR[41;31m][0m [1mCould not resolve "react-aria/private/utils/isVirtualEvent"[0m

    node_modules/.pnpm/@react-aria+utils@3.34.1_re_99a585eb891972086b0f4d932b80d394/node_modules/@react-aria/utils/dist/import.mjs:33:151:
[37m      33 │ ...rtualPointerEvent} from [32m"react-aria/private/utils/isVirtualEvent"[37m;
         ╵                            [32m~~~~~~~~~~~~~~~~~~~~~~~~~~~~~~~~~~~~~~~~~[0m

  The module "./dist/exports/private/utils/isVirtualEvent.mjs" was not found on the file system:

    node_modules/.pnpm/node_modules/react-aria/package.json:30:16:
[37m      30 │       "import": [32m"./dist/exports/*.mjs"[37m,
         ╵                 [32m~~~~~~~~~~~~~~~~~~~~~~[0m

  You can mark the path "react-aria/private/utils/isVirtualEvent" as external to exclude it from the bundle, which will remove this error and leave the unresolved path in the bundle.


[31mX [41;31m[[41;97mERROR[41;31m][0m [1mCould not resolve "react-aria/private/utils/useEffectEvent"[0m

    node_modules/.pnpm/@react-aria+utils@3.34.1_re_99a585eb891972086b0f4d932b80d394/node_modules/@react-aria/utils/dist/import.mjs:34:75:
[37m      34 │ ...rt$useEffectEvent} from [32m"react-aria/private/utils/useEffectEvent"[37m;
         ╵                            [32m~~~~~~~~~~~~~~~~~~~~~~~~~~~~~~~~~~~~~~~~~[0m

  The module "./dist/exports/private/utils/useEffectEvent.mjs" was not found on the file system:

    node_modules/.pnpm/node_modules/react-aria/package.json:30:16:
[37m      30 │       "import": [32m"./dist/exports/*.mjs"[37m,
         ╵                 [32m~~~~~~~~~~~~~~~~~~~~~~[0m

  You can mark the path "react-aria/private/utils/useEffectEvent" as external to exclude it from the bundle, which will remove this error and leave the unresolved path in the bundle.


[31mX [41;31m[[41;97mERROR[41;31m][0m [1mCould not resolve "react-aria/private/utils/useDeepMemo"[0m

    node_modules/.pnpm/@react-aria+utils@3.34.1_re_99a585eb891972086b0f4d932b80d394/node_modules/@react-aria/utils/dist/import.mjs:35:69:
[37m      35 │ ...e_export$useDeepMemo} from [32m"react-aria/private/utils/useDeepMemo"[37m;
         ╵                               [32m~~~~~~~~~~~~~~~~~~~~~~~~~~~~~~~~~~~~~~[0m

  The module "./dist/exports/private/utils/useDeepMemo.mjs" was not found on the file system:

    node_modules/.pnpm/node_modules/react-aria/package.json:30:16:
[37m      30 │       "import": [32m"./dist/exports/*.mjs"[37m,
         ╵                 [32m~~~~~~~~~~~~~~~~~~~~~~[0m

  You can mark the path "react-aria/private/utils/useDeepMemo" as external to exclude it from the bundle, which will remove this error and leave the unresolved path in the bundle.


[31mX [41;31m[[41;97mERROR[41;31m][0m [1mCould not resolve "react-aria/private/utils/useFormReset"[0m

    node_modules/.pnpm/@react-aria+utils@3.34.1_re_99a585eb891972086b0f4d932b80d394/node_modules/@react-aria/utils/dist/import.mjs:36:71:
[37m      36 │ ...export$useFormReset} from [32m"react-aria/private/utils/useFormReset"[37m;
         ╵                              [32m~~~~~~~~~~~~~~~~~~~~~~~~~~~~~~~~~~~~~~~[0m

  The module "./dist/exports/private/utils/useFormReset.mjs" was not found on the file system:

    node_modules/.pnpm/node_modules/react-aria/package.json:30:16:
[37m      30 │       "import": [32m"./dist/exports/*.mjs"[37m,
         ╵                 [32m~~~~~~~~~~~~~~~~~~~~~~[0m

  You can mark the path "react-aria/private/utils/useFormReset" as external to exclude it from the bundle, which will remove this error and leave the unresolved path in the bundle.


[31mX [41;31m[[41;97mERROR[41;31m][0m [1mCould not resolve "react-aria/private/utils/useLoadMore"[0m

    node_modules/.pnpm/@react-aria+utils@3.34.1_re_99a585eb891972086b0f4d932b80d394/node_modules/@react-aria/utils/dist/import.mjs:37:69:
[37m      37 │ ...e_export$useLoadMore} from [32m"react-aria/private/utils/useLoadMore"[37m;
         ╵                               [32m~~~~~~~~~~~~~~~~~~~~~~~~~~~~~~~~~~~~~~[0m

  The module "./dist/exports/private/utils/useLoadMore.mjs" was not found on the file system:

    node_modules/.pnpm/node_modules/react-aria/package.json:30:16:
[37m      30 │       "import": [32m"./dist/exports/*.mjs"[37m,
         ╵                 [32m~~~~~~~~~~~~~~~~~~~~~~[0m

  You can mark the path "react-aria/private/utils/useLoadMore" as external to exclude it from the bundle, which will remove this error and leave the unresolved path in the bundle.


[31mX [41;31m[[41;97mERROR[41;31m][0m [1mCould not resolve "react-aria/private/utils/useLoadMoreSentinel"[0m

    node_modules/.pnpm/@react-aria+utils@3.34.1_re_99a585eb891972086b0f4d932b80d394/node_modules/@react-aria/utils/dist/import.mjs:38:85:
[37m      38 │ ...MoreSentinel} from [32m"react-aria/private/utils/useLoadMoreSentinel"[37m;
         ╵                       [32m~~~~~~~~~~~~~~~~~~~~~~~~~~~~~~~~~~~~~~~~~~~~~~[0m

  The module "./dist/exports/private/utils/useLoadMoreSentinel.mjs" was not found on the file system:

    node_modules/.pnpm/node_modules/react-aria/package.json:30:16:
[37m      30 │       "import": [32m"./dist/exports/*.mjs"[37m,
         ╵                 [32m~~~~~~~~~~~~~~~~~~~~~~[0m

  You can mark the path "react-aria/private/utils/useLoadMoreSentinel" as external to exclude it from the bundle, which will remove this error and leave the unresolved path in the bundle.


[31mX [41;31m[[41;97mERROR[41;31m][0m [1mCould not resolve "react-aria/private/utils/inertValue"[0m

    node_modules/.pnpm/@react-aria+utils@3.34.1_re_99a585eb891972086b0f4d932b80d394/node_modules/@react-aria/utils/dist/import.mjs:39:67:
[37m      39 │ ...$re_export$inertValue} from [32m"react-aria/private/utils/inertValue"[37m;
         ╵                                [32m~~~~~~~~~~~~~~~~~~~~~~~~~~~~~~~~~~~~~[0m

  The module "./dist/exports/private/utils/inertValue.mjs" was not found on the file system:

    node_modules/.pnpm/node_modules/react-aria/package.json:30:16:
[37m      30 │       "import": [32m"./dist/exports/*.mjs"[37m,
         ╵                 [32m~~~~~~~~~~~~~~~~~~~~~~[0m

  You can mark the path "react-aria/private/utils/inertValue" as external to exclude it from the bundle, which will remove this error and leave the unresolved path in the bundle.


[31mX [41;31m[[41;97mERROR[41;31m][0m [1mCould not resolve "react-aria/private/utils/keyboard"[0m

    node_modules/.pnpm/@react-aria+utils@3.34.1_re_99a585eb891972086b0f4d932b80d394/node_modules/@react-aria/utils/dist/import.mjs:40:145:
[37m      40 │ ...export$willOpenKeyboard} from [32m"react-aria/private/utils/keyboard"[37m;
         ╵                                  [32m~~~~~~~~~~~~~~~~~~~~~~~~~~~~~~~~~~~[0m

  The module "./dist/exports/private/utils/keyboard.mjs" was not found on the file system:

    node_modules/.pnpm/node_modules/react-aria/package.json:30:16:
[37m      30 │       "import": [32m"./dist/exports/*.mjs"[37m,
         ╵                 [32m~~~~~~~~~~~~~~~~~~~~~~[0m

  You can mark the path "react-aria/private/utils/keyboard" as external to exclude it from the bundle, which will remove this error and leave the unresolved path in the bundle.


[31mX [41;31m[[41;97mERROR[41;31m][0m [1mCould not resolve "react-aria/private/utils/animation"[0m

    node_modules/.pnpm/@react-aria+utils@3.34.1_re_99a585eb891972086b0f4d932b80d394/node_modules/@react-aria/utils/dist/import.mjs:41:147:
[37m      41 │ ...xport$useExitAnimation} from [32m"react-aria/private/utils/animation"[37m;
         ╵                                 [32m~~~~~~~~~~~~~~~~~~~~~~~~~~~~~~~~~~~~[0m

  The module "./dist/exports/private/utils/animation.mjs" was not found on the file system:

    node_modules/.pnpm/node_modules/react-aria/package.json:30:16:
[37m      30 │       "import": [32m"./dist/exports/*.mjs"[37m,
         ╵                 [32m~~~~~~~~~~~~~~~~~~~~~~[0m

  You can mark the path "react-aria/private/utils/animation" as external to exclude it from the bundle, which will remove this error and leave the unresolved path in the bundle.


[31mX [41;31m[[41;97mERROR[41;31m][0m [1mCould not resolve "react-aria/private/utils/isFocusable"[0m

    node_modules/.pnpm/@react-aria+utils@3.34.1_re_99a585eb891972086b0f4d932b80d394/node_modules/@react-aria/utils/dist/import.mjs:42:123:
[37m      42 │ ...re_export$isTabbable} from [32m"react-aria/private/utils/isFocusable"[37m;
         ╵                               [32m~~~~~~~~~~~~~~~~~~~~~~~~~~~~~~~~~~~~~~[0m

  The module "./dist/exports/private/utils/isFocusable.mjs" was not found on the file system:

    node_modules/.pnpm/node_modules/react-aria/package.json:30:16:
[37m      30 │       "import": [32m"./dist/exports/*.mjs"[37m,
         ╵                 [32m~~~~~~~~~~~~~~~~~~~~~~[0m

  You can mark the path "react-aria/private/utils/isFocusable" as external to exclude it from the bundle, which will remove this error and leave the unresolved path in the bundle.


[31mX [41;31m[[41;97mERROR[41;31m][0m [1mCould not resolve "react-aria/private/utils/getNonce"[0m

    node_modules/.pnpm/@react-aria+utils@3.34.1_re_99a585eb891972086b0f4d932b80d394/node_modules/@react-aria/utils/dist/import.mjs:43:63:
[37m      43 │ ...4d2f$re_export$getNonce} from [32m"react-aria/private/utils/getNonce"[37m;
         ╵                                  [32m~~~~~~~~~~~~~~~~~~~~~~~~~~~~~~~~~~~[0m

  The module "./dist/exports/private/utils/getNonce.mjs" was not found on the file system:

    node_modules/.pnpm/node_modules/react-aria/package.json:30:16:
[37m      30 │       "import": [32m"./dist/exports/*.mjs"[37m,
         ╵                 [32m~~~~~~~~~~~~~~~~~~~~~~[0m

  You can mark the path "react-aria/private/utils/getNonce" as external to exclude it from the bundle, which will remove this error and leave the unresolved path in the bundle.


[31mX [41;31m[[41;97mERROR[41;31m][0m [1mCould not resolve "react-aria/useFilter"[0m

    node_modules/.pnpm/react-aria-components@1.21._b5cfd5b3f7fdf12844df94706b6190db/node_modules/react-aria-components/dist/exports/Autocomplete.mjs:3:65:
[37m      3 │ ...$1f7c1e4a946fa93c$re_export$useFilter} from [32m"react-aria/useFilter"[37m;
        ╵                                                [32m~~~~~~~~~~~~~~~~~~~~~~[0m

  The module "./dist/exports/useFilter.mjs" was not found on the file system:

    node_modules/.pnpm/node_modules/react-aria/package.json:30:16:
[37m      30 │       "import": [32m"./dist/exports/*.mjs"[37m,
         ╵                 [32m~~~~~~~~~~~~~~~~~~~~~~[0m

  You can mark the path "react-aria/useFilter" as external to exclude it from the bundle, which will remove this error and leave the unresolved path in the bundle.


[31mX [41;31m[[41;97mERROR[41;31m][0m [1mCould not resolve "react-aria/useFilter"[0m

    node_modules/.pnpm/react-aria-components@1.21._b5cfd5b3f7fdf12844df94706b6190db/node_modules/react-aria-components/dist/exports/ComboBox.mjs:10:65:
[37m      10 │ ...120048b2bfb2f15c$re_export$useFilter} from [32m"react-aria/useFilter"[37m;
         ╵                                               [32m~~~~~~~~~~~~~~~~~~~~~~[0m

  The module "./dist/exports/useFilter.mjs" was not found on the file system:

    node_modules/.pnpm/node_modules/react-aria/package.json:30:16:
[37m      30 │       "import": [32m"./dist/exports/*.mjs"[37m,
         ╵                 [32m~~~~~~~~~~~~~~~~~~~~~~[0m

  You can mark the path "react-aria/useFilter" as external to exclude it from the bundle, which will remove this error and leave the unresolved path in the bundle.


[31mX [41;31m[[41;97mERROR[41;31m][0m [1mCould not resolve "react-aria/Collection"[0m

    node_modules/.pnpm/react-aria-components@1.21._b5cfd5b3f7fdf12844df94706b6190db/node_modules/react-aria-components/dist/exports/ComboBox.mjs:11:67:
[37m      11 │ ...0048b2bfb2f15c$re_export$Collection} from [32m"react-aria/Collection"[37m;
         ╵                                              [32m~~~~~~~~~~~~~~~~~~~~~~~[0m

  The module "./dist/exports/Collection.mjs" was not found on the file system:

    node_modules/.pnpm/node_modules/react-aria/package.json:30:16:
[37m      30 │       "import": [32m"./dist/exports/*.mjs"[37m,
         ╵                 [32m~~~~~~~~~~~~~~~~~~~~~~[0m

  You can mark the path "react-aria/Collection" as external to exclude it from the bundle, which will remove this error and leave the unresolved path in the bundle.


[31mX [41;31m[[41;97mERROR[41;31m][0m [1mCould not resolve "react-aria/I18nProvider"[0m

    node_modules/.pnpm/react-aria-components@1.21._b5cfd5b3f7fdf12844df94706b6190db/node_modules/react-aria-components/dist/exports/I18nProvider.mjs:1:167:
[37m      1 │ ... $8af9d88affbe43c6$re_export$isRTL} from [32m"react-aria/I18nProvider"[37m;
        ╵                                             [32m~~~~~~~~~~~~~~~~~~~~~~~~~[0m

  The module "./dist/exports/I18nProvider.mjs" was not found on the file system:

    node_modules/.pnpm/node_modules/react-aria/package.json:30:16:
[37m      30 │       "import": [32m"./dist/exports/*.mjs"[37m,
         ╵                 [32m~~~~~~~~~~~~~~~~~~~~~~[0m

  You can mark the path "react-aria/I18nProvider" as external to exclude it from the bundle, which will remove this error and leave the unresolved path in the bundle.


[31mX [41;31m[[41;97mERROR[41;31m][0m [1mCould not resolve "react-aria/Collection"[0m

    node_modules/.pnpm/react-aria-components@1.21._b5cfd5b3f7fdf12844df94706b6190db/node_modules/react-aria-components/dist/exports/ListBox.mjs:6:67:
[37m      6 │ ...4dced9b9bd961e9$re_export$Collection} from [32m"react-aria/Collection"[37m;
        ╵                                               [32m~~~~~~~~~~~~~~~~~~~~~~~[0m

  The module "./dist/exports/Collection.mjs" was not found on the file system:

    node_modules/.pnpm/node_modules/react-aria/package.json:30:16:
[37m      30 │       "import": [32m"./dist/exports/*.mjs"[37m,
         ╵                 [32m~~~~~~~~~~~~~~~~~~~~~~[0m

  You can mark the path "react-aria/Collection" as external to exclude it from the bundle, which will remove this error and leave the unresolved path in the bundle.


[31mX [41;31m[[41;97mERROR[41;31m][0m [1mCould not resolve "react-aria/Collection"[0m

    node_modules/.pnpm/react-aria-components@1.21._b5cfd5b3f7fdf12844df94706b6190db/node_modules/react-aria-components/dist/exports/Menu.mjs:9:67:
[37m      9 │ ...8f2d696436e43df$re_export$Collection} from [32m"react-aria/Collection"[37m;
        ╵                                               [32m~~~~~~~~~~~~~~~~~~~~~~~[0m

  The module "./dist/exports/Collection.mjs" was not found on the file system:

    node_modules/.pnpm/node_modules/react-aria/package.json:30:16:
[37m      30 │       "import": [32m"./dist/exports/*.mjs"[37m,
         ╵                 [32m~~~~~~~~~~~~~~~~~~~~~~[0m

  You can mark the path "react-aria/Collection" as external to exclude it from the bundle, which will remove this error and leave the unresolved path in the bundle.


[31mX [41;31m[[41;97mERROR[41;31m][0m [1mCould not resolve "react-aria/Pressable"[0m

    node_modules/.pnpm/react-aria-components@1.21._b5cfd5b3f7fdf12844df94706b6190db/node_modules/react-aria-components/dist/exports/Menu.mjs:10:65:
[37m      10 │ ...a8f2d696436e43df$re_export$Pressable} from [32m"react-aria/Pressable"[37m;
         ╵                                               [32m~~~~~~~~~~~~~~~~~~~~~~[0m

  The module "./dist/exports/Pressable.mjs" was not found on the file system:

    node_modules/.pnpm/node_modules/react-aria/package.json:30:16:
[37m      30 │       "import": [32m"./dist/exports/*.mjs"[37m,
         ╵                 [32m~~~~~~~~~~~~~~~~~~~~~~[0m

  You can mark the path "react-aria/Pressable" as external to exclude it from the bundle, which will remove this error and leave the unresolved path in the bundle.


[31mX [41;31m[[41;97mERROR[41;31m][0m [1mCould not resolve "react-aria/Pressable"[0m

    node_modules/.pnpm/react-aria-components@1.21._b5cfd5b3f7fdf12844df94706b6190db/node_modules/react-aria-components/dist/exports/Modal.mjs:6:65:
[37m      6 │ ...$7dc87d3b8883264b$re_export$Pressable} from [32m"react-aria/Pressable"[37m;
        ╵                                                [32m~~~~~~~~~~~~~~~~~~~~~~[0m

  The module "./dist/exports/Pressable.mjs" was not found on the file system:

    node_modules/.pnpm/node_modules/react-aria/package.json:30:16:
[37m      30 │       "import": [32m"./dist/exports/*.mjs"[37m,
         ╵                 [32m~~~~~~~~~~~~~~~~~~~~~~[0m

  You can mark the path "react-aria/Pressable" as external to exclude it from the bundle, which will remove this error and leave the unresolved path in the bundle.


[31mX [41;31m[[41;97mERROR[41;31m][0m [1mCould not resolve "react-aria/Pressable"[0m

    node_modules/.pnpm/react-aria-components@1.21._b5cfd5b3f7fdf12844df94706b6190db/node_modules/react-aria-components/dist/exports/Popover.mjs:5:65:
[37m      5 │ ...$a9f6acaa1d41c5c2$re_export$Pressable} from [32m"react-aria/Pressable"[37m;
        ╵                                                [32m~~~~~~~~~~~~~~~~~~~~~~[0m

  The module "./dist/exports/Pressable.mjs" was not found on the file system:

    node_modules/.pnpm/node_modules/react-aria/package.json:30:16:
[37m      30 │       "import": [32m"./dist/exports/*.mjs"[37m,
         ╵                 [32m~~~~~~~~~~~~~~~~~~~~~~[0m

  You can mark the path "react-aria/Pressable" as external to exclude it from the bundle, which will remove this error and leave the unresolved path in the bundle.


[31mX [41;31m[[41;97mERROR[41;31m][0m [1mCould not resolve "react-aria/Collection"[0m

    node_modules/.pnpm/react-aria-components@1.21._b5cfd5b3f7fdf12844df94706b6190db/node_modules/react-aria-components/dist/exports/Select.mjs:9:67:
[37m      9 │ ...74cd6e161d89d44$re_export$Collection} from [32m"react-aria/Collection"[37m;
        ╵                                               [32m~~~~~~~~~~~~~~~~~~~~~~~[0m

  The module "./dist/exports/Collection.mjs" was not found on the file system:

    node_modules/.pnpm/node_modules/react-aria/package.json:30:16:
[37m      30 │       "import": [32m"./dist/exports/*.mjs"[37m,
         ╵                 [32m~~~~~~~~~~~~~~~~~~~~~~[0m

  You can mark the path "react-aria/Collection" as external to exclude it from the bundle, which will remove this error and leave the unresolved path in the bundle.


[31mX [41;31m[[41;97mERROR[41;31m][0m [1mCould not resolve "react-aria/Collection"[0m

    node_modules/.pnpm/react-aria-components@1.21._b5cfd5b3f7fdf12844df94706b6190db/node_modules/react-aria-components/dist/exports/Table.mjs:6:67:
[37m      6 │ ...601bd495b46d7ff$re_export$Collection} from [32m"react-aria/Collection"[37m;
        ╵                                               [32m~~~~~~~~~~~~~~~~~~~~~~~[0m

  The module "./dist/exports/Collection.mjs" was not found on the file system:

    node_modules/.pnpm/node_modules/react-aria/package.json:30:16:
[37m      30 │       "import": [32m"./dist/exports/*.mjs"[37m,
         ╵                 [32m~~~~~~~~~~~~~~~~~~~~~~[0m

  You can mark the path "react-aria/Collection" as external to exclude it from the bundle, which will remove this error and leave the unresolved path in the bundle.


[31mX [41;31m[[41;97mERROR[41;31m][0m [1mCould not resolve "react-aria/Collection"[0m

    node_modules/.pnpm/react-aria-components@1.21._b5cfd5b3f7fdf12844df94706b6190db/node_modules/react-aria-components/dist/exports/TagGroup.mjs:7:67:
[37m      7 │ ...334343e31acfa75$re_export$Collection} from [32m"react-aria/Collection"[37m;
        ╵                                               [32m~~~~~~~~~~~~~~~~~~~~~~~[0m

  The module "./dist/exports/Collection.mjs" was not found on the file system:

    node_modules/.pnpm/node_modules/react-aria/package.json:30:16:
[37m      30 │       "import": [32m"./dist/exports/*.mjs"[37m,
         ╵                 [32m~~~~~~~~~~~~~~~~~~~~~~[0m

  You can mark the path "react-aria/Collection" as external to exclude it from the bundle, which will remove this error and leave the unresolved path in the bundle.


[31mX [41;31m[[41;97mERROR[41;31m][0m [1mCould not resolve "react-aria/Focusable"[0m

    node_modules/.pnpm/react-aria-components@1.21._b5cfd5b3f7fdf12844df94706b6190db/node_modules/react-aria-components/dist/exports/Tooltip.mjs:4:65:
[37m      4 │ ...$140c4ab847cd78d4$re_export$Focusable} from [32m"react-aria/Focusable"[37m;
        ╵                                                [32m~~~~~~~~~~~~~~~~~~~~~~[0m

  The module "./dist/exports/Focusable.mjs" was not found on the file system:

    node_modules/.pnpm/node_modules/react-aria/package.json:30:16:
[37m      30 │       "import": [32m"./dist/exports/*.mjs"[37m,
         ╵                 [32m~~~~~~~~~~~~~~~~~~~~~~[0m

  You can mark the path "react-aria/Focusable" as external to exclude it from the bundle, which will remove this error and leave the unresolved path in the bundle.


[31mX [41;31m[[41;97mERROR[41;31m][0m [1mCould not resolve "react-aria/Collection"[0m

    node_modules/.pnpm/react-aria-components@1.21._b5cfd5b3f7fdf12844df94706b6190db/node_modules/react-aria-components/dist/exports/index.mjs:70:67:
[37m      70 │ ...be900807531178$re_export$Collection} from [32m"react-aria/Collection"[37m;
         ╵                                              [32m~~~~~~~~~~~~~~~~~~~~~~~[0m

  The module "./dist/exports/Collection.mjs" was not found on the file system:

    node_modules/.pnpm/node_modules/react-aria/package.json:30:16:
[37m      30 │       "import": [32m"./dist/exports/*.mjs"[37m,
         ╵                 [32m~~~~~~~~~~~~~~~~~~~~~~[0m

  You can mark the path "react-aria/Collection" as external to exclude it from the bundle, which will remove this error and leave the unresolved path in the bundle.


[31mX [41;31m[[41;97mERROR[41;31m][0m [1mCould not resolve "react-aria/CollectionBuilder"[0m

    node_modules/.pnpm/react-aria-components@1.21._b5cfd5b3f7fdf12844df94706b6190db/node_modules/react-aria-components/dist/exports/index.mjs:71:229:
[37m      71 │ ...$re_export$CollectionBuilder} from [32m"react-aria/CollectionBuilder"[37m;
         ╵                                       [32m~~~~~~~~~~~~~~~~~~~~~~~~~~~~~~[0m

  The module "./dist/exports/CollectionBuilder.mjs" was not found on the file system:

    node_modules/.pnpm/node_modules/react-aria/package.json:30:16:
[37m      30 │       "import": [32m"./dist/exports/*.mjs"[37m,
         ╵                 [32m~~~~~~~~~~~~~~~~~~~~~~[0m

  You can mark the path "react-aria/CollectionBuilder" as external to exclude it from the bundle, which will remove this error and leave the unresolved path in the bundle.


[31mX [41;31m[[41;97mERROR[41;31m][0m [1mCould not resolve "react-aria/useDrag"[0m

    node_modules/.pnpm/react-aria-components@1.21._b5cfd5b3f7fdf12844df94706b6190db/node_modules/react-aria-components/dist/exports/index.mjs:73:61:
[37m      73 │ ...as $a3be900807531178$re_export$useDrag} from [32m"react-aria/useDrag"[37m;
         ╵                                                 [32m~~~~~~~~~~~~~~~~~~~~[0m

  The module "./dist/exports/useDrag.mjs" was not found on the file system:

    node_modules/.pnpm/node_modules/react-aria/package.json:30:16:
[37m      30 │       "import": [32m"./dist/exports/*.mjs"[37m,
         ╵                 [32m~~~~~~~~~~~~~~~~~~~~~~[0m

  You can mark the path "react-aria/useDrag" as external to exclude it from the bundle, which will remove this error and leave the unresolved path in the bundle.


[31mX [41;31m[[41;97mERROR[41;31m][0m [1mCould not resolve "react-aria/useDrop"[0m

    node_modules/.pnpm/react-aria-components@1.21._b5cfd5b3f7fdf12844df94706b6190db/node_modules/react-aria-components/dist/exports/index.mjs:74:329:
[37m      74 │ ...e900807531178$re_export$isTextDropItem} from [32m"react-aria/useDrop"[37m;
         ╵                                                 [32m~~~~~~~~~~~~~~~~~~~~[0m

  The module "./dist/exports/useDrop.mjs" was not found on the file system:

    node_modules/.pnpm/node_modules/react-aria/package.json:30:16:
[37m      30 │       "import": [32m"./dist/exports/*.mjs"[37m,
         ╵                 [32m~~~~~~~~~~~~~~~~~~~~~~[0m

  You can mark the path "react-aria/useDrop" as external to exclude it from the bundle, which will remove this error and leave the unresolved path in the bundle.


[31mX [41;31m[[41;97mERROR[41;31m][0m [1mCould not resolve "react-aria/SSRProvider"[0m

    node_modules/.pnpm/react-aria-components@1.21._b5cfd5b3f7fdf12844df94706b6190db/node_modules/react-aria-components/dist/exports/index.mjs:75:69:
[37m      75 │ ...900807531178$re_export$SSRProvider} from [32m"react-aria/SSRProvider"[37m;
         ╵                                             [32m~~~~~~~~~~~~~~~~~~~~~~~~[0m

  The module "./dist/exports/SSRProvider.mjs" was not found on the file system:

    node_modules/.pnpm/node_modules/react-aria/package.json:30:16:
[37m      30 │       "import": [32m"./dist/exports/*.mjs"[37m,
         ╵                 [32m~~~~~~~~~~~~~~~~~~~~~~[0m

  You can mark the path "react-aria/SSRProvider" as external to exclude it from the bundle, which will remove this error and leave the unresolved path in the bundle.


[31mX [41;31m[[41;97mERROR[41;31m][0m [1mCould not resolve "react-aria/private/utils/openLink"[0m

    node_modules/.pnpm/react-aria-components@1.21._b5cfd5b3f7fdf12844df94706b6190db/node_modules/react-aria-components/dist/exports/index.mjs:76:75:
[37m      76 │ ...e_export$RouterProvider} from [32m"react-aria/private/utils/openLink"[37m;
         ╵                                  [32m~~~~~~~~~~~~~~~~~~~~~~~~~~~~~~~~~~~[0m

  The module "./dist/exports/private/utils/openLink.mjs" was not found on the file system:

    node_modules/.pnpm/node_modules/react-aria/package.json:30:16:
[37m      30 │       "import": [32m"./dist/exports/*.mjs"[37m,
         ╵                 [32m~~~~~~~~~~~~~~~~~~~~~~[0m

  You can mark the path "react-aria/private/utils/openLink" as external to exclude it from the bundle, which will remove this error and leave the unresolved path in the bundle.


[31mX [41;31m[[41;97mERROR[41;31m][0m [1mCould not resolve "react-aria/I18nProvider"[0m

    node_modules/.pnpm/react-aria-components@1.21._b5cfd5b3f7fdf12844df94706b6190db/node_modules/react-aria-components/dist/exports/index.mjs:77:167:
[37m      77 │ ...$a3be900807531178$re_export$isRTL} from [32m"react-aria/I18nProvider"[37m;
         ╵                                            [32m~~~~~~~~~~~~~~~~~~~~~~~~~[0m

  The module "./dist/exports/I18nProvider.mjs" was not found on the file system:

    node_modules/.pnpm/node_modules/react-aria/package.json:30:16:
[37m      30 │       "import": [32m"./dist/exports/*.mjs"[37m,
         ╵                 [32m~~~~~~~~~~~~~~~~~~~~~~[0m

  You can mark the path "react-aria/I18nProvider" as external to exclude it from the bundle, which will remove this error and leave the unresolved path in the bundle.


[31mX [41;31m[[41;97mERROR[41;31m][0m [1mCould not resolve "react-aria/useFilter"[0m

    node_modules/.pnpm/react-aria-components@1.21._b5cfd5b3f7fdf12844df94706b6190db/node_modules/react-aria-components/dist/exports/index.mjs:78:65:
[37m      78 │ ...a3be900807531178$re_export$useFilter} from [32m"react-aria/useFilter"[37m;
         ╵                                               [32m~~~~~~~~~~~~~~~~~~~~~~[0m

  The module "./dist/exports/useFilter.mjs" was not found on the file system:

    node_modules/.pnpm/node_modules/react-aria/package.json:30:16:
[37m      30 │       "import": [32m"./dist/exports/*.mjs"[37m,
         ╵                 [32m~~~~~~~~~~~~~~~~~~~~~~[0m

  You can mark the path "react-aria/useFilter" as external to exclude it from the bundle, which will remove this error and leave the unresolved path in the bundle.


[31mX [41;31m[[41;97mERROR[41;31m][0m [1mCould not resolve "react-aria/Pressable"[0m

    node_modules/.pnpm/react-aria-components@1.21._b5cfd5b3f7fdf12844df94706b6190db/node_modules/react-aria-components/dist/exports/index.mjs:79:65:
[37m      79 │ ...a3be900807531178$re_export$Pressable} from [32m"react-aria/Pressable"[37m;
         ╵                                               [32m~~~~~~~~~~~~~~~~~~~~~~[0m

  The module "./dist/exports/Pressable.mjs" was not found on the file system:

    node_modules/.pnpm/node_modules/react-aria/package.json:30:16:
[37m      30 │       "import": [32m"./dist/exports/*.mjs"[37m,
         ╵                 [32m~~~~~~~~~~~~~~~~~~~~~~[0m

  You can mark the path "react-aria/Pressable" as external to exclude it from the bundle, which will remove this error and leave the unresolved path in the bundle.


[31mX [41;31m[[41;97mERROR[41;31m][0m [1mCould not resolve "react-aria/Focusable"[0m

    node_modules/.pnpm/react-aria-components@1.21._b5cfd5b3f7fdf12844df94706b6190db/node_modules/react-aria-components/dist/exports/index.mjs:80:65:
[37m      80 │ ...a3be900807531178$re_export$Focusable} from [32m"react-aria/Focusable"[37m;
         ╵                                               [32m~~~~~~~~~~~~~~~~~~~~~~[0m

  The module "./dist/exports/Focusable.mjs" was not found on the file system:

    node_modules/.pnpm/node_modules/react-aria/package.json:30:16:
[37m      30 │       "import": [32m"./dist/exports/*.mjs"[37m,
         ╵                 [32m~~~~~~~~~~~~~~~~~~~~~~[0m

  You can mark the path "react-aria/Focusable" as external to exclude it from the bundle, which will remove this error and leave the unresolved path in the bundle.


[31mX [41;31m[[41;97mERROR[41;31m][0m [1mCould not resolve "react-aria/VisuallyHidden"[0m

    node_modules/.pnpm/react-aria-components@1.21._b5cfd5b3f7fdf12844df94706b6190db/node_modules/react-aria-components/dist/exports/index.mjs:81:75:
[37m      81 │ ...531178$re_export$VisuallyHidden} from [32m"react-aria/VisuallyHidden"[37m;
         ╵                                          [32m~~~~~~~~~~~~~~~~~~~~~~~~~~~[0m

  The module "./dist/exports/VisuallyHidden.mjs" was not found on the file system:

    node_modules/.pnpm/node_modules/react-aria/package.json:30:16:
[37m      30 │       "import": [32m"./dist/exports/*.mjs"[37m,
         ╵                 [32m~~~~~~~~~~~~~~~~~~~~~~[0m

  You can mark the path "react-aria/VisuallyHidden" as external to exclude it from the bundle, which will remove this error and leave the unresolved path in the bundle.


[31mX [41;31m[[41;97mERROR[41;31m][0m [1mCould not resolve "react-aria/useFocusVisible"[0m

    node_modules/.pnpm/react-aria-components@1.21._b5cfd5b3f7fdf12844df94706b6190db/node_modules/react-aria-components/dist/exports/index.mjs:84:91:
[37m      84 │ ..._export$setInteractionModality} from [32m"react-aria/useFocusVisible"[37m;
         ╵                                         [32m~~~~~~~~~~~~~~~~~~~~~~~~~~~~[0m

  The module "./dist/exports/useFocusVisible.mjs" was not found on the file system:

    node_modules/.pnpm/node_modules/react-aria/package.json:30:16:
[37m      30 │       "import": [32m"./dist/exports/*.mjs"[37m,
         ╵                 [32m~~~~~~~~~~~~~~~~~~~~~~[0m

  You can mark the path "react-aria/useFocusVisible" as external to exclude it from the bundle, which will remove this error and leave the unresolved path in the bundle.


[31mX [41;31m[[41;97mERROR[41;31m][0m [1mCould not resolve "react-aria/useAutocomplete"[0m

    node_modules/.pnpm/react-aria-components@1.21._b5cfd5b3f7fdf12844df94706b6190db/node_modules/react-aria-components/dist/private/Autocomplete.mjs:2:56:
[37m      2 │ ...plete as $1J3Gn$useAutocomplete} from [32m"react-aria/useAutocomplete"[37m;
        ╵                                          [32m~~~~~~~~~~~~~~~~~~~~~~~~~~~~[0m

  The module "./dist/exports/useAutocomplete.mjs" was not found on the file system:

    node_modules/.pnpm/node_modules/react-aria/package.json:30:16:
[37m      30 │       "import": [32m"./dist/exports/*.mjs"[37m,
         ╵                 [32m~~~~~~~~~~~~~~~~~~~~~~[0m

  You can mark the path "react-aria/useAutocomplete" as external to exclude it from the bundle, which will remove this error and leave the unresolved path in the bundle.


[31mX [41;31m[[41;97mERROR[41;31m][0m [1mCould not resolve "react-aria/mergeProps"[0m

    node_modules/.pnpm/react-aria-components@1.21._b5cfd5b3f7fdf12844df94706b6190db/node_modules/react-aria-components/dist/private/Autocomplete.mjs:4:46:
[37m      4 │ import {mergeProps as $1J3Gn$mergeProps} from [32m"react-aria/mergeProps"[37m;
        ╵                                               [32m~~~~~~~~~~~~~~~~~~~~~~~[0m

  The module "./dist/exports/mergeProps.mjs" was not found on the file system:

    node_modules/.pnpm/node_modules/react-aria/package.json:30:16:
[37m      30 │       "import": [32m"./dist/exports/*.mjs"[37m,
         ╵                 [32m~~~~~~~~~~~~~~~~~~~~~~[0m

  You can mark the path "react-aria/mergeProps" as external to exclude it from the bundle, which will remove this error and leave the unresolved path in the bundle.


[31mX [41;31m[[41;97mERROR[41;31m][0m [1mCould not resolve "react-aria/useBreadcrumbs"[0m

    node_modules/.pnpm/react-aria-components@1.21._b5cfd5b3f7fdf12844df94706b6190db/node_modules/react-aria-components/dist/private/Breadcrumbs.mjs:4:54:
[37m      4 │ ...dcrumbs as $hEiKI$useBreadcrumbs} from [32m"react-aria/useBreadcrumbs"[37m;
        ╵                                           [32m~~~~~~~~~~~~~~~~~~~~~~~~~~~[0m

  The module "./dist/exports/useBreadcrumbs.mjs" was not found on the file system:

    node_modules/.pnpm/node_modules/react-aria/package.json:30:16:
[37m      30 │       "import": [32m"./dist/exports/*.mjs"[37m,
         ╵                 [32m~~~~~~~~~~~~~~~~~~~~~~[0m

  You can mark the path "react-aria/useBreadcrumbs" as external to exclude it from the bundle, which will remove this error and leave the unresolved path in the bundle.


[31mX [41;31m[[41;97mERROR[41;31m][0m [1mCould not resolve "react-aria/Collection"[0m

    node_modules/.pnpm/react-aria-components@1.21._b5cfd5b3f7fdf12844df94706b6190db/node_modules/react-aria-components/dist/private/Breadcrumbs.mjs:5:46:
[37m      5 │ import {Collection as $hEiKI$Collection} from [32m"react-aria/Collection"[37m;
        ╵                                               [32m~~~~~~~~~~~~~~~~~~~~~~~[0m

  The module "./dist/exports/Collection.mjs" was not found on the file system:

    node_modules/.pnpm/node_modules/react-aria/package.json:30:16:
[37m      30 │       "import": [32m"./dist/exports/*.mjs"[37m,
         ╵                 [32m~~~~~~~~~~~~~~~~~~~~~~[0m

  You can mark the path "react-aria/Collection" as external to exclude it from the bundle, which will remove this error and leave the unresolved path in the bundle.


[31mX [41;31m[[41;97mERROR[41;31m][0m [1mCould not resolve "react-aria/CollectionBuilder"[0m

    node_modules/.pnpm/react-aria-components@1.21._b5cfd5b3f7fdf12844df94706b6190db/node_modules/react-aria-components/dist/private/Breadcrumbs.mjs:6:111:
[37m      6 │ ...as $hEiKI$createLeafComponent} from [32m"react-aria/CollectionBuilder"[37m;
        ╵                                        [32m~~~~~~~~~~~~~~~~~~~~~~~~~~~~~~[0m

  The module "./dist/exports/CollectionBuilder.mjs" was not found on the file system:

    node_modules/.pnpm/node_modules/react-aria/package.json:30:16:
[37m      30 │       "import": [32m"./dist/exports/*.mjs"[37m,
         ╵                 [32m~~~~~~~~~~~~~~~~~~~~~~[0m

  You can mark the path "react-aria/CollectionBuilder" as external to exclude it from the bundle, which will remove this error and leave the unresolved path in the bundle.


[31mX [41;31m[[41;97mERROR[41;31m][0m [1mCould not resolve "react-aria/private/collections/BaseCollection"[0m

    node_modules/.pnpm/react-aria-components@1.21._b5cfd5b3f7fdf12844df94706b6190db/node_modules/react-aria-components/dist/private/Breadcrumbs.mjs:7:54:
[37m      7 │ ...llectionNode} from [32m"react-aria/private/collections/BaseCollection"[37m;
        ╵                       [32m~~~~~~~~~~~~~~~~~~~~~~~~~~~~~~~~~~~~~~~~~~~~~~~[0m

  The module "./dist/exports/private/collections/BaseCollection.mjs" was not found on the file system:

    node_modules/.pnpm/node_modules/react-aria/package.json:30:16:
[37m      30 │       "import": [32m"./dist/exports/*.mjs"[37m,
         ╵                 [32m~~~~~~~~~~~~~~~~~~~~~~[0m

  You can mark the path "react-aria/private/collections/BaseCollection" as external to exclude it from the bundle, which will remove this error and leave the unresolved path in the bundle.


[31mX [41;31m[[41;97mERROR[41;31m][0m [1mCould not resolve "react-aria/filterDOMProps"[0m

    node_modules/.pnpm/react-aria-components@1.21._b5cfd5b3f7fdf12844df94706b6190db/node_modules/react-aria-components/dist/private/Breadcrumbs.mjs:8:54:
[37m      8 │ ...OMProps as $hEiKI$filterDOMProps} from [32m"react-aria/filterDOMProps"[37m;
        ╵                                           [32m~~~~~~~~~~~~~~~~~~~~~~~~~~~[0m

  The module "./dist/exports/filterDOMProps.mjs" was not found on the file system:

    node_modules/.pnpm/node_modules/react-aria/package.json:30:16:
[37m      30 │       "import": [32m"./dist/exports/*.mjs"[37m,
         ╵                 [32m~~~~~~~~~~~~~~~~~~~~~~[0m

  You can mark the path "react-aria/filterDOMProps" as external to exclude it from the bundle, which will remove this error and leave the unresolved path in the bundle.


[31mX [41;31m[[41;97mERROR[41;31m][0m [1mCould not resolve "react-aria/mergeProps"[0m

    node_modules/.pnpm/react-aria-components@1.21._b5cfd5b3f7fdf12844df94706b6190db/node_modules/react-aria-components/dist/private/Breadcrumbs.mjs:9:46:
[37m      9 │ import {mergeProps as $hEiKI$mergeProps} from [32m"react-aria/mergeProps"[37m;
        ╵                                               [32m~~~~~~~~~~~~~~~~~~~~~~~[0m

  The module "./dist/exports/mergeProps.mjs" was not found on the file system:

    node_modules/.pnpm/node_modules/react-aria/package.json:30:16:
[37m      30 │       "import": [32m"./dist/exports/*.mjs"[37m,
         ╵                 [32m~~~~~~~~~~~~~~~~~~~~~~[0m

  You can mark the path "react-aria/mergeProps" as external to exclude it from the bundle, which will remove this error and leave the unresolved path in the bundle.


[31mX [41;31m[[41;97mERROR[41;31m][0m [1mCould not resolve "react-aria/private/live-announcer/LiveAnnouncer"[0m

    node_modules/.pnpm/react-aria-components@1.21._b5cfd5b3f7fdf12844df94706b6190db/node_modules/react-aria-components/dist/private/Button.mjs:3:42:
[37m      3 │ ...H$announce} from [32m"react-aria/private/live-announcer/LiveAnnouncer"[37m;
        ╵                     [32m~~~~~~~~~~~~~~~~~~~~~~~~~~~~~~~~~~~~~~~~~~~~~~~~~[0m

  The module "./dist/exports/private/live-announcer/LiveAnnouncer.mjs" was not found on the file system:

    node_modules/.pnpm/node_modules/react-aria/package.json:30:16:
[37m      30 │       "import": [32m"./dist/exports/*.mjs"[37m,
         ╵                 [32m~~~~~~~~~~~~~~~~~~~~~~[0m

  You can mark the path "react-aria/private/live-announcer/LiveAnnouncer" as external to exclude it from the bundle, which will remove this error and leave the unresolved path in the bundle.


[31mX [41;31m[[41;97mERROR[41;31m][0m [1mCould not resolve "react-aria/useButton"[0m

    node_modules/.pnpm/react-aria-components@1.21._b5cfd5b3f7fdf12844df94706b6190db/node_modules/react-aria-components/dist/private/Button.mjs:4:44:
[37m      4 │ import {useButton as $9s8kH$useButton} from [32m"react-aria/useButton"[37m;
        ╵                                             [32m~~~~~~~~~~~~~~~~~~~~~~[0m

  The module "./dist/exports/useButton.mjs" was not found on the file system:

    node_modules/.pnpm/node_modules/react-aria/package.json:30:16:
[37m      30 │       "import": [32m"./dist/exports/*.mjs"[37m,
         ╵                 [32m~~~~~~~~~~~~~~~~~~~~~~[0m

  You can mark the path "react-aria/useButton" as external to exclude it from the bundle, which will remove this error and leave the unresolved path in the bundle.


[31mX [41;31m[[41;97mERROR[41;31m][0m [1mCould not resolve "react-aria/private/collections/Hidden"[0m

    node_modules/.pnpm/react-aria-components@1.21._b5cfd5b3f7fdf12844df94706b6190db/node_modules/react-aria-components/dist/private/Button.mjs:5:72:
[37m      5 │ ...ateHideableComponent} from [32m"react-aria/private/collections/Hidden"[37m;
        ╵                               [32m~~~~~~~~~~~~~~~~~~~~~~~~~~~~~~~~~~~~~~~[0m

  The module "./dist/exports/private/collections/Hidden.mjs" was not found on the file system:

    node_modules/.pnpm/node_modules/react-aria/package.json:30:16:
[37m      30 │       "import": [32m"./dist/exports/*.mjs"[37m,
         ╵                 [32m~~~~~~~~~~~~~~~~~~~~~~[0m

  You can mark the path "react-aria/private/collections/Hidden" as external to exclude it from the bundle, which will remove this error and leave the unresolved path in the bundle.


[31mX [41;31m[[41;97mERROR[41;31m][0m [1mCould not resolve "react-aria/filterDOMProps"[0m

    node_modules/.pnpm/react-aria-components@1.21._b5cfd5b3f7fdf12844df94706b6190db/node_modules/react-aria-components/dist/private/Button.mjs:6:54:
[37m      6 │ ...OMProps as $9s8kH$filterDOMProps} from [32m"react-aria/filterDOMProps"[37m;
        ╵                                           [32m~~~~~~~~~~~~~~~~~~~~~~~~~~~[0m

  The module "./dist/exports/filterDOMProps.mjs" was not found on the file system:

    node_modules/.pnpm/node_modules/react-aria/package.json:30:16:
[37m      30 │       "import": [32m"./dist/exports/*.mjs"[37m,
         ╵                 [32m~~~~~~~~~~~~~~~~~~~~~~[0m

  You can mark the path "react-aria/filterDOMProps" as external to exclude it from the bundle, which will remove this error and leave the unresolved path in the bundle.


[31mX [41;31m[[41;97mERROR[41;31m][0m [1mCould not resolve "react-aria/mergeProps"[0m

    node_modules/.pnpm/react-aria-components@1.21._b5cfd5b3f7fdf12844df94706b6190db/node_modules/react-aria-components/dist/private/Button.mjs:7:46:
[37m      7 │ import {mergeProps as $9s8kH$mergeProps} from [32m"react-aria/mergeProps"[37m;
        ╵                                               [32m~~~~~~~~~~~~~~~~~~~~~~~[0m

  The module "./dist/exports/mergeProps.mjs" was not found on the file system:

    node_modules/.pnpm/node_modules/react-aria/package.json:30:16:
[37m      30 │       "import": [32m"./dist/exports/*.mjs"[37m,
         ╵                 [32m~~~~~~~~~~~~~~~~~~~~~~[0m

  You can mark the path "react-aria/mergeProps" as external to exclude it from the bundle, which will remove this error and leave the unresolved path in the bundle.


[31mX [41;31m[[41;97mERROR[41;31m][0m [1mCould not resolve "react-aria/useFocusRing"[0m

    node_modules/.pnpm/react-aria-components@1.21._b5cfd5b3f7fdf12844df94706b6190db/node_modules/react-aria-components/dist/private/Button.mjs:9:50:
[37m      9 │ ...seFocusRing as $9s8kH$useFocusRing} from [32m"react-aria/useFocusRing"[37m;
        ╵                                             [32m~~~~~~~~~~~~~~~~~~~~~~~~~[0m

  The module "./dist/exports/useFocusRing.mjs" was not found on the file system:

    node_modules/.pnpm/node_modules/react-aria/package.json:30:16:
[37m      30 │       "import": [32m"./dist/exports/*.mjs"[37m,
         ╵                 [32m~~~~~~~~~~~~~~~~~~~~~~[0m

  You can mark the path "react-aria/useFocusRing" as external to exclude it from the bundle, which will remove this error and leave the unresolved path in the bundle.


[31mX [41;31m[[41;97mERROR[41;31m][0m [1mCould not resolve "react-aria/useHover"[0m

    node_modules/.pnpm/react-aria-components@1.21._b5cfd5b3f7fdf12844df94706b6190db/node_modules/react-aria-components/dist/private/Button.mjs:10:42:
[37m      10 │ import {useHover as $9s8kH$useHover} from [32m"react-aria/useHover"[37m;
         ╵                                           [32m~~~~~~~~~~~~~~~~~~~~~[0m

  The module "./dist/exports/useHover.mjs" was not found on the file system:

    node_modules/.pnpm/node_modules/react-aria/package.json:30:16:
[37m      30 │       "import": [32m"./dist/exports/*.mjs"[37m,
         ╵                 [32m~~~~~~~~~~~~~~~~~~~~~~[0m

  You can mark the path "react-aria/useHover" as external to exclude it from the bundle, which will remove this error and leave the unresolved path in the bundle.


[31mX [41;31m[[41;97mERROR[41;31m][0m [1mCould not resolve "react-aria/useId"[0m

    node_modules/.pnpm/react-aria-components@1.21._b5cfd5b3f7fdf12844df94706b6190db/node_modules/react-aria-components/dist/private/Button.mjs:11:36:
[37m      11 │ import {useId as $9s8kH$useId} from [32m"react-aria/useId"[37m;
         ╵                                     [32m~~~~~~~~~~~~~~~~~~[0m

  The module "./dist/exports/useId.mjs" was not found on the file system:

    node_modules/.pnpm/node_modules/react-aria/package.json:30:16:
[37m      30 │       "import": [32m"./dist/exports/*.mjs"[37m,
         ╵                 [32m~~~~~~~~~~~~~~~~~~~~~~[0m

  You can mark the path "react-aria/useId" as external to exclude it from the bundle, which will remove this error and leave the unresolved path in the bundle.


[31mX [41;31m[[41;97mERROR[41;31m][0m [1mCould not resolve "react-aria/useCalendar"[0m

    node_modules/.pnpm/react-aria-components@1.21._b5cfd5b3f7fdf12844df94706b6190db/node_modules/react-aria-components/dist/private/Calendar.mjs:5:295:
[37m      5 │ ...eading as $drly1$useCalendarHeading} from [32m"react-aria/useCalendar"[37m;
        ╵                                              [32m~~~~~~~~~~~~~~~~~~~~~~~~[0m

  The module "./dist/exports/useCalendar.mjs" was not found on the file system:

    node_modules/.pnpm/node_modules/react-aria/package.json:30:16:
[37m      30 │       "import": [32m"./dist/exports/*.mjs"[37m,
         ╵                 [32m~~~~~~~~~~~~~~~~~~~~~~[0m

  You can mark the path "react-aria/useCalendar" as external to exclude it from the bundle, which will remove this error and leave the unresolved path in the bundle.


[31mX [41;31m[[41;97mERROR[41;31m][0m [1mCould not resolve "react-aria/useRangeCalendar"[0m

    node_modules/.pnpm/react-aria-components@1.21._b5cfd5b3f7fdf12844df94706b6190db/node_modules/react-aria-components/dist/private/Calendar.mjs:6:58:
[37m      6 │ ...dar as $drly1$useRangeCalendar} from [32m"react-aria/useRangeCalendar"[37m;
        ╵                                         [32m~~~~~~~~~~~~~~~~~~~~~~~~~~~~~[0m

  The module "./dist/exports/useRangeCalendar.mjs" was not found on the file system:

    node_modules/.pnpm/node_modules/react-aria/package.json:30:16:
[37m      30 │       "import": [32m"./dist/exports/*.mjs"[37m,
         ╵                 [32m~~~~~~~~~~~~~~~~~~~~~~[0m

  You can mark the path "react-aria/useRangeCalendar" as external to exclude it from the bundle, which will remove this error and leave the unresolved path in the bundle.


[31mX [41;31m[[41;97mERROR[41;31m][0m [1mCould not resolve "react-aria/filterDOMProps"[0m

    node_modules/.pnpm/react-aria-components@1.21._b5cfd5b3f7fdf12844df94706b6190db/node_modules/react-aria-components/dist/private/Calendar.mjs:9:54:
[37m      9 │ ...OMProps as $drly1$filterDOMProps} from [32m"react-aria/filterDOMProps"[37m;
        ╵                                           [32m~~~~~~~~~~~~~~~~~~~~~~~~~~~[0m

  The module "./dist/exports/filterDOMProps.mjs" was not found on the file system:

    node_modules/.pnpm/node_modules/react-aria/package.json:30:16:
[37m      30 │       "import": [32m"./dist/exports/*.mjs"[37m,
         ╵                 [32m~~~~~~~~~~~~~~~~~~~~~~[0m

  You can mark the path "react-aria/filterDOMProps" as external to exclude it from the bundle, which will remove this error and leave the unresolved path in the bundle.


[31mX [41;31m[[41;97mERROR[41;31m][0m [1mCould not resolve "react-aria/mergeProps"[0m

    node_modules/.pnpm/react-aria-components@1.21._b5cfd5b3f7fdf12844df94706b6190db/node_modules/react-aria-components/dist/private/Calendar.mjs:10:46:
[37m      10 │ ...rt {mergeProps as $drly1$mergeProps} from [32m"react-aria/mergeProps"[37m;
         ╵                                              [32m~~~~~~~~~~~~~~~~~~~~~~~[0m

  The module "./dist/exports/mergeProps.mjs" was not found on the file system:

    node_modules/.pnpm/node_modules/react-aria/package.json:30:16:
[37m      30 │       "import": [32m"./dist/exports/*.mjs"[37m,
         ╵                 [32m~~~~~~~~~~~~~~~~~~~~~~[0m

  You can mark the path "react-aria/mergeProps" as external to exclude it from the bundle, which will remove this error and leave the unresolved path in the bundle.


[31mX [41;31m[[41;97mERROR[41;31m][0m [1mCould not resolve "react-aria/useFocusRing"[0m

    node_modules/.pnpm/react-aria-components@1.21._b5cfd5b3f7fdf12844df94706b6190db/node_modules/react-aria-components/dist/private/Calendar.mjs:13:50:
[37m      13 │ ...eFocusRing as $drly1$useFocusRing} from [32m"react-aria/useFocusRing"[37m;
         ╵                                            [32m~~~~~~~~~~~~~~~~~~~~~~~~~[0m

  The module "./dist/exports/useFocusRing.mjs" was not found on the file system:

    node_modules/.pnpm/node_modules/react-aria/package.json:30:16:
[37m      30 │       "import": [32m"./dist/exports/*.mjs"[37m,
         ╵                 [32m~~~~~~~~~~~~~~~~~~~~~~[0m

  You can mark the path "react-aria/useFocusRing" as external to exclude it from the bundle, which will remove this error and leave the unresolved path in the bundle.


[31mX [41;31m[[41;97mERROR[41;31m][0m [1mCould not resolve "react-aria/useHover"[0m

    node_modules/.pnpm/react-aria-components@1.21._b5cfd5b3f7fdf12844df94706b6190db/node_modules/react-aria-components/dist/private/Calendar.mjs:14:42:
[37m      14 │ import {useHover as $drly1$useHover} from [32m"react-aria/useHover"[37m;
         ╵                                           [32m~~~~~~~~~~~~~~~~~~~~~[0m

  The module "./dist/exports/useHover.mjs" was not found on the file system:

    node_modules/.pnpm/node_modules/react-aria/package.json:30:16:
[37m      30 │       "import": [32m"./dist/exports/*.mjs"[37m,
         ╵                 [32m~~~~~~~~~~~~~~~~~~~~~~[0m

  You can mark the path "react-aria/useHover" as external to exclude it from the bundle, which will remove this error and leave the unresolved path in the bundle.


[31mX [41;31m[[41;97mERROR[41;31m][0m [1mCould not resolve "react-aria/I18nProvider"[0m

    node_modules/.pnpm/react-aria-components@1.21._b5cfd5b3f7fdf12844df94706b6190db/node_modules/react-aria-components/dist/private/Calendar.mjs:15:44:
[37m      15 │ ...rt {useLocale as $drly1$useLocale} from [32m"react-aria/I18nProvider"[37m;
         ╵                                            [32m~~~~~~~~~~~~~~~~~~~~~~~~~[0m

  The module "./dist/exports/I18nProvider.mjs" was not found on the file system:

    node_modules/.pnpm/node_modules/react-aria/package.json:30:16:
[37m      30 │       "import": [32m"./dist/exports/*.mjs"[37m,
         ╵                 [32m~~~~~~~~~~~~~~~~~~~~~~[0m

  You can mark the path "react-aria/I18nProvider" as external to exclude it from the bundle, which will remove this error and leave the unresolved path in the bundle.


[31mX [41;31m[[41;97mERROR[41;31m][0m [1mCould not resolve "react-aria/VisuallyHidden"[0m

    node_modules/.pnpm/react-aria-components@1.21._b5cfd5b3f7fdf12844df94706b6190db/node_modules/react-aria-components/dist/private/Calendar.mjs:16:54:
[37m      16 │ ...Hidden as $drly1$VisuallyHidden} from [32m"react-aria/VisuallyHidden"[37m;
         ╵                                          [32m~~~~~~~~~~~~~~~~~~~~~~~~~~~[0m

  The module "./dist/exports/VisuallyHidden.mjs" was not found on the file system:

    node_modules/.pnpm/node_modules/react-aria/package.json:30:16:
[37m      30 │       "import": [32m"./dist/exports/*.mjs"[37m,
         ╵                 [32m~~~~~~~~~~~~~~~~~~~~~~[0m

  You can mark the path "react-aria/VisuallyHidden" as external to exclude it from the bundle, which will remove this error and leave the unresolved path in the bundle.


[31mX [41;31m[[41;97mERROR[41;31m][0m [1mCould not resolve "react-aria/useCheckboxGroup"[0m

    node_modules/.pnpm/react-aria-components@1.21._b5cfd5b3f7fdf12844df94706b6190db/node_modules/react-aria-components/dist/private/Checkbox.mjs:6:111:
[37m      6 │ ...as $j1L6B$useCheckboxGroupItem} from [32m"react-aria/useCheckboxGroup"[37m;
        ╵                                         [32m~~~~~~~~~~~~~~~~~~~~~~~~~~~~~[0m

  The module "./dist/exports/useCheckboxGroup.mjs" was not found on the file system:

    node_modules/.pnpm/node_modules/react-aria/package.json:30:16:
[37m      30 │       "import": [32m"./dist/exports/*.mjs"[37m,
         ╵                 [32m~~~~~~~~~~~~~~~~~~~~~~[0m

  You can mark the path "react-aria/useCheckboxGroup" as external to exclude it from the bundle, which will remove this error and leave the unresolved path in the bundle.


[31mX [41;31m[[41;97mERROR[41;31m][0m [1mCould not resolve "react-aria/useCheckbox"[0m

    node_modules/.pnpm/react-aria-components@1.21._b5cfd5b3f7fdf12844df94706b6190db/node_modules/react-aria-components/dist/private/Checkbox.mjs:7:48:
[37m      7 │ ... {useCheckbox as $j1L6B$useCheckbox} from [32m"react-aria/useCheckbox"[37m;
        ╵                                              [32m~~~~~~~~~~~~~~~~~~~~~~~~[0m

  The module "./dist/exports/useCheckbox.mjs" was not found on the file system:

    node_modules/.pnpm/node_modules/react-aria/package.json:30:16:
[37m      30 │       "import": [32m"./dist/exports/*.mjs"[37m,
         ╵                 [32m~~~~~~~~~~~~~~~~~~~~~~[0m

  You can mark the path "react-aria/useCheckbox" as external to exclude it from the bundle, which will remove this error and leave the unresolved path in the bundle.


[31mX [41;31m[[41;97mERROR[41;31m][0m [1mCould not resolve "react-aria/filterDOMProps"[0m

    node_modules/.pnpm/react-aria-components@1.21._b5cfd5b3f7fdf12844df94706b6190db/node_modules/react-aria-components/dist/private/Checkbox.mjs:9:54:
[37m      9 │ ...OMProps as $j1L6B$filterDOMProps} from [32m"react-aria/filterDOMProps"[37m;
        ╵                                           [32m~~~~~~~~~~~~~~~~~~~~~~~~~~~[0m

  The module "./dist/exports/filterDOMProps.mjs" was not found on the file system:

    node_modules/.pnpm/node_modules/react-aria/package.json:30:16:
[37m      30 │       "import": [32m"./dist/exports/*.mjs"[37m,
         ╵                 [32m~~~~~~~~~~~~~~~~~~~~~~[0m

  You can mark the path "react-aria/filterDOMProps" as external to exclude it from the bundle, which will remove this error and leave the unresolved path in the bundle.


[31mX [41;31m[[41;97mERROR[41;31m][0m [1mCould not resolve "react-aria/mergeProps"[0m

    node_modules/.pnpm/react-aria-components@1.21._b5cfd5b3f7fdf12844df94706b6190db/node_modules/react-aria-components/dist/private/Checkbox.mjs:10:46:
[37m      10 │ ...rt {mergeProps as $j1L6B$mergeProps} from [32m"react-aria/mergeProps"[37m;
         ╵                                              [32m~~~~~~~~~~~~~~~~~~~~~~~[0m

  The module "./dist/exports/mergeProps.mjs" was not found on the file system:

    node_modules/.pnpm/node_modules/react-aria/package.json:30:16:
[37m      30 │       "import": [32m"./dist/exports/*.mjs"[37m,
         ╵                 [32m~~~~~~~~~~~~~~~~~~~~~~[0m

  You can mark the path "react-aria/mergeProps" as external to exclude it from the bundle, which will remove this error and leave the unresolved path in the bundle.


[31mX [41;31m[[41;97mERROR[41;31m][0m [1mCould not resolve "react-aria/mergeRefs"[0m

    node_modules/.pnpm/react-aria-components@1.21._b5cfd5b3f7fdf12844df94706b6190db/node_modules/react-aria-components/dist/private/Checkbox.mjs:11:44:
[37m      11 │ import {mergeRefs as $j1L6B$mergeRefs} from [32m"react-aria/mergeRefs"[37m;
         ╵                                             [32m~~~~~~~~~~~~~~~~~~~~~~[0m

  The module "./dist/exports/mergeRefs.mjs" was not found on the file system:

    node_modules/.pnpm/node_modules/react-aria/package.json:30:16:
[37m      30 │       "import": [32m"./dist/exports/*.mjs"[37m,
         ╵                 [32m~~~~~~~~~~~~~~~~~~~~~~[0m

  You can mark the path "react-aria/mergeRefs" as external to exclude it from the bundle, which will remove this error and leave the unresolved path in the bundle.


[31mX [41;31m[[41;97mERROR[41;31m][0m [1mCould not resolve "react-aria/useFocusRing"[0m

    node_modules/.pnpm/react-aria-components@1.21._b5cfd5b3f7fdf12844df94706b6190db/node_modules/react-aria-components/dist/private/Checkbox.mjs:13:50:
[37m      13 │ ...eFocusRing as $j1L6B$useFocusRing} from [32m"react-aria/useFocusRing"[37m;
         ╵                                            [32m~~~~~~~~~~~~~~~~~~~~~~~~~[0m

  The module "./dist/exports/useFocusRing.mjs" was not found on the file system:

    node_modules/.pnpm/node_modules/react-aria/package.json:30:16:
[37m      30 │       "import": [32m"./dist/exports/*.mjs"[37m,
         ╵                 [32m~~~~~~~~~~~~~~~~~~~~~~[0m

  You can mark the path "react-aria/useFocusRing" as external to exclude it from the bundle, which will remove this error and leave the unresolved path in the bundle.


[31mX [41;31m[[41;97mERROR[41;31m][0m [1mCould not resolve "react-aria/useHover"[0m

    node_modules/.pnpm/react-aria-components@1.21._b5cfd5b3f7fdf12844df94706b6190db/node_modules/react-aria-components/dist/private/Checkbox.mjs:14:42:
[37m      14 │ import {useHover as $j1L6B$useHover} from [32m"react-aria/useHover"[37m;
         ╵                                           [32m~~~~~~~~~~~~~~~~~~~~~[0m

  The module "./dist/exports/useHover.mjs" was not found on the file system:

    node_modules/.pnpm/node_modules/react-aria/package.json:30:16:
[37m      30 │       "import": [32m"./dist/exports/*.mjs"[37m,
         ╵                 [32m~~~~~~~~~~~~~~~~~~~~~~[0m

  You can mark the path "react-aria/useHover" as external to exclude it from the bundle, which will remove this error and leave the unresolved path in the bundle.


[31mX [41;31m[[41;97mERROR[41;31m][0m [1mCould not resolve "react-aria/useObjectRef"[0m

    node_modules/.pnpm/react-aria-components@1.21._b5cfd5b3f7fdf12844df94706b6190db/node_modules/react-aria-components/dist/private/Checkbox.mjs:15:50:
[37m      15 │ ...eObjectRef as $j1L6B$useObjectRef} from [32m"react-aria/useObjectRef"[37m;
         ╵                                            [32m~~~~~~~~~~~~~~~~~~~~~~~~~[0m

  The module "./dist/exports/useObjectRef.mjs" was not found on the file system:

    node_modules/.pnpm/node_modules/react-aria/package.json:30:16:
[37m      30 │       "import": [32m"./dist/exports/*.mjs"[37m,
         ╵                 [32m~~~~~~~~~~~~~~~~~~~~~~[0m

  You can mark the path "react-aria/useObjectRef" as external to exclude it from the bundle, which will remove this error and leave the unresolved path in the bundle.


[31mX [41;31m[[41;97mERROR[41;31m][0m [1mCould not resolve "react-aria/VisuallyHidden"[0m

    node_modules/.pnpm/react-aria-components@1.21._b5cfd5b3f7fdf12844df94706b6190db/node_modules/react-aria-components/dist/private/Checkbox.mjs:17:54:
[37m      17 │ ...Hidden as $j1L6B$VisuallyHidden} from [32m"react-aria/VisuallyHidden"[37m;
         ╵                                          [32m~~~~~~~~~~~~~~~~~~~~~~~~~~~[0m

  The module "./dist/exports/VisuallyHidden.mjs" was not found on the file system:

    node_modules/.pnpm/node_modules/react-aria/package.json:30:16:
[37m      30 │       "import": [32m"./dist/exports/*.mjs"[37m,
         ╵                 [32m~~~~~~~~~~~~~~~~~~~~~~[0m

  You can mark the path "react-aria/VisuallyHidden" as external to exclude it from the bundle, which will remove this error and leave the unresolved path in the bundle.


[31mX [41;31m[[41;97mERROR[41;31m][0m [1mCould not resolve "react-aria/CollectionBuilder"[0m

    node_modules/.pnpm/react-aria-components@1.21._b5cfd5b3f7fdf12844df94706b6190db/node_modules/react-aria-components/dist/private/Collection.mjs:1:68:
[37m      1 │ ... $f0m83$createBranchComponent} from [32m"react-aria/CollectionBuilder"[37m;
        ╵                                        [32m~~~~~~~~~~~~~~~~~~~~~~~~~~~~~~[0m

  The module "./dist/exports/CollectionBuilder.mjs" was not found on the file system:

    node_modules/.pnpm/node_modules/react-aria/package.json:30:16:
[37m      30 │       "import": [32m"./dist/exports/*.mjs"[37m,
         ╵                 [32m~~~~~~~~~~~~~~~~~~~~~~[0m

  You can mark the path "react-aria/CollectionBuilder" as external to exclude it from the bundle, which will remove this error and leave the unresolved path in the bundle.


[31mX [41;31m[[41;97mERROR[41;31m][0m [1mCould not resolve "react-aria/private/collections/useCachedChildren"[0m

    node_modules/.pnpm/react-aria-components@1.21._b5cfd5b3f7fdf12844df94706b6190db/node_modules/react-aria-components/dist/private/Collection.mjs:3:60:
[37m      3 │ ...dChildren} from [32m"react-aria/private/collections/useCachedChildren"[37m;
        ╵                    [32m~~~~~~~~~~~~~~~~~~~~~~~~~~~~~~~~~~~~~~~~~~~~~~~~~~[0m

  The module "./dist/exports/private/collections/useCachedChildren.mjs" was not found on the file system:

    node_modules/.pnpm/node_modules/react-aria/package.json:30:16:
[37m      30 │       "import": [32m"./dist/exports/*.mjs"[37m,
         ╵                 [32m~~~~~~~~~~~~~~~~~~~~~~[0m

  You can mark the path "react-aria/private/collections/useCachedChildren" as external to exclude it from the bundle, which will remove this error and leave the unresolved path in the bundle.


[31mX [41;31m[[41;97mERROR[41;31m][0m [1mCould not resolve "react-aria/useColorArea"[0m

    node_modules/.pnpm/react-aria-components@1.21._b5cfd5b3f7fdf12844df94706b6190db/node_modules/react-aria-components/dist/private/ColorArea.mjs:3:50:
[37m      3 │ ...seColorArea as $2zlb2$useColorArea} from [32m"react-aria/useColorArea"[37m;
        ╵                                             [32m~~~~~~~~~~~~~~~~~~~~~~~~~[0m

  The module "./dist/exports/useColorArea.mjs" was not found on the file system:

    node_modules/.pnpm/node_modules/react-aria/package.json:30:16:
[37m      30 │       "import": [32m"./dist/exports/*.mjs"[37m,
         ╵                 [32m~~~~~~~~~~~~~~~~~~~~~~[0m

  You can mark the path "react-aria/useColorArea" as external to exclude it from the bundle, which will remove this error and leave the unresolved path in the bundle.


[31mX [41;31m[[41;97mERROR[41;31m][0m [1mCould not resolve "react-aria/filterDOMProps"[0m

    node_modules/.pnpm/react-aria-components@1.21._b5cfd5b3f7fdf12844df94706b6190db/node_modules/react-aria-components/dist/private/ColorArea.mjs:5:54:
[37m      5 │ ...OMProps as $2zlb2$filterDOMProps} from [32m"react-aria/filterDOMProps"[37m;
        ╵                                           [32m~~~~~~~~~~~~~~~~~~~~~~~~~~~[0m

  The module "./dist/exports/filterDOMProps.mjs" was not found on the file system:

    node_modules/.pnpm/node_modules/react-aria/package.json:30:16:
[37m      30 │       "import": [32m"./dist/exports/*.mjs"[37m,
         ╵                 [32m~~~~~~~~~~~~~~~~~~~~~~[0m

  You can mark the path "react-aria/filterDOMProps" as external to exclude it from the bundle, which will remove this error and leave the unresolved path in the bundle.


[31mX [41;31m[[41;97mERROR[41;31m][0m [1mCould not resolve "react-aria/mergeProps"[0m

    node_modules/.pnpm/react-aria-components@1.21._b5cfd5b3f7fdf12844df94706b6190db/node_modules/react-aria-components/dist/private/ColorArea.mjs:6:46:
[37m      6 │ import {mergeProps as $2zlb2$mergeProps} from [32m"react-aria/mergeProps"[37m;
        ╵                                               [32m~~~~~~~~~~~~~~~~~~~~~~~[0m

  The module "./dist/exports/mergeProps.mjs" was not found on the file system:

    node_modules/.pnpm/node_modules/react-aria/package.json:30:16:
[37m      30 │       "import": [32m"./dist/exports/*.mjs"[37m,
         ╵                 [32m~~~~~~~~~~~~~~~~~~~~~~[0m

  You can mark the path "react-aria/mergeProps" as external to exclude it from the bundle, which will remove this error and leave the unresolved path in the bundle.


[31mX [41;31m[[41;97mERROR[41;31m][0m [1mCould not resolve "react-aria/useColorField"[0m

    node_modules/.pnpm/react-aria-components@1.21._b5cfd5b3f7fdf12844df94706b6190db/node_modules/react-aria-components/dist/private/ColorField.mjs:7:105:
[37m      7 │ ...olorField as $2BvAu$useColorField} from [32m"react-aria/useColorField"[37m;
        ╵                                            [32m~~~~~~~~~~~~~~~~~~~~~~~~~~[0m

  The module "./dist/exports/useColorField.mjs" was not found on the file system:

    node_modules/.pnpm/node_modules/react-aria/package.json:30:16:
[37m      30 │       "import": [32m"./dist/exports/*.mjs"[37m,
         ╵                 [32m~~~~~~~~~~~~~~~~~~~~~~[0m

  You can mark the path "react-aria/useColorField" as external to exclude it from the bundle, which will remove this error and leave the unresolved path in the bundle.


[31mX [41;31m[[41;97mERROR[41;31m][0m [1mCould not resolve "react-aria/filterDOMProps"[0m

    node_modules/.pnpm/react-aria-components@1.21._b5cfd5b3f7fdf12844df94706b6190db/node_modules/react-aria-components/dist/private/ColorField.mjs:9:54:
[37m      9 │ ...OMProps as $2BvAu$filterDOMProps} from [32m"react-aria/filterDOMProps"[37m;
        ╵                                           [32m~~~~~~~~~~~~~~~~~~~~~~~~~~~[0m

  The module "./dist/exports/filterDOMProps.mjs" was not found on the file system:

    node_modules/.pnpm/node_modules/react-aria/package.json:30:16:
[37m      30 │       "import": [32m"./dist/exports/*.mjs"[37m,
         ╵                 [32m~~~~~~~~~~~~~~~~~~~~~~[0m

  You can mark the path "react-aria/filterDOMProps" as external to exclude it from the bundle, which will remove this error and leave the unresolved path in the bundle.


[31mX [41;31m[[41;97mERROR[41;31m][0m [1mCould not resolve "react-aria/I18nProvider"[0m

    node_modules/.pnpm/react-aria-components@1.21._b5cfd5b3f7fdf12844df94706b6190db/node_modules/react-aria-components/dist/private/ColorField.mjs:11:44:
[37m      11 │ ...rt {useLocale as $2BvAu$useLocale} from [32m"react-aria/I18nProvider"[37m;
         ╵                                            [32m~~~~~~~~~~~~~~~~~~~~~~~~~[0m

  The module "./dist/exports/I18nProvider.mjs" was not found on the file system:

    node_modules/.pnpm/node_modules/react-aria/package.json:30:16:
[37m      30 │       "import": [32m"./dist/exports/*.mjs"[37m,
         ╵                 [32m~~~~~~~~~~~~~~~~~~~~~~[0m

  You can mark the path "react-aria/I18nProvider" as external to exclude it from the bundle, which will remove this error and leave the unresolved path in the bundle.


[31mX [41;31m[[41;97mERROR[41;31m][0m [1mCould not resolve "react-aria/mergeProps"[0m

    node_modules/.pnpm/react-aria-components@1.21._b5cfd5b3f7fdf12844df94706b6190db/node_modules/react-aria-components/dist/private/ColorPicker.mjs:9:46:
[37m      9 │ import {mergeProps as $fpEtU$mergeProps} from [32m"react-aria/mergeProps"[37m;
        ╵                                               [32m~~~~~~~~~~~~~~~~~~~~~~~[0m

  The module "./dist/exports/mergeProps.mjs" was not found on the file system:

    node_modules/.pnpm/node_modules/react-aria/package.json:30:16:
[37m      30 │       "import": [32m"./dist/exports/*.mjs"[37m,
         ╵                 [32m~~~~~~~~~~~~~~~~~~~~~~[0m

  You can mark the path "react-aria/mergeProps" as external to exclude it from the bundle, which will remove this error and leave the unresolved path in the bundle.


[31mX [41;31m[[41;97mERROR[41;31m][0m [1mCould not resolve "react-aria/useColorSlider"[0m

    node_modules/.pnpm/react-aria-components@1.21._b5cfd5b3f7fdf12844df94706b6190db/node_modules/react-aria-components/dist/private/ColorSlider.mjs:5:54:
[37m      5 │ ...rSlider as $egeNW$useColorSlider} from [32m"react-aria/useColorSlider"[37m;
        ╵                                           [32m~~~~~~~~~~~~~~~~~~~~~~~~~~~[0m

  The module "./dist/exports/useColorSlider.mjs" was not found on the file system:

    node_modules/.pnpm/node_modules/react-aria/package.json:30:16:
[37m      30 │       "import": [32m"./dist/exports/*.mjs"[37m,
         ╵                 [32m~~~~~~~~~~~~~~~~~~~~~~[0m

  You can mark the path "react-aria/useColorSlider" as external to exclude it from the bundle, which will remove this error and leave the unresolved path in the bundle.


[31mX [41;31m[[41;97mERROR[41;31m][0m [1mCould not resolve "react-aria/filterDOMProps"[0m

    node_modules/.pnpm/react-aria-components@1.21._b5cfd5b3f7fdf12844df94706b6190db/node_modules/react-aria-components/dist/private/ColorSlider.mjs:7:54:
[37m      7 │ ...OMProps as $egeNW$filterDOMProps} from [32m"react-aria/filterDOMProps"[37m;
        ╵                                           [32m~~~~~~~~~~~~~~~~~~~~~~~~~~~[0m

  The module "./dist/exports/filterDOMProps.mjs" was not found on the file system:

    node_modules/.pnpm/node_modules/react-aria/package.json:30:16:
[37m      30 │       "import": [32m"./dist/exports/*.mjs"[37m,
         ╵                 [32m~~~~~~~~~~~~~~~~~~~~~~[0m

  You can mark the path "react-aria/filterDOMProps" as external to exclude it from the bundle, which will remove this error and leave the unresolved path in the bundle.


[31mX [41;31m[[41;97mERROR[41;31m][0m [1mCould not resolve "react-aria/I18nProvider"[0m

    node_modules/.pnpm/react-aria-components@1.21._b5cfd5b3f7fdf12844df94706b6190db/node_modules/react-aria-components/dist/private/ColorSlider.mjs:9:44:
[37m      9 │ import {useLocale as $egeNW$useLocale} from [32m"react-aria/I18nProvider"[37m;
        ╵                                             [32m~~~~~~~~~~~~~~~~~~~~~~~~~[0m

  The module "./dist/exports/I18nProvider.mjs" was not found on the file system:

    node_modules/.pnpm/node_modules/react-aria/package.json:30:16:
[37m      30 │       "import": [32m"./dist/exports/*.mjs"[37m,
         ╵                 [32m~~~~~~~~~~~~~~~~~~~~~~[0m

  You can mark the path "react-aria/I18nProvider" as external to exclude it from the bundle, which will remove this error and leave the unresolved path in the bundle.


[31mX [41;31m[[41;97mERROR[41;31m][0m [1mCould not resolve "react-aria/useColorSwatch"[0m

    node_modules/.pnpm/react-aria-components@1.21._b5cfd5b3f7fdf12844df94706b6190db/node_modules/react-aria-components/dist/private/ColorSwatch.mjs:2:54:
[37m      2 │ ...rSwatch as $4OWOD$useColorSwatch} from [32m"react-aria/useColorSwatch"[37m;
        ╵                                           [32m~~~~~~~~~~~~~~~~~~~~~~~~~~~[0m

  The module "./dist/exports/useColorSwatch.mjs" was not found on the file system:

    node_modules/.pnpm/node_modules/react-aria/package.json:30:16:
[37m      30 │       "import": [32m"./dist/exports/*.mjs"[37m,
         ╵                 [32m~~~~~~~~~~~~~~~~~~~~~~[0m

  You can mark the path "react-aria/useColorSwatch" as external to exclude it from the bundle, which will remove this error and leave the unresolved path in the bundle.


[31mX [41;31m[[41;97mERROR[41;31m][0m [1mCould not resolve "react-aria/filterDOMProps"[0m

    node_modules/.pnpm/react-aria-components@1.21._b5cfd5b3f7fdf12844df94706b6190db/node_modules/react-aria-components/dist/private/ColorSwatch.mjs:3:54:
[37m      3 │ ...OMProps as $4OWOD$filterDOMProps} from [32m"react-aria/filterDOMProps"[37m;
        ╵                                           [32m~~~~~~~~~~~~~~~~~~~~~~~~~~~[0m

  The module "./dist/exports/filterDOMProps.mjs" was not found on the file system:

    node_modules/.pnpm/node_modules/react-aria/package.json:30:16:
[37m      30 │       "import": [32m"./dist/exports/*.mjs"[37m,
         ╵                 [32m~~~~~~~~~~~~~~~~~~~~~~[0m

  You can mark the path "react-aria/filterDOMProps" as external to exclude it from the bundle, which will remove this error and leave the unresolved path in the bundle.


[31mX [41;31m[[41;97mERROR[41;31m][0m [1mCould not resolve "react-aria/mergeProps"[0m

    node_modules/.pnpm/react-aria-components@1.21._b5cfd5b3f7fdf12844df94706b6190db/node_modules/react-aria-components/dist/private/ColorSwatch.mjs:4:46:
[37m      4 │ import {mergeProps as $4OWOD$mergeProps} from [32m"react-aria/mergeProps"[37m;
        ╵                                               [32m~~~~~~~~~~~~~~~~~~~~~~~[0m

  The module "./dist/exports/mergeProps.mjs" was not found on the file system:

    node_modules/.pnpm/node_modules/react-aria/package.json:30:16:
[37m      30 │       "import": [32m"./dist/exports/*.mjs"[37m,
         ╵                 [32m~~~~~~~~~~~~~~~~~~~~~~[0m

  You can mark the path "react-aria/mergeProps" as external to exclude it from the bundle, which will remove this error and leave the unresolved path in the bundle.


[31mX [41;31m[[41;97mERROR[41;31m][0m [1mCould not resolve "react-aria/filterDOMProps"[0m

    node_modules/.pnpm/react-aria-components@1.21._b5cfd5b3f7fdf12844df94706b6190db/node_modules/react-aria-components/dist/private/ColorSwatchPicker.mjs:5:54:
[37m      5 │ ...OMProps as $kuZDw$filterDOMProps} from [32m"react-aria/filterDOMProps"[37m;
        ╵                                           [32m~~~~~~~~~~~~~~~~~~~~~~~~~~~[0m

  The module "./dist/exports/filterDOMProps.mjs" was not found on the file system:

    node_modules/.pnpm/node_modules/react-aria/package.json:30:16:
[37m      30 │       "import": [32m"./dist/exports/*.mjs"[37m,
         ╵                 [32m~~~~~~~~~~~~~~~~~~~~~~[0m

  You can mark the path "react-aria/filterDOMProps" as external to exclude it from the bundle, which will remove this error and leave the unresolved path in the bundle.


[31mX [41;31m[[41;97mERROR[41;31m][0m [1mCould not resolve "react-aria/I18nProvider"[0m

    node_modules/.pnpm/react-aria-components@1.21._b5cfd5b3f7fdf12844df94706b6190db/node_modules/react-aria-components/dist/private/ColorSwatchPicker.mjs:9:44:
[37m      9 │ import {useLocale as $kuZDw$useLocale} from [32m"react-aria/I18nProvider"[37m;
        ╵                                             [32m~~~~~~~~~~~~~~~~~~~~~~~~~[0m

  The module "./dist/exports/I18nProvider.mjs" was not found on the file system:

    node_modules/.pnpm/node_modules/react-aria/package.json:30:16:
[37m      30 │       "import": [32m"./dist/exports/*.mjs"[37m,
         ╵                 [32m~~~~~~~~~~~~~~~~~~~~~~[0m

  You can mark the path "react-aria/I18nProvider" as external to exclude it from the bundle, which will remove this error and leave the unresolved path in the bundle.


[31mX [41;31m[[41;97mERROR[41;31m][0m [1mCould not resolve "react-aria/useLocalizedStringFormatter"[0m

    node_modules/.pnpm/react-aria-components@1.21._b5cfd5b3f7fdf12844df94706b6190db/node_modules/react-aria-components/dist/private/ColorSwatchPicker.mjs:10:80:
[37m      10 │ ...zedStringFormatter} from [32m"react-aria/useLocalizedStringFormatter"[37m;
         ╵                             [32m~~~~~~~~~~~~~~~~~~~~~~~~~~~~~~~~~~~~~~~~[0m

  The module "./dist/exports/useLocalizedStringFormatter.mjs" was not found on the file system:

    node_modules/.pnpm/node_modules/react-aria/package.json:30:16:
[37m      30 │       "import": [32m"./dist/exports/*.mjs"[37m,
         ╵                 [32m~~~~~~~~~~~~~~~~~~~~~~[0m

  You can mark the path "react-aria/useLocalizedStringFormatter" as external to exclude it from the bundle, which will remove this error and leave the unresolved path in the bundle.


[31mX [41;31m[[41;97mERROR[41;31m][0m [1mCould not resolve "react-aria/filterDOMProps"[0m

    node_modules/.pnpm/react-aria-components@1.21._b5cfd5b3f7fdf12844df94706b6190db/node_modules/react-aria-components/dist/private/ColorThumb.mjs:2:54:
[37m      2 │ ...OMProps as $fqlfY$filterDOMProps} from [32m"react-aria/filterDOMProps"[37m;
        ╵                                           [32m~~~~~~~~~~~~~~~~~~~~~~~~~~~[0m

  The module "./dist/exports/filterDOMProps.mjs" was not found on the file system:

    node_modules/.pnpm/node_modules/react-aria/package.json:30:16:
[37m      30 │       "import": [32m"./dist/exports/*.mjs"[37m,
         ╵                 [32m~~~~~~~~~~~~~~~~~~~~~~[0m

  You can mark the path "react-aria/filterDOMProps" as external to exclude it from the bundle, which will remove this error and leave the unresolved path in the bundle.


[31mX [41;31m[[41;97mERROR[41;31m][0m [1mCould not resolve "react-aria/mergeProps"[0m

    node_modules/.pnpm/react-aria-components@1.21._b5cfd5b3f7fdf12844df94706b6190db/node_modules/react-aria-components/dist/private/ColorThumb.mjs:3:46:
[37m      3 │ import {mergeProps as $fqlfY$mergeProps} from [32m"react-aria/mergeProps"[37m;
        ╵                                               [32m~~~~~~~~~~~~~~~~~~~~~~~[0m

  The module "./dist/exports/mergeProps.mjs" was not found on the file system:

    node_modules/.pnpm/node_modules/react-aria/package.json:30:16:
[37m      30 │       "import": [32m"./dist/exports/*.mjs"[37m,
         ╵                 [32m~~~~~~~~~~~~~~~~~~~~~~[0m

  You can mark the path "react-aria/mergeProps" as external to exclude it from the bundle, which will remove this error and leave the unresolved path in the bundle.


[31mX [41;31m[[41;97mERROR[41;31m][0m [1mCould not resolve "react-aria/useFocusRing"[0m

    node_modules/.pnpm/react-aria-components@1.21._b5cfd5b3f7fdf12844df94706b6190db/node_modules/react-aria-components/dist/private/ColorThumb.mjs:5:50:
[37m      5 │ ...seFocusRing as $fqlfY$useFocusRing} from [32m"react-aria/useFocusRing"[37m;
        ╵                                             [32m~~~~~~~~~~~~~~~~~~~~~~~~~[0m

  The module "./dist/exports/useFocusRing.mjs" was not found on the file system:

    node_modules/.pnpm/node_modules/react-aria/package.json:30:16:
[37m      30 │       "import": [32m"./dist/exports/*.mjs"[37m,
         ╵                 [32m~~~~~~~~~~~~~~~~~~~~~~[0m

  You can mark the path "react-aria/useFocusRing" as external to exclude it from the bundle, which will remove this error and leave the unresolved path in the bundle.


[31mX [41;31m[[41;97mERROR[41;31m][0m [1mCould not resolve "react-aria/useHover"[0m

    node_modules/.pnpm/react-aria-components@1.21._b5cfd5b3f7fdf12844df94706b6190db/node_modules/react-aria-components/dist/private/ColorThumb.mjs:6:42:
[37m      6 │ import {useHover as $fqlfY$useHover} from [32m"react-aria/useHover"[37m;
        ╵                                           [32m~~~~~~~~~~~~~~~~~~~~~[0m

  The module "./dist/exports/useHover.mjs" was not found on the file system:

    node_modules/.pnpm/node_modules/react-aria/package.json:30:16:
[37m      30 │       "import": [32m"./dist/exports/*.mjs"[37m,
         ╵                 [32m~~~~~~~~~~~~~~~~~~~~~~[0m

  You can mark the path "react-aria/useHover" as external to exclude it from the bundle, which will remove this error and leave the unresolved path in the bundle.


[31mX [41;31m[[41;97mERROR[41;31m][0m [1mCould not resolve "react-aria/useColorWheel"[0m

    node_modules/.pnpm/react-aria-components@1.21._b5cfd5b3f7fdf12844df94706b6190db/node_modules/react-aria-components/dist/private/ColorWheel.mjs:3:52:
[37m      3 │ ...olorWheel as $pqA4I$useColorWheel} from [32m"react-aria/useColorWheel"[37m;
        ╵                                            [32m~~~~~~~~~~~~~~~~~~~~~~~~~~[0m

  The module "./dist/exports/useColorWheel.mjs" was not found on the file system:

    node_modules/.pnpm/node_modules/react-aria/package.json:30:16:
[37m      30 │       "import": [32m"./dist/exports/*.mjs"[37m,
         ╵                 [32m~~~~~~~~~~~~~~~~~~~~~~[0m

  You can mark the path "react-aria/useColorWheel" as external to exclude it from the bundle, which will remove this error and leave the unresolved path in the bundle.


[31mX [41;31m[[41;97mERROR[41;31m][0m [1mCould not resolve "react-aria/filterDOMProps"[0m

    node_modules/.pnpm/react-aria-components@1.21._b5cfd5b3f7fdf12844df94706b6190db/node_modules/react-aria-components/dist/private/ColorWheel.mjs:5:54:
[37m      5 │ ...OMProps as $pqA4I$filterDOMProps} from [32m"react-aria/filterDOMProps"[37m;
        ╵                                           [32m~~~~~~~~~~~~~~~~~~~~~~~~~~~[0m

  The module "./dist/exports/filterDOMProps.mjs" was not found on the file system:

    node_modules/.pnpm/node_modules/react-aria/package.json:30:16:
[37m      30 │       "import": [32m"./dist/exports/*.mjs"[37m,
         ╵                 [32m~~~~~~~~~~~~~~~~~~~~~~[0m

  You can mark the path "react-aria/filterDOMProps" as external to exclude it from the bundle, which will remove this error and leave the unresolved path in the bundle.


[31mX [41;31m[[41;97mERROR[41;31m][0m [1mCould not resolve "react-aria/useComboBox"[0m

    node_modules/.pnpm/react-aria-components@1.21._b5cfd5b3f7fdf12844df94706b6190db/node_modules/react-aria-components/dist/private/ComboBox.mjs:13:48:
[37m      13 │ ...{useComboBox as $er33p$useComboBox} from [32m"react-aria/useComboBox"[37m;
         ╵                                             [32m~~~~~~~~~~~~~~~~~~~~~~~~[0m

  The module "./dist/exports/useComboBox.mjs" was not found on the file system:

    node_modules/.pnpm/node_modules/react-aria/package.json:30:16:
[37m      30 │       "import": [32m"./dist/exports/*.mjs"[37m,
         ╵                 [32m~~~~~~~~~~~~~~~~~~~~~~[0m

  You can mark the path "react-aria/useComboBox" as external to exclude it from the bundle, which will remove this error and leave the unresolved path in the bundle.


[31mX [41;31m[[41;97mERROR[41;31m][0m [1mCould not resolve "react-aria/CollectionBuilder"[0m

    node_modules/.pnpm/react-aria-components@1.21._b5cfd5b3f7fdf12844df94706b6190db/node_modules/react-aria-components/dist/private/ComboBox.mjs:14:60:
[37m      14 │ ... as $er33p$CollectionBuilder} from [32m"react-aria/CollectionBuilder"[37m;
         ╵                                       [32m~~~~~~~~~~~~~~~~~~~~~~~~~~~~~~[0m

  The module "./dist/exports/CollectionBuilder.mjs" was not found on the file system:

    node_modules/.pnpm/node_modules/react-aria/package.json:30:16:
[37m      30 │       "import": [32m"./dist/exports/*.mjs"[37m,
         ╵                 [32m~~~~~~~~~~~~~~~~~~~~~~[0m

  You can mark the path "react-aria/CollectionBuilder" as external to exclude it from the bundle, which will remove this error and leave the unresolved path in the bundle.


[31mX [41;31m[[41;97mERROR[41;31m][0m [1mCould not resolve "react-aria/private/collections/Hidden"[0m

    node_modules/.pnpm/react-aria-components@1.21._b5cfd5b3f7fdf12844df94706b6190db/node_modules/react-aria-components/dist/private/ComboBox.mjs:16:72:
[37m      16 │ ...teHideableComponent} from [32m"react-aria/private/collections/Hidden"[37m;
         ╵                              [32m~~~~~~~~~~~~~~~~~~~~~~~~~~~~~~~~~~~~~~~[0m

  The module "./dist/exports/private/collections/Hidden.mjs" was not found on the file system:

    node_modules/.pnpm/node_modules/react-aria/package.json:30:16:
[37m      30 │       "import": [32m"./dist/exports/*.mjs"[37m,
         ╵                 [32m~~~~~~~~~~~~~~~~~~~~~~[0m

  You can mark the path "react-aria/private/collections/Hidden" as external to exclude it from the bundle, which will remove this error and leave the unresolved path in the bundle.


[31mX [41;31m[[41;97mERROR[41;31m][0m [1mCould not resolve "react-aria/filterDOMProps"[0m

    node_modules/.pnpm/react-aria-components@1.21._b5cfd5b3f7fdf12844df94706b6190db/node_modules/react-aria-components/dist/private/ComboBox.mjs:17:54:
[37m      17 │ ...MProps as $er33p$filterDOMProps} from [32m"react-aria/filterDOMProps"[37m;
         ╵                                          [32m~~~~~~~~~~~~~~~~~~~~~~~~~~~[0m

  The module "./dist/exports/filterDOMProps.mjs" was not found on the file system:

    node_modules/.pnpm/node_modules/react-aria/package.json:30:16:
[37m      30 │       "import": [32m"./dist/exports/*.mjs"[37m,
         ╵                 [32m~~~~~~~~~~~~~~~~~~~~~~[0m

  You can mark the path "react-aria/filterDOMProps" as external to exclude it from the bundle, which will remove this error and leave the unresolved path in the bundle.


[31mX [41;31m[[41;97mERROR[41;31m][0m [1mCould not resolve "react-aria/useFilter"[0m

    node_modules/.pnpm/react-aria-components@1.21._b5cfd5b3f7fdf12844df94706b6190db/node_modules/react-aria-components/dist/private/ComboBox.mjs:19:44:
[37m      19 │ import {useFilter as $er33p$useFilter} from [32m"react-aria/useFilter"[37m;
         ╵                                             [32m~~~~~~~~~~~~~~~~~~~~~~[0m

  The module "./dist/exports/useFilter.mjs" was not found on the file system:

    node_modules/.pnpm/node_modules/react-aria/package.json:30:16:
[37m      30 │       "import": [32m"./dist/exports/*.mjs"[37m,
         ╵                 [32m~~~~~~~~~~~~~~~~~~~~~~[0m

  You can mark the path "react-aria/useFilter" as external to exclude it from the bundle, which will remove this error and leave the unresolved path in the bundle.


[31mX [41;31m[[41;97mERROR[41;31m][0m [1mCould not resolve "react-aria/useListFormatter"[0m

    node_modules/.pnpm/react-aria-components@1.21._b5cfd5b3f7fdf12844df94706b6190db/node_modules/react-aria-components/dist/private/ComboBox.mjs:20:58:
[37m      20 │ ...er as $er33p$useListFormatter} from [32m"react-aria/useListFormatter"[37m;
         ╵                                        [32m~~~~~~~~~~~~~~~~~~~~~~~~~~~~~[0m

  The module "./dist/exports/useListFormatter.mjs" was not found on the file system:

    node_modules/.pnpm/node_modules/react-aria/package.json:30:16:
[37m      30 │       "import": [32m"./dist/exports/*.mjs"[37m,
         ╵                 [32m~~~~~~~~~~~~~~~~~~~~~~[0m

  You can mark the path "react-aria/useListFormatter" as external to exclude it from the bundle, which will remove this error and leave the unresolved path in the bundle.


[31mX [41;31m[[41;97mERROR[41;31m][0m [1mCould not resolve "react-aria/private/utils/useResizeObserver"[0m

    node_modules/.pnpm/react-aria-components@1.21._b5cfd5b3f7fdf12844df94706b6190db/node_modules/react-aria-components/dist/private/ComboBox.mjs:21:60:
[37m      21 │ ...ResizeObserver} from [32m"react-aria/private/utils/useResizeObserver"[37m;
         ╵                         [32m~~~~~~~~~~~~~~~~~~~~~~~~~~~~~~~~~~~~~~~~~~~~[0m

  The module "./dist/exports/private/utils/useResizeObserver.mjs" was not found on the file system:

    node_modules/.pnpm/node_modules/react-aria/package.json:30:16:
[37m      30 │       "import": [32m"./dist/exports/*.mjs"[37m,
         ╵                 [32m~~~~~~~~~~~~~~~~~~~~~~[0m

  You can mark the path "react-aria/private/utils/useResizeObserver" as external to exclude it from the bundle, which will remove this error and leave the unresolved path in the bundle.


[31mX [41;31m[[41;97mERROR[41;31m][0m [1mCould not resolve "react-aria/useDateField"[0m

    node_modules/.pnpm/react-aria-components@1.21._b5cfd5b3f7fdf12844df94706b6190db/node_modules/react-aria-components/dist/private/DateField.mjs:9:91:
[37m      9 │ ...teSegment as $lX0XJ$useDateSegment} from [32m"react-aria/useDateField"[37m;
        ╵                                             [32m~~~~~~~~~~~~~~~~~~~~~~~~~[0m

  The module "./dist/exports/useDateField.mjs" was not found on the file system:

    node_modules/.pnpm/node_modules/react-aria/package.json:30:16:
[37m      30 │       "import": [32m"./dist/exports/*.mjs"[37m,
         ╵                 [32m~~~~~~~~~~~~~~~~~~~~~~[0m

  You can mark the path "react-aria/useDateField" as external to exclude it from the bundle, which will remove this error and leave the unresolved path in the bundle.


[31mX [41;31m[[41;97mERROR[41;31m][0m [1mCould not resolve "react-aria/useTimeField"[0m

    node_modules/.pnpm/react-aria-components@1.21._b5cfd5b3f7fdf12844df94706b6190db/node_modules/react-aria-components/dist/private/DateField.mjs:10:50:
[37m      10 │ ...eTimeField as $lX0XJ$useTimeField} from [32m"react-aria/useTimeField"[37m;
         ╵                                            [32m~~~~~~~~~~~~~~~~~~~~~~~~~[0m

  The module "./dist/exports/useTimeField.mjs" was not found on the file system:

    node_modules/.pnpm/node_modules/react-aria/package.json:30:16:
[37m      30 │       "import": [32m"./dist/exports/*.mjs"[37m,
         ╵                 [32m~~~~~~~~~~~~~~~~~~~~~~[0m

  You can mark the path "react-aria/useTimeField" as external to exclude it from the bundle, which will remove this error and leave the unresolved path in the bundle.


[31mX [41;31m[[41;97mERROR[41;31m][0m [1mCould not resolve "react-aria/filterDOMProps"[0m

    node_modules/.pnpm/react-aria-components@1.21._b5cfd5b3f7fdf12844df94706b6190db/node_modules/react-aria-components/dist/private/DateField.mjs:13:54:
[37m      13 │ ...MProps as $lX0XJ$filterDOMProps} from [32m"react-aria/filterDOMProps"[37m;
         ╵                                          [32m~~~~~~~~~~~~~~~~~~~~~~~~~~~[0m

  The module "./dist/exports/filterDOMProps.mjs" was not found on the file system:

    node_modules/.pnpm/node_modules/react-aria/package.json:30:16:
[37m      30 │       "import": [32m"./dist/exports/*.mjs"[37m,
         ╵                 [32m~~~~~~~~~~~~~~~~~~~~~~[0m

  You can mark the path "react-aria/filterDOMProps" as external to exclude it from the bundle, which will remove this error and leave the unresolved path in the bundle.


[31mX [41;31m[[41;97mERROR[41;31m][0m [1mCould not resolve "react-aria/mergeProps"[0m

    node_modules/.pnpm/react-aria-components@1.21._b5cfd5b3f7fdf12844df94706b6190db/node_modules/react-aria-components/dist/private/DateField.mjs:14:46:
[37m      14 │ ...rt {mergeProps as $lX0XJ$mergeProps} from [32m"react-aria/mergeProps"[37m;
         ╵                                              [32m~~~~~~~~~~~~~~~~~~~~~~~[0m

  The module "./dist/exports/mergeProps.mjs" was not found on the file system:

    node_modules/.pnpm/node_modules/react-aria/package.json:30:16:
[37m      30 │       "import": [32m"./dist/exports/*.mjs"[37m,
         ╵                 [32m~~~~~~~~~~~~~~~~~~~~~~[0m

  You can mark the path "react-aria/mergeProps" as external to exclude it from the bundle, which will remove this error and leave the unresolved path in the bundle.


[31mX [41;31m[[41;97mERROR[41;31m][0m [1mCould not resolve "react-aria/useFocusRing"[0m

    node_modules/.pnpm/react-aria-components@1.21._b5cfd5b3f7fdf12844df94706b6190db/node_modules/react-aria-components/dist/private/DateField.mjs:17:50:
[37m      17 │ ...eFocusRing as $lX0XJ$useFocusRing} from [32m"react-aria/useFocusRing"[37m;
         ╵                                            [32m~~~~~~~~~~~~~~~~~~~~~~~~~[0m

  The module "./dist/exports/useFocusRing.mjs" was not found on the file system:

    node_modules/.pnpm/node_modules/react-aria/package.json:30:16:
[37m      30 │       "import": [32m"./dist/exports/*.mjs"[37m,
         ╵                 [32m~~~~~~~~~~~~~~~~~~~~~~[0m

  You can mark the path "react-aria/useFocusRing" as external to exclude it from the bundle, which will remove this error and leave the unresolved path in the bundle.


[31mX [41;31m[[41;97mERROR[41;31m][0m [1mCould not resolve "react-aria/useHover"[0m

    node_modules/.pnpm/react-aria-components@1.21._b5cfd5b3f7fdf12844df94706b6190db/node_modules/react-aria-components/dist/private/DateField.mjs:18:42:
[37m      18 │ import {useHover as $lX0XJ$useHover} from [32m"react-aria/useHover"[37m;
         ╵                                           [32m~~~~~~~~~~~~~~~~~~~~~[0m

  The module "./dist/exports/useHover.mjs" was not found on the file system:

    node_modules/.pnpm/node_modules/react-aria/package.json:30:16:
[37m      30 │       "import": [32m"./dist/exports/*.mjs"[37m,
         ╵                 [32m~~~~~~~~~~~~~~~~~~~~~~[0m

  You can mark the path "react-aria/useHover" as external to exclude it from the bundle, which will remove this error and leave the unresolved path in the bundle.


[31mX [41;31m[[41;97mERROR[41;31m][0m [1mCould not resolve "react-aria/I18nProvider"[0m

    node_modules/.pnpm/react-aria-components@1.21._b5cfd5b3f7fdf12844df94706b6190db/node_modules/react-aria-components/dist/private/DateField.mjs:19:44:
[37m      19 │ ...rt {useLocale as $lX0XJ$useLocale} from [32m"react-aria/I18nProvider"[37m;
         ╵                                            [32m~~~~~~~~~~~~~~~~~~~~~~~~~[0m

  The module "./dist/exports/I18nProvider.mjs" was not found on the file system:

    node_modules/.pnpm/node_modules/react-aria/package.json:30:16:
[37m      30 │       "import": [32m"./dist/exports/*.mjs"[37m,
         ╵                 [32m~~~~~~~~~~~~~~~~~~~~~~[0m

  You can mark the path "react-aria/I18nProvider" as external to exclude it from the bundle, which will remove this error and leave the unresolved path in the bundle.


[31mX [41;31m[[41;97mERROR[41;31m][0m [1mCould not resolve "react-aria/useObjectRef"[0m

    node_modules/.pnpm/react-aria-components@1.21._b5cfd5b3f7fdf12844df94706b6190db/node_modules/react-aria-components/dist/private/DateField.mjs:20:50:
[37m      20 │ ...eObjectRef as $lX0XJ$useObjectRef} from [32m"react-aria/useObjectRef"[37m;
         ╵                                            [32m~~~~~~~~~~~~~~~~~~~~~~~~~[0m

  The module "./dist/exports/useObjectRef.mjs" was not found on the file system:

    node_modules/.pnpm/node_modules/react-aria/package.json:30:16:
[37m      30 │       "import": [32m"./dist/exports/*.mjs"[37m,
         ╵                 [32m~~~~~~~~~~~~~~~~~~~~~~[0m

  You can mark the path "react-aria/useObjectRef" as external to exclude it from the bundle, which will remove this error and leave the unresolved path in the bundle.


[31mX [41;31m[[41;97mERROR[41;31m][0m [1mCould not resolve "react-aria/useDatePicker"[0m

    node_modules/.pnpm/react-aria-components@1.21._b5cfd5b3f7fdf12844df94706b6190db/node_modules/react-aria-components/dist/private/DatePicker.mjs:13:52:
[37m      13 │ ...tePicker as $a7Jp3$useDatePicker} from [32m"react-aria/useDatePicker"[37m;
         ╵                                           [32m~~~~~~~~~~~~~~~~~~~~~~~~~~[0m

  The module "./dist/exports/useDatePicker.mjs" was not found on the file system:

    node_modules/.pnpm/node_modules/react-aria/package.json:30:16:
[37m      30 │       "import": [32m"./dist/exports/*.mjs"[37m,
         ╵                 [32m~~~~~~~~~~~~~~~~~~~~~~[0m

  You can mark the path "react-aria/useDatePicker" as external to exclude it from the bundle, which will remove this error and leave the unresolved path in the bundle.


[31mX [41;31m[[41;97mERROR[41;31m][0m [1mCould not resolve "react-aria/useDateRangePicker"[0m

    node_modules/.pnpm/react-aria-components@1.21._b5cfd5b3f7fdf12844df94706b6190db/node_modules/react-aria-components/dist/private/DatePicker.mjs:14:62:
[37m      14 │ ...s $a7Jp3$useDateRangePicker} from [32m"react-aria/useDateRangePicker"[37m;
         ╵                                      [32m~~~~~~~~~~~~~~~~~~~~~~~~~~~~~~~[0m

  The module "./dist/exports/useDateRangePicker.mjs" was not found on the file system:

    node_modules/.pnpm/node_modules/react-aria/package.json:30:16:
[37m      30 │       "import": [32m"./dist/exports/*.mjs"[37m,
         ╵                 [32m~~~~~~~~~~~~~~~~~~~~~~[0m

  You can mark the path "react-aria/useDateRangePicker" as external to exclude it from the bundle, which will remove this error and leave the unresolved path in the bundle.


[31mX [41;31m[[41;97mERROR[41;31m][0m [1mCould not resolve "react-aria/filterDOMProps"[0m

    node_modules/.pnpm/react-aria-components@1.21._b5cfd5b3f7fdf12844df94706b6190db/node_modules/react-aria-components/dist/private/DatePicker.mjs:17:54:
[37m      17 │ ...MProps as $a7Jp3$filterDOMProps} from [32m"react-aria/filterDOMProps"[37m;
         ╵                                          [32m~~~~~~~~~~~~~~~~~~~~~~~~~~~[0m

  The module "./dist/exports/filterDOMProps.mjs" was not found on the file system:

    node_modules/.pnpm/node_modules/react-aria/package.json:30:16:
[37m      30 │       "import": [32m"./dist/exports/*.mjs"[37m,
         ╵                 [32m~~~~~~~~~~~~~~~~~~~~~~[0m

  You can mark the path "react-aria/filterDOMProps" as external to exclude it from the bundle, which will remove this error and leave the unresolved path in the bundle.


[31mX [41;31m[[41;97mERROR[41;31m][0m [1mCould not resolve "react-aria/mergeProps"[0m

    node_modules/.pnpm/react-aria-components@1.21._b5cfd5b3f7fdf12844df94706b6190db/node_modules/react-aria-components/dist/private/DatePicker.mjs:18:46:
[37m      18 │ ...rt {mergeProps as $a7Jp3$mergeProps} from [32m"react-aria/mergeProps"[37m;
         ╵                                              [32m~~~~~~~~~~~~~~~~~~~~~~~[0m

  The module "./dist/exports/mergeProps.mjs" was not found on the file system:

    node_modules/.pnpm/node_modules/react-aria/package.json:30:16:
[37m      30 │       "import": [32m"./dist/exports/*.mjs"[37m,
         ╵                 [32m~~~~~~~~~~~~~~~~~~~~~~[0m

  You can mark the path "react-aria/mergeProps" as external to exclude it from the bundle, which will remove this error and leave the unresolved path in the bundle.


[31mX [41;31m[[41;97mERROR[41;31m][0m [1mCould not resolve "react-aria/useFocusRing"[0m

    node_modules/.pnpm/react-aria-components@1.21._b5cfd5b3f7fdf12844df94706b6190db/node_modules/react-aria-components/dist/private/DatePicker.mjs:20:50:
[37m      20 │ ...eFocusRing as $a7Jp3$useFocusRing} from [32m"react-aria/useFocusRing"[37m;
         ╵                                            [32m~~~~~~~~~~~~~~~~~~~~~~~~~[0m

  The module "./dist/exports/useFocusRing.mjs" was not found on the file system:

    node_modules/.pnpm/node_modules/react-aria/package.json:30:16:
[37m      30 │       "import": [32m"./dist/exports/*.mjs"[37m,
         ╵                 [32m~~~~~~~~~~~~~~~~~~~~~~[0m

  You can mark the path "react-aria/useFocusRing" as external to exclude it from the bundle, which will remove this error and leave the unresolved path in the bundle.


[31mX [41;31m[[41;97mERROR[41;31m][0m [1mCould not resolve "react-aria/useDialog"[0m

    node_modules/.pnpm/react-aria-components@1.21._b5cfd5b3f7fdf12844df94706b6190db/node_modules/react-aria-components/dist/private/Dialog.mjs:7:44:
[37m      7 │ import {useDialog as $gV8PY$useDialog} from [32m"react-aria/useDialog"[37m;
        ╵                                             [32m~~~~~~~~~~~~~~~~~~~~~~[0m

  The module "./dist/exports/useDialog.mjs" was not found on the file system:

    node_modules/.pnpm/node_modules/react-aria/package.json:30:16:
[37m      30 │       "import": [32m"./dist/exports/*.mjs"[37m,
         ╵                 [32m~~~~~~~~~~~~~~~~~~~~~~[0m

  You can mark the path "react-aria/useDialog" as external to exclude it from the bundle, which will remove this error and leave the unresolved path in the bundle.


[31mX [41;31m[[41;97mERROR[41;31m][0m [1mCould not resolve "react-aria/filterDOMProps"[0m

    node_modules/.pnpm/react-aria-components@1.21._b5cfd5b3f7fdf12844df94706b6190db/node_modules/react-aria-components/dist/private/Dialog.mjs:8:54:
[37m      8 │ ...OMProps as $gV8PY$filterDOMProps} from [32m"react-aria/filterDOMProps"[37m;
        ╵                                           [32m~~~~~~~~~~~~~~~~~~~~~~~~~~~[0m

  The module "./dist/exports/filterDOMProps.mjs" was not found on the file system:

    node_modules/.pnpm/node_modules/react-aria/package.json:30:16:
[37m      30 │       "import": [32m"./dist/exports/*.mjs"[37m,
         ╵                 [32m~~~~~~~~~~~~~~~~~~~~~~[0m

  You can mark the path "react-aria/filterDOMProps" as external to exclude it from the bundle, which will remove this error and leave the unresolved path in the bundle.


[31mX [41;31m[[41;97mERROR[41;31m][0m [1mCould not resolve "react-aria/mergeProps"[0m

    node_modules/.pnpm/react-aria-components@1.21._b5cfd5b3f7fdf12844df94706b6190db/node_modules/react-aria-components/dist/private/Dialog.mjs:9:46:
[37m      9 │ import {mergeProps as $gV8PY$mergeProps} from [32m"react-aria/mergeProps"[37m;
        ╵                                               [32m~~~~~~~~~~~~~~~~~~~~~~~[0m

  The module "./dist/exports/mergeProps.mjs" was not found on the file system:

    node_modules/.pnpm/node_modules/react-aria/package.json:30:16:
[37m      30 │       "import": [32m"./dist/exports/*.mjs"[37m,
         ╵                 [32m~~~~~~~~~~~~~~~~~~~~~~[0m

  You can mark the path "react-aria/mergeProps" as external to exclude it from the bundle, which will remove this error and leave the unresolved path in the bundle.


[31mX [41;31m[[41;97mERROR[41;31m][0m [1mCould not resolve "react-aria/private/interactions/PressResponder"[0m

    node_modules/.pnpm/react-aria-components@1.21._b5cfd5b3f7fdf12844df94706b6190db/node_modules/react-aria-components/dist/private/Dialog.mjs:10:54:
[37m      10 │ ...sResponder} from [32m"react-aria/private/interactions/PressResponder"[37m;
         ╵                     [32m~~~~~~~~~~~~~~~~~~~~~~~~~~~~~~~~~~~~~~~~~~~~~~~~[0m

  The module "./dist/exports/private/interactions/PressResponder.mjs" was not found on the file system:

    node_modules/.pnpm/node_modules/react-aria/package.json:30:16:
[37m      30 │       "import": [32m"./dist/exports/*.mjs"[37m,
         ╵                 [32m~~~~~~~~~~~~~~~~~~~~~~[0m

  You can mark the path "react-aria/private/interactions/PressResponder" as external to exclude it from the bundle, which will remove this error and leave the unresolved path in the bundle.


[31mX [41;31m[[41;97mERROR[41;31m][0m [1mCould not resolve "react-aria/useId"[0m

    node_modules/.pnpm/react-aria-components@1.21._b5cfd5b3f7fdf12844df94706b6190db/node_modules/react-aria-components/dist/private/Dialog.mjs:12:36:
[37m      12 │ import {useId as $gV8PY$useId} from [32m"react-aria/useId"[37m;
         ╵                                     [32m~~~~~~~~~~~~~~~~~~[0m

  The module "./dist/exports/useId.mjs" was not found on the file system:

    node_modules/.pnpm/node_modules/react-aria/package.json:30:16:
[37m      30 │       "import": [32m"./dist/exports/*.mjs"[37m,
         ╵                 [32m~~~~~~~~~~~~~~~~~~~~~~[0m

  You can mark the path "react-aria/useId" as external to exclude it from the bundle, which will remove this error and leave the unresolved path in the bundle.


[31mX [41;31m[[41;97mERROR[41;31m][0m [1mCould not resolve "react-aria/private/collections/Hidden"[0m

    node_modules/.pnpm/react-aria-components@1.21._b5cfd5b3f7fdf12844df94706b6190db/node_modules/react-aria-components/dist/private/Dialog.mjs:13:48:
[37m      13 │ ... $gV8PY$useIsHidden} from [32m"react-aria/private/collections/Hidden"[37m;
         ╵                              [32m~~~~~~~~~~~~~~~~~~~~~~~~~~~~~~~~~~~~~~~[0m

  The module "./dist/exports/private/collections/Hidden.mjs" was not found on the file system:

    node_modules/.pnpm/node_modules/react-aria/package.json:30:16:
[37m      30 │       "import": [32m"./dist/exports/*.mjs"[37m,
         ╵                 [32m~~~~~~~~~~~~~~~~~~~~~~[0m

  You can mark the path "react-aria/private/collections/Hidden" as external to exclude it from the bundle, which will remove this error and leave the unresolved path in the bundle.


[31mX [41;31m[[41;97mERROR[41;31m][0m [1mCould not resolve "react-aria/useOverlayTrigger"[0m

    node_modules/.pnpm/react-aria-components@1.21._b5cfd5b3f7fdf12844df94706b6190db/node_modules/react-aria-components/dist/private/Dialog.mjs:15:60:
[37m      15 │ ... as $gV8PY$useOverlayTrigger} from [32m"react-aria/useOverlayTrigger"[37m;
         ╵                                       [32m~~~~~~~~~~~~~~~~~~~~~~~~~~~~~~[0m

  The module "./dist/exports/useOverlayTrigger.mjs" was not found on the file system:

    node_modules/.pnpm/node_modules/react-aria/package.json:30:16:
[37m      30 │       "import": [32m"./dist/exports/*.mjs"[37m,
         ╵                 [32m~~~~~~~~~~~~~~~~~~~~~~[0m

  You can mark the path "react-aria/useOverlayTrigger" as external to exclude it from the bundle, which will remove this error and leave the unresolved path in the bundle.


[31mX [41;31m[[41;97mERROR[41;31m][0m [1mCould not resolve "react-aria/useDisclosure"[0m

    node_modules/.pnpm/react-aria-components@1.21._b5cfd5b3f7fdf12844df94706b6190db/node_modules/react-aria-components/dist/private/Disclosure.mjs:3:52:
[37m      3 │ ...isclosure as $evqUs$useDisclosure} from [32m"react-aria/useDisclosure"[37m;
        ╵                                            [32m~~~~~~~~~~~~~~~~~~~~~~~~~~[0m

  The module "./dist/exports/useDisclosure.mjs" was not found on the file system:

    node_modules/.pnpm/node_modules/react-aria/package.json:30:16:
[37m      30 │       "import": [32m"./dist/exports/*.mjs"[37m,
         ╵                 [32m~~~~~~~~~~~~~~~~~~~~~~[0m

  You can mark the path "react-aria/useDisclosure" as external to exclude it from the bundle, which will remove this error and leave the unresolved path in the bundle.


[31mX [41;31m[[41;97mERROR[41;31m][0m [1mCould not resolve "react-aria/filterDOMProps"[0m

    node_modules/.pnpm/react-aria-components@1.21._b5cfd5b3f7fdf12844df94706b6190db/node_modules/react-aria-components/dist/private/Disclosure.mjs:6:54:
[37m      6 │ ...OMProps as $evqUs$filterDOMProps} from [32m"react-aria/filterDOMProps"[37m;
        ╵                                           [32m~~~~~~~~~~~~~~~~~~~~~~~~~~~[0m

  The module "./dist/exports/filterDOMProps.mjs" was not found on the file system:

    node_modules/.pnpm/node_modules/react-aria/package.json:30:16:
[37m      30 │       "import": [32m"./dist/exports/*.mjs"[37m,
         ╵                 [32m~~~~~~~~~~~~~~~~~~~~~~[0m

  You can mark the path "react-aria/filterDOMProps" as external to exclude it from the bundle, which will remove this error and leave the unresolved path in the bundle.


[31mX [41;31m[[41;97mERROR[41;31m][0m [1mCould not resolve "react-aria/mergeProps"[0m

    node_modules/.pnpm/react-aria-components@1.21._b5cfd5b3f7fdf12844df94706b6190db/node_modules/react-aria-components/dist/private/Disclosure.mjs:7:46:
[37m      7 │ import {mergeProps as $evqUs$mergeProps} from [32m"react-aria/mergeProps"[37m;
        ╵                                               [32m~~~~~~~~~~~~~~~~~~~~~~~[0m

  The module "./dist/exports/mergeProps.mjs" was not found on the file system:

    node_modules/.pnpm/node_modules/react-aria/package.json:30:16:
[37m      30 │       "import": [32m"./dist/exports/*.mjs"[37m,
         ╵                 [32m~~~~~~~~~~~~~~~~~~~~~~[0m

  You can mark the path "react-aria/mergeProps" as external to exclude it from the bundle, which will remove this error and leave the unresolved path in the bundle.


[31mX [41;31m[[41;97mERROR[41;31m][0m [1mCould not resolve "react-aria/mergeRefs"[0m

    node_modules/.pnpm/react-aria-components@1.21._b5cfd5b3f7fdf12844df94706b6190db/node_modules/react-aria-components/dist/private/Disclosure.mjs:8:44:
[37m      8 │ import {mergeRefs as $evqUs$mergeRefs} from [32m"react-aria/mergeRefs"[37m;
        ╵                                             [32m~~~~~~~~~~~~~~~~~~~~~~[0m

  The module "./dist/exports/mergeRefs.mjs" was not found on the file system:

    node_modules/.pnpm/node_modules/react-aria/package.json:30:16:
[37m      30 │       "import": [32m"./dist/exports/*.mjs"[37m,
         ╵                 [32m~~~~~~~~~~~~~~~~~~~~~~[0m

  You can mark the path "react-aria/mergeRefs" as external to exclude it from the bundle, which will remove this error and leave the unresolved path in the bundle.


[31mX [41;31m[[41;97mERROR[41;31m][0m [1mCould not resolve "react-aria/useFocusRing"[0m

    node_modules/.pnpm/react-aria-components@1.21._b5cfd5b3f7fdf12844df94706b6190db/node_modules/react-aria-components/dist/private/Disclosure.mjs:10:50:
[37m      10 │ ...eFocusRing as $evqUs$useFocusRing} from [32m"react-aria/useFocusRing"[37m;
         ╵                                            [32m~~~~~~~~~~~~~~~~~~~~~~~~~[0m

  The module "./dist/exports/useFocusRing.mjs" was not found on the file system:

    node_modules/.pnpm/node_modules/react-aria/package.json:30:16:
[37m      30 │       "import": [32m"./dist/exports/*.mjs"[37m,
         ╵                 [32m~~~~~~~~~~~~~~~~~~~~~~[0m

  You can mark the path "react-aria/useFocusRing" as external to exclude it from the bundle, which will remove this error and leave the unresolved path in the bundle.


[31mX [41;31m[[41;97mERROR[41;31m][0m [1mCould not resolve "react-aria/useId"[0m

    node_modules/.pnpm/react-aria-components@1.21._b5cfd5b3f7fdf12844df94706b6190db/node_modules/react-aria-components/dist/private/Disclosure.mjs:11:36:
[37m      11 │ import {useId as $evqUs$useId} from [32m"react-aria/useId"[37m;
         ╵                                     [32m~~~~~~~~~~~~~~~~~~[0m

  The module "./dist/exports/useId.mjs" was not found on the file system:

    node_modules/.pnpm/node_modules/react-aria/package.json:30:16:
[37m      30 │       "import": [32m"./dist/exports/*.mjs"[37m,
         ╵                 [32m~~~~~~~~~~~~~~~~~~~~~~[0m

  You can mark the path "react-aria/useId" as external to exclude it from the bundle, which will remove this error and leave the unresolved path in the bundle.


[31mX [41;31m[[41;97mERROR[41;31m][0m [1mCould not resolve "react-aria/useDrop"[0m

    node_modules/.pnpm/react-aria-components@1.21._b5cfd5b3f7fdf12844df94706b6190db/node_modules/react-aria-components/dist/private/DropZone.mjs:4:40:
[37m      4 │ import {useDrop as $7DqZ6$useDrop} from [32m"react-aria/useDrop"[37m;
        ╵                                         [32m~~~~~~~~~~~~~~~~~~~~[0m

  The module "./dist/exports/useDrop.mjs" was not found on the file system:

    node_modules/.pnpm/node_modules/react-aria/package.json:30:16:
[37m      30 │       "import": [32m"./dist/exports/*.mjs"[37m,
         ╵                 [32m~~~~~~~~~~~~~~~~~~~~~~[0m

  You can mark the path "react-aria/useDrop" as external to exclude it from the bundle, which will remove this error and leave the unresolved path in the bundle.


[31mX [41;31m[[41;97mERROR[41;31m][0m [1mCould not resolve "react-aria/filterDOMProps"[0m

    node_modules/.pnpm/react-aria-components@1.21._b5cfd5b3f7fdf12844df94706b6190db/node_modules/react-aria-components/dist/private/DropZone.mjs:5:54:
[37m      5 │ ...OMProps as $7DqZ6$filterDOMProps} from [32m"react-aria/filterDOMProps"[37m;
        ╵                                           [32m~~~~~~~~~~~~~~~~~~~~~~~~~~~[0m

  The module "./dist/exports/filterDOMProps.mjs" was not found on the file system:

    node_modules/.pnpm/node_modules/react-aria/package.json:30:16:
[37m      30 │       "import": [32m"./dist/exports/*.mjs"[37m,
         ╵                 [32m~~~~~~~~~~~~~~~~~~~~~~[0m

  You can mark the path "react-aria/filterDOMProps" as external to exclude it from the bundle, which will remove this error and leave the unresolved path in the bundle.


[31mX [41;31m[[41;97mERROR[41;31m][0m [1mCould not resolve "react-aria/private/utils/focusWithoutScrolling"[0m

    node_modules/.pnpm/react-aria-components@1.21._b5cfd5b3f7fdf12844df94706b6190db/node_modules/react-aria-components/dist/private/DropZone.mjs:6:68:
[37m      6 │ ...utScrolling} from [32m"react-aria/private/utils/focusWithoutScrolling"[37m;
        ╵                      [32m~~~~~~~~~~~~~~~~~~~~~~~~~~~~~~~~~~~~~~~~~~~~~~~~[0m

  The module "./dist/exports/private/utils/focusWithoutScrolling.mjs" was not found on the file system:

    node_modules/.pnpm/node_modules/react-aria/package.json:30:16:
[37m      30 │       "import": [32m"./dist/exports/*.mjs"[37m,
         ╵                 [32m~~~~~~~~~~~~~~~~~~~~~~[0m

  You can mark the path "react-aria/private/utils/focusWithoutScrolling" as external to exclude it from the bundle, which will remove this error and leave the unresolved path in the bundle.


[31mX [41;31m[[41;97mERROR[41;31m][0m [1mCould not resolve "react-aria/private/utils/shadowdom/DOMFunctions"[0m

    node_modules/.pnpm/react-aria-components@1.21._b5cfd5b3f7fdf12844df94706b6190db/node_modules/react-aria-components/dist/private/DropZone.mjs:7:91:
[37m      7 │ ...deContains} from [32m"react-aria/private/utils/shadowdom/DOMFunctions"[37m;
        ╵                     [32m~~~~~~~~~~~~~~~~~~~~~~~~~~~~~~~~~~~~~~~~~~~~~~~~~[0m

  The module "./dist/exports/private/utils/shadowdom/DOMFunctions.mjs" was not found on the file system:

    node_modules/.pnpm/node_modules/react-aria/package.json:30:16:
[37m      30 │       "import": [32m"./dist/exports/*.mjs"[37m,
         ╵                 [32m~~~~~~~~~~~~~~~~~~~~~~[0m

  You can mark the path "react-aria/private/utils/shadowdom/DOMFunctions" as external to exclude it from the bundle, which will remove this error and leave the unresolved path in the bundle.


[31mX [41;31m[[41;97mERROR[41;31m][0m [1mCould not resolve "react-aria/private/utils/isFocusable"[0m

    node_modules/.pnpm/react-aria-components@1.21._b5cfd5b3f7fdf12844df94706b6190db/node_modules/react-aria-components/dist/private/DropZone.mjs:8:48:
[37m      8 │ ...as $7DqZ6$isFocusable} from [32m"react-aria/private/utils/isFocusable"[37m;
        ╵                                [32m~~~~~~~~~~~~~~~~~~~~~~~~~~~~~~~~~~~~~~[0m

  The module "./dist/exports/private/utils/isFocusable.mjs" was not found on the file system:

    node_modules/.pnpm/node_modules/react-aria/package.json:30:16:
[37m      30 │       "import": [32m"./dist/exports/*.mjs"[37m,
         ╵                 [32m~~~~~~~~~~~~~~~~~~~~~~[0m

  You can mark the path "react-aria/private/utils/isFocusable" as external to exclude it from the bundle, which will remove this error and leave the unresolved path in the bundle.


[31mX [41;31m[[41;97mERROR[41;31m][0m [1mCould not resolve "react-aria/mergeProps"[0m

    node_modules/.pnpm/react-aria-components@1.21._b5cfd5b3f7fdf12844df94706b6190db/node_modules/react-aria-components/dist/private/DropZone.mjs:9:46:
[37m      9 │ import {mergeProps as $7DqZ6$mergeProps} from [32m"react-aria/mergeProps"[37m;
        ╵                                               [32m~~~~~~~~~~~~~~~~~~~~~~~[0m

  The module "./dist/exports/mergeProps.mjs" was not found on the file system:

    node_modules/.pnpm/node_modules/react-aria/package.json:30:16:
[37m      30 │       "import": [32m"./dist/exports/*.mjs"[37m,
         ╵                 [32m~~~~~~~~~~~~~~~~~~~~~~[0m

  You can mark the path "react-aria/mergeProps" as external to exclude it from the bundle, which will remove this error and leave the unresolved path in the bundle.


[31mX [41;31m[[41;97mERROR[41;31m][0m [1mCould not resolve "react-aria/useButton"[0m

    node_modules/.pnpm/react-aria-components@1.21._b5cfd5b3f7fdf12844df94706b6190db/node_modules/react-aria-components/dist/private/DropZone.mjs:11:44:
[37m      11 │ import {useButton as $7DqZ6$useButton} from [32m"react-aria/useButton"[37m;
         ╵                                             [32m~~~~~~~~~~~~~~~~~~~~~~[0m

  The module "./dist/exports/useButton.mjs" was not found on the file system:

    node_modules/.pnpm/node_modules/react-aria/package.json:30:16:
[37m      30 │       "import": [32m"./dist/exports/*.mjs"[37m,
         ╵                 [32m~~~~~~~~~~~~~~~~~~~~~~[0m

  You can mark the path "react-aria/useButton" as external to exclude it from the bundle, which will remove this error and leave the unresolved path in the bundle.


[31mX [41;31m[[41;97mERROR[41;31m][0m [1mCould not resolve "react-aria/useClipboard"[0m

    node_modules/.pnpm/react-aria-components@1.21._b5cfd5b3f7fdf12844df94706b6190db/node_modules/react-aria-components/dist/private/DropZone.mjs:12:50:
[37m      12 │ ...eClipboard as $7DqZ6$useClipboard} from [32m"react-aria/useClipboard"[37m;
         ╵                                            [32m~~~~~~~~~~~~~~~~~~~~~~~~~[0m

  The module "./dist/exports/useClipboard.mjs" was not found on the file system:

    node_modules/.pnpm/node_modules/react-aria/package.json:30:16:
[37m      30 │       "import": [32m"./dist/exports/*.mjs"[37m,
         ╵                 [32m~~~~~~~~~~~~~~~~~~~~~~[0m

  You can mark the path "react-aria/useClipboard" as external to exclude it from the bundle, which will remove this error and leave the unresolved path in the bundle.


[31mX [41;31m[[41;97mERROR[41;31m][0m [1mCould not resolve "react-aria/useFocusRing"[0m

    node_modules/.pnpm/react-aria-components@1.21._b5cfd5b3f7fdf12844df94706b6190db/node_modules/react-aria-components/dist/private/DropZone.mjs:13:50:
[37m      13 │ ...eFocusRing as $7DqZ6$useFocusRing} from [32m"react-aria/useFocusRing"[37m;
         ╵                                            [32m~~~~~~~~~~~~~~~~~~~~~~~~~[0m

  The module "./dist/exports/useFocusRing.mjs" was not found on the file system:

    node_modules/.pnpm/node_modules/react-aria/package.json:30:16:
[37m      30 │       "import": [32m"./dist/exports/*.mjs"[37m,
         ╵                 [32m~~~~~~~~~~~~~~~~~~~~~~[0m

  You can mark the path "react-aria/useFocusRing" as external to exclude it from the bundle, which will remove this error and leave the unresolved path in the bundle.


[31mX [41;31m[[41;97mERROR[41;31m][0m [1mCould not resolve "react-aria/useHover"[0m

    node_modules/.pnpm/react-aria-components@1.21._b5cfd5b3f7fdf12844df94706b6190db/node_modules/react-aria-components/dist/private/DropZone.mjs:14:42:
[37m      14 │ import {useHover as $7DqZ6$useHover} from [32m"react-aria/useHover"[37m;
         ╵                                           [32m~~~~~~~~~~~~~~~~~~~~~[0m

  The module "./dist/exports/useHover.mjs" was not found on the file system:

    node_modules/.pnpm/node_modules/react-aria/package.json:30:16:
[37m      30 │       "import": [32m"./dist/exports/*.mjs"[37m,
         ╵                 [32m~~~~~~~~~~~~~~~~~~~~~~[0m

  You can mark the path "react-aria/useHover" as external to exclude it from the bundle, which will remove this error and leave the unresolved path in the bundle.


[31mX [41;31m[[41;97mERROR[41;31m][0m [1mCould not resolve "react-aria/private/utils/useLabels"[0m

    node_modules/.pnpm/react-aria-components@1.21._b5cfd5b3f7fdf12844df94706b6190db/node_modules/react-aria-components/dist/private/DropZone.mjs:15:44:
[37m      15 │ ...ls as $7DqZ6$useLabels} from [32m"react-aria/private/utils/useLabels"[37m;
         ╵                                 [32m~~~~~~~~~~~~~~~~~~~~~~~~~~~~~~~~~~~~[0m

  The module "./dist/exports/private/utils/useLabels.mjs" was not found on the file system:

    node_modules/.pnpm/node_modules/react-aria/package.json:30:16:
[37m      30 │       "import": [32m"./dist/exports/*.mjs"[37m,
         ╵                 [32m~~~~~~~~~~~~~~~~~~~~~~[0m

  You can mark the path "react-aria/private/utils/useLabels" as external to exclude it from the bundle, which will remove this error and leave the unresolved path in the bundle.


[31mX [41;31m[[41;97mERROR[41;31m][0m [1mCould not resolve "react-aria/useLocalizedStringFormatter"[0m

    node_modules/.pnpm/react-aria-components@1.21._b5cfd5b3f7fdf12844df94706b6190db/node_modules/react-aria-components/dist/private/DropZone.mjs:16:80:
[37m      16 │ ...zedStringFormatter} from [32m"react-aria/useLocalizedStringFormatter"[37m;
         ╵                             [32m~~~~~~~~~~~~~~~~~~~~~~~~~~~~~~~~~~~~~~~~[0m

  The module "./dist/exports/useLocalizedStringFormatter.mjs" was not found on the file system:

    node_modules/.pnpm/node_modules/react-aria/package.json:30:16:
[37m      30 │       "import": [32m"./dist/exports/*.mjs"[37m,
         ╵                 [32m~~~~~~~~~~~~~~~~~~~~~~[0m

  You can mark the path "react-aria/useLocalizedStringFormatter" as external to exclude it from the bundle, which will remove this error and leave the unresolved path in the bundle.


[31mX [41;31m[[41;97mERROR[41;31m][0m [1mCould not resolve "react-aria/useObjectRef"[0m

    node_modules/.pnpm/react-aria-components@1.21._b5cfd5b3f7fdf12844df94706b6190db/node_modules/react-aria-components/dist/private/DropZone.mjs:17:50:
[37m      17 │ ...eObjectRef as $7DqZ6$useObjectRef} from [32m"react-aria/useObjectRef"[37m;
         ╵                                            [32m~~~~~~~~~~~~~~~~~~~~~~~~~[0m

  The module "./dist/exports/useObjectRef.mjs" was not found on the file system:

    node_modules/.pnpm/node_modules/react-aria/package.json:30:16:
[37m      30 │       "import": [32m"./dist/exports/*.mjs"[37m,
         ╵                 [32m~~~~~~~~~~~~~~~~~~~~~~[0m

  You can mark the path "react-aria/useObjectRef" as external to exclude it from the bundle, which will remove this error and leave the unresolved path in the bundle.


[31mX [41;31m[[41;97mERROR[41;31m][0m [1mCould not resolve "react-aria/private/utils/useId"[0m

    node_modules/.pnpm/react-aria-components@1.21._b5cfd5b3f7fdf12844df94706b6190db/node_modules/react-aria-components/dist/private/DropZone.mjs:18:44:
[37m      18 │ ...SlotId as $7DqZ6$useSlotId} from [32m"react-aria/private/utils/useId"[37m;
         ╵                                     [32m~~~~~~~~~~~~~~~~~~~~~~~~~~~~~~~~[0m

  The module "./dist/exports/private/utils/useId.mjs" was not found on the file system:

    node_modules/.pnpm/node_modules/react-aria/package.json:30:16:
[37m      30 │       "import": [32m"./dist/exports/*.mjs"[37m,
         ╵                 [32m~~~~~~~~~~~~~~~~~~~~~~[0m

  You can mark the path "react-aria/private/utils/useId" as external to exclude it from the bundle, which will remove this error and leave the unresolved path in the bundle.


[31mX [41;31m[[41;97mERROR[41;31m][0m [1mCould not resolve "react-aria/VisuallyHidden"[0m

    node_modules/.pnpm/react-aria-components@1.21._b5cfd5b3f7fdf12844df94706b6190db/node_modules/react-aria-components/dist/private/DropZone.mjs:19:54:
[37m      19 │ ...Hidden as $7DqZ6$VisuallyHidden} from [32m"react-aria/VisuallyHidden"[37m;
         ╵                                          [32m~~~~~~~~~~~~~~~~~~~~~~~~~~~[0m

  The module "./dist/exports/VisuallyHidden.mjs" was not found on the file system:

    node_modules/.pnpm/node_modules/react-aria/package.json:30:16:
[37m      30 │       "import": [32m"./dist/exports/*.mjs"[37m,
         ╵                 [32m~~~~~~~~~~~~~~~~~~~~~~[0m

  You can mark the path "react-aria/VisuallyHidden" as external to exclude it from the bundle, which will remove this error and leave the unresolved path in the bundle.


[31mX [41;31m[[41;97mERROR[41;31m][0m [1mCould not resolve "react-aria/filterDOMProps"[0m

    node_modules/.pnpm/react-aria-components@1.21._b5cfd5b3f7fdf12844df94706b6190db/node_modules/react-aria-components/dist/private/FieldError.mjs:3:54:
[37m      3 │ ...OMProps as $QpkXT$filterDOMProps} from [32m"react-aria/filterDOMProps"[37m;
        ╵                                           [32m~~~~~~~~~~~~~~~~~~~~~~~~~~~[0m

  The module "./dist/exports/filterDOMProps.mjs" was not found on the file system:

    node_modules/.pnpm/node_modules/react-aria/package.json:30:16:
[37m      30 │       "import": [32m"./dist/exports/*.mjs"[37m,
         ╵                 [32m~~~~~~~~~~~~~~~~~~~~~~[0m

  You can mark the path "react-aria/filterDOMProps" as external to exclude it from the bundle, which will remove this error and leave the unresolved path in the bundle.


[31mX [41;31m[[41;97mERROR[41;31m][0m [1mCould not resolve "react-aria/filterDOMProps"[0m

    node_modules/.pnpm/react-aria-components@1.21._b5cfd5b3f7fdf12844df94706b6190db/node_modules/react-aria-components/dist/private/FileTrigger.mjs:2:54:
[37m      2 │ ...OMProps as $6JSwL$filterDOMProps} from [32m"react-aria/filterDOMProps"[37m;
        ╵                                           [32m~~~~~~~~~~~~~~~~~~~~~~~~~~~[0m

  The module "./dist/exports/filterDOMProps.mjs" was not found on the file system:

    node_modules/.pnpm/node_modules/react-aria/package.json:30:16:
[37m      30 │       "import": [32m"./dist/exports/*.mjs"[37m,
         ╵                 [32m~~~~~~~~~~~~~~~~~~~~~~[0m

  You can mark the path "react-aria/filterDOMProps" as external to exclude it from the bundle, which will remove this error and leave the unresolved path in the bundle.


[31mX [41;31m[[41;97mERROR[41;31m][0m [1mCould not resolve "react-aria/private/utils/shadowdom/DOMFunctions"[0m

    node_modules/.pnpm/react-aria-components@1.21._b5cfd5b3f7fdf12844df94706b6190db/node_modules/react-aria-components/dist/private/FileTrigger.mjs:3:54:
[37m      3 │ ...ventTarget} from [32m"react-aria/private/utils/shadowdom/DOMFunctions"[37m;
        ╵                     [32m~~~~~~~~~~~~~~~~~~~~~~~~~~~~~~~~~~~~~~~~~~~~~~~~~[0m

  The module "./dist/exports/private/utils/shadowdom/DOMFunctions.mjs" was not found on the file system:

    node_modules/.pnpm/node_modules/react-aria/package.json:30:16:
[37m      30 │       "import": [32m"./dist/exports/*.mjs"[37m,
         ╵                 [32m~~~~~~~~~~~~~~~~~~~~~~[0m

  You can mark the path "react-aria/private/utils/shadowdom/DOMFunctions" as external to exclude it from the bundle, which will remove this error and leave the unresolved path in the bundle.


[31mX [41;31m[[41;97mERROR[41;31m][0m [1mCould not resolve "react-aria/private/interactions/PressResponder"[0m

    node_modules/.pnpm/react-aria-components@1.21._b5cfd5b3f7fdf12844df94706b6190db/node_modules/react-aria-components/dist/private/FileTrigger.mjs:4:54:
[37m      4 │ ...ssResponder} from [32m"react-aria/private/interactions/PressResponder"[37m;
        ╵                      [32m~~~~~~~~~~~~~~~~~~~~~~~~~~~~~~~~~~~~~~~~~~~~~~~~[0m

  The module "./dist/exports/private/interactions/PressResponder.mjs" was not found on the file system:

    node_modules/.pnpm/node_modules/react-aria/package.json:30:16:
[37m      30 │       "import": [32m"./dist/exports/*.mjs"[37m,
         ╵                 [32m~~~~~~~~~~~~~~~~~~~~~~[0m

  You can mark the path "react-aria/private/interactions/PressResponder" as external to exclude it from the bundle, which will remove this error and leave the unresolved path in the bundle.


[31mX [41;31m[[41;97mERROR[41;31m][0m [1mCould not resolve "react-aria/useObjectRef"[0m

    node_modules/.pnpm/react-aria-components@1.21._b5cfd5b3f7fdf12844df94706b6190db/node_modules/react-aria-components/dist/private/FileTrigger.mjs:6:50:
[37m      6 │ ...seObjectRef as $6JSwL$useObjectRef} from [32m"react-aria/useObjectRef"[37m;
        ╵                                             [32m~~~~~~~~~~~~~~~~~~~~~~~~~[0m

  The module "./dist/exports/useObjectRef.mjs" was not found on the file system:

    node_modules/.pnpm/node_modules/react-aria/package.json:30:16:
[37m      30 │       "import": [32m"./dist/exports/*.mjs"[37m,
         ╵                 [32m~~~~~~~~~~~~~~~~~~~~~~[0m

  You can mark the path "react-aria/useObjectRef" as external to exclude it from the bundle, which will remove this error and leave the unresolved path in the bundle.


[31mX [41;31m[[41;97mERROR[41;31m][0m [1mCould not resolve "react-aria/I18nProvider"[0m

    node_modules/.pnpm/react-aria-components@1.21._b5cfd5b3f7fdf12844df94706b6190db/node_modules/react-aria-components/dist/private/GridLayout.mjs:2:44:
[37m      2 │ import {useLocale as $drfXP$useLocale} from [32m"react-aria/I18nProvider"[37m;
        ╵                                             [32m~~~~~~~~~~~~~~~~~~~~~~~~~[0m

  The module "./dist/exports/I18nProvider.mjs" was not found on the file system:

    node_modules/.pnpm/node_modules/react-aria/package.json:30:16:
[37m      30 │       "import": [32m"./dist/exports/*.mjs"[37m,
         ╵                 [32m~~~~~~~~~~~~~~~~~~~~~~[0m

  You can mark the path "react-aria/I18nProvider" as external to exclude it from the bundle, which will remove this error and leave the unresolved path in the bundle.


[31mX [41;31m[[41;97mERROR[41;31m][0m [1mCould not resolve "react-aria/useGridList"[0m

    node_modules/.pnpm/react-aria-components@1.21._b5cfd5b3f7fdf12844df94706b6190db/node_modules/react-aria-components/dist/private/GridList.mjs:11:209:
[37m      11 │ ...ction as $6XsrP$useGridListSection} from [32m"react-aria/useGridList"[37m;
         ╵                                             [32m~~~~~~~~~~~~~~~~~~~~~~~~[0m

  The module "./dist/exports/useGridList.mjs" was not found on the file system:

    node_modules/.pnpm/node_modules/react-aria/package.json:30:16:
[37m      30 │       "import": [32m"./dist/exports/*.mjs"[37m,
         ╵                 [32m~~~~~~~~~~~~~~~~~~~~~~[0m

  You can mark the path "react-aria/useGridList" as external to exclude it from the bundle, which will remove this error and leave the unresolved path in the bundle.


[31mX [41;31m[[41;97mERROR[41;31m][0m [1mCould not resolve "react-aria/Collection"[0m

    node_modules/.pnpm/react-aria-components@1.21._b5cfd5b3f7fdf12844df94706b6190db/node_modules/react-aria-components/dist/private/GridList.mjs:12:46:
[37m      12 │ ...rt {Collection as $6XsrP$Collection} from [32m"react-aria/Collection"[37m;
         ╵                                              [32m~~~~~~~~~~~~~~~~~~~~~~~[0m

  The module "./dist/exports/Collection.mjs" was not found on the file system:

    node_modules/.pnpm/node_modules/react-aria/package.json:30:16:
[37m      30 │       "import": [32m"./dist/exports/*.mjs"[37m,
         ╵                 [32m~~~~~~~~~~~~~~~~~~~~~~[0m

  You can mark the path "react-aria/Collection" as external to exclude it from the bundle, which will remove this error and leave the unresolved path in the bundle.


[31mX [41;31m[[41;97mERROR[41;31m][0m [1mCould not resolve "react-aria/CollectionBuilder"[0m

    node_modules/.pnpm/react-aria-components@1.21._b5cfd5b3f7fdf12844df94706b6190db/node_modules/react-aria-components/dist/private/GridList.mjs:13:166:
[37m      13 │ ...$6XsrP$createBranchComponent} from [32m"react-aria/CollectionBuilder"[37m;
         ╵                                       [32m~~~~~~~~~~~~~~~~~~~~~~~~~~~~~~[0m

  The module "./dist/exports/CollectionBuilder.mjs" was not found on the file system:

    node_modules/.pnpm/node_modules/react-aria/package.json:30:16:
[37m      30 │       "import": [32m"./dist/exports/*.mjs"[37m,
         ╵                 [32m~~~~~~~~~~~~~~~~~~~~~~[0m

  You can mark the path "react-aria/CollectionBuilder" as external to exclude it from the bundle, which will remove this error and leave the unresolved path in the bundle.


[31mX [41;31m[[41;97mERROR[41;31m][0m [1mCould not resolve "react-aria/filterDOMProps"[0m

    node_modules/.pnpm/react-aria-components@1.21._b5cfd5b3f7fdf12844df94706b6190db/node_modules/react-aria-components/dist/private/GridList.mjs:14:54:
[37m      14 │ ...MProps as $6XsrP$filterDOMProps} from [32m"react-aria/filterDOMProps"[37m;
         ╵                                          [32m~~~~~~~~~~~~~~~~~~~~~~~~~~~[0m

  The module "./dist/exports/filterDOMProps.mjs" was not found on the file system:

    node_modules/.pnpm/node_modules/react-aria/package.json:30:16:
[37m      30 │       "import": [32m"./dist/exports/*.mjs"[37m,
         ╵                 [32m~~~~~~~~~~~~~~~~~~~~~~[0m

  You can mark the path "react-aria/filterDOMProps" as external to exclude it from the bundle, which will remove this error and leave the unresolved path in the bundle.


[31mX [41;31m[[41;97mERROR[41;31m][0m [1mCould not resolve "react-aria/FocusScope"[0m

    node_modules/.pnpm/react-aria-components@1.21._b5cfd5b3f7fdf12844df94706b6190db/node_modules/react-aria-components/dist/private/GridList.mjs:15:46:
[37m      15 │ ...rt {FocusScope as $6XsrP$FocusScope} from [32m"react-aria/FocusScope"[37m;
         ╵                                              [32m~~~~~~~~~~~~~~~~~~~~~~~[0m

  The module "./dist/exports/FocusScope.mjs" was not found on the file system:

    node_modules/.pnpm/node_modules/react-aria/package.json:30:16:
[37m      30 │       "import": [32m"./dist/exports/*.mjs"[37m,
         ╵                 [32m~~~~~~~~~~~~~~~~~~~~~~[0m

  You can mark the path "react-aria/FocusScope" as external to exclude it from the bundle, which will remove this error and leave the unresolved path in the bundle.


[31mX [41;31m[[41;97mERROR[41;31m][0m [1mCould not resolve "react-aria/private/collections/BaseCollection"[0m

    node_modules/.pnpm/react-aria-components@1.21._b5cfd5b3f7fdf12844df94706b6190db/node_modules/react-aria-components/dist/private/GridList.mjs:16:143:
[37m      16 │ ...$HeaderNode} from [32m"react-aria/private/collections/BaseCollection"[37m;
         ╵                      [32m~~~~~~~~~~~~~~~~~~~~~~~~~~~~~~~~~~~~~~~~~~~~~~~[0m

  The module "./dist/exports/private/collections/BaseCollection.mjs" was not found on the file system:

    node_modules/.pnpm/node_modules/react-aria/package.json:30:16:
[37m      30 │       "import": [32m"./dist/exports/*.mjs"[37m,
         ╵                 [32m~~~~~~~~~~~~~~~~~~~~~~[0m

  You can mark the path "react-aria/private/collections/BaseCollection" as external to exclude it from the bundle, which will remove this error and leave the unresolved path in the bundle.


[31mX [41;31m[[41;97mERROR[41;31m][0m [1mCould not resolve "react-aria/private/utils/inertValue"[0m

    node_modules/.pnpm/react-aria-components@1.21._b5cfd5b3f7fdf12844df94706b6190db/node_modules/react-aria-components/dist/private/GridList.mjs:17:46:
[37m      17 │ ... as $6XsrP$inertValue} from [32m"react-aria/private/utils/inertValue"[37m;
         ╵                                [32m~~~~~~~~~~~~~~~~~~~~~~~~~~~~~~~~~~~~~[0m

  The module "./dist/exports/private/utils/inertValue.mjs" was not found on the file system:

    node_modules/.pnpm/node_modules/react-aria/package.json:30:16:
[37m      30 │       "import": [32m"./dist/exports/*.mjs"[37m,
         ╵                 [32m~~~~~~~~~~~~~~~~~~~~~~[0m

  You can mark the path "react-aria/private/utils/inertValue" as external to exclude it from the bundle, which will remove this error and leave the unresolved path in the bundle.


[31mX [41;31m[[41;97mERROR[41;31m][0m [1mCould not resolve "react-aria/ListKeyboardDelegate"[0m

    node_modules/.pnpm/react-aria-components@1.21._b5cfd5b3f7fdf12844df94706b6190db/node_modules/react-aria-components/dist/private/GridList.mjs:18:66:
[37m      18 │ ...XsrP$ListKeyboardDelegate} from [32m"react-aria/ListKeyboardDelegate"[37m;
         ╵                                    [32m~~~~~~~~~~~~~~~~~~~~~~~~~~~~~~~~~[0m

  The module "./dist/exports/ListKeyboardDelegate.mjs" was not found on the file system:

    node_modules/.pnpm/node_modules/react-aria/package.json:30:16:
[37m      30 │       "import": [32m"./dist/exports/*.mjs"[37m,
         ╵                 [32m~~~~~~~~~~~~~~~~~~~~~~[0m

  You can mark the path "react-aria/ListKeyboardDelegate" as external to exclude it from the bundle, which will remove this error and leave the unresolved path in the bundle.


[31mX [41;31m[[41;97mERROR[41;31m][0m [1mCould not resolve "react-aria/private/utils/useLoadMoreSentinel"[0m

    node_modules/.pnpm/react-aria-components@1.21._b5cfd5b3f7fdf12844df94706b6190db/node_modules/react-aria-components/dist/private/GridList.mjs:20:64:
[37m      20 │ ...MoreSentinel} from [32m"react-aria/private/utils/useLoadMoreSentinel"[37m;
         ╵                       [32m~~~~~~~~~~~~~~~~~~~~~~~~~~~~~~~~~~~~~~~~~~~~~~[0m

  The module "./dist/exports/private/utils/useLoadMoreSentinel.mjs" was not found on the file system:

    node_modules/.pnpm/node_modules/react-aria/package.json:30:16:
[37m      30 │       "import": [32m"./dist/exports/*.mjs"[37m,
         ╵                 [32m~~~~~~~~~~~~~~~~~~~~~~[0m

  You can mark the path "react-aria/private/utils/useLoadMoreSentinel" as external to exclude it from the bundle, which will remove this error and leave the unresolved path in the bundle.


[31mX [41;31m[[41;97mERROR[41;31m][0m [1mCould not resolve "react-aria/mergeProps"[0m

    node_modules/.pnpm/react-aria-components@1.21._b5cfd5b3f7fdf12844df94706b6190db/node_modules/react-aria-components/dist/private/GridList.mjs:21:46:
[37m      21 │ ...rt {mergeProps as $6XsrP$mergeProps} from [32m"react-aria/mergeProps"[37m;
         ╵                                              [32m~~~~~~~~~~~~~~~~~~~~~~~[0m

  The module "./dist/exports/mergeProps.mjs" was not found on the file system:

    node_modules/.pnpm/node_modules/react-aria/package.json:30:16:
[37m      30 │       "import": [32m"./dist/exports/*.mjs"[37m,
         ╵                 [32m~~~~~~~~~~~~~~~~~~~~~~[0m

  You can mark the path "react-aria/mergeProps" as external to exclude it from the bundle, which will remove this error and leave the unresolved path in the bundle.


[31mX [41;31m[[41;97mERROR[41;31m][0m [1mCould not resolve "react-aria/useCollator"[0m

    node_modules/.pnpm/react-aria-components@1.21._b5cfd5b3f7fdf12844df94706b6190db/node_modules/react-aria-components/dist/private/GridList.mjs:23:48:
[37m      23 │ ...{useCollator as $6XsrP$useCollator} from [32m"react-aria/useCollator"[37m;
         ╵                                             [32m~~~~~~~~~~~~~~~~~~~~~~~~[0m

  The module "./dist/exports/useCollator.mjs" was not found on the file system:

    node_modules/.pnpm/node_modules/react-aria/package.json:30:16:
[37m      30 │       "import": [32m"./dist/exports/*.mjs"[37m,
         ╵                 [32m~~~~~~~~~~~~~~~~~~~~~~[0m

  You can mark the path "react-aria/useCollator" as external to exclude it from the bundle, which will remove this error and leave the unresolved path in the bundle.


[31mX [41;31m[[41;97mERROR[41;31m][0m [1mCould not resolve "react-aria/useFocusRing"[0m

    node_modules/.pnpm/react-aria-components@1.21._b5cfd5b3f7fdf12844df94706b6190db/node_modules/react-aria-components/dist/private/GridList.mjs:24:50:
[37m      24 │ ...eFocusRing as $6XsrP$useFocusRing} from [32m"react-aria/useFocusRing"[37m;
         ╵                                            [32m~~~~~~~~~~~~~~~~~~~~~~~~~[0m

  The module "./dist/exports/useFocusRing.mjs" was not found on the file system:

    node_modules/.pnpm/node_modules/react-aria/package.json:30:16:
[37m      30 │       "import": [32m"./dist/exports/*.mjs"[37m,
         ╵                 [32m~~~~~~~~~~~~~~~~~~~~~~[0m

  You can mark the path "react-aria/useFocusRing" as external to exclude it from the bundle, which will remove this error and leave the unresolved path in the bundle.


[31mX [41;31m[[41;97mERROR[41;31m][0m [1mCould not resolve "react-aria/useHover"[0m

    node_modules/.pnpm/react-aria-components@1.21._b5cfd5b3f7fdf12844df94706b6190db/node_modules/react-aria-components/dist/private/GridList.mjs:25:42:
[37m      25 │ import {useHover as $6XsrP$useHover} from [32m"react-aria/useHover"[37m;
         ╵                                           [32m~~~~~~~~~~~~~~~~~~~~~[0m

  The module "./dist/exports/useHover.mjs" was not found on the file system:

    node_modules/.pnpm/node_modules/react-aria/package.json:30:16:
[37m      30 │       "import": [32m"./dist/exports/*.mjs"[37m,
         ╵                 [32m~~~~~~~~~~~~~~~~~~~~~~[0m

  You can mark the path "react-aria/useHover" as external to exclude it from the bundle, which will remove this error and leave the unresolved path in the bundle.


[31mX [41;31m[[41;97mERROR[41;31m][0m [1mCould not resolve "react-aria/I18nProvider"[0m

    node_modules/.pnpm/react-aria-components@1.21._b5cfd5b3f7fdf12844df94706b6190db/node_modules/react-aria-components/dist/private/GridList.mjs:26:44:
[37m      26 │ ...rt {useLocale as $6XsrP$useLocale} from [32m"react-aria/I18nProvider"[37m;
         ╵                                            [32m~~~~~~~~~~~~~~~~~~~~~~~~~[0m

  The module "./dist/exports/I18nProvider.mjs" was not found on the file system:

    node_modules/.pnpm/node_modules/react-aria/package.json:30:16:
[37m      30 │       "import": [32m"./dist/exports/*.mjs"[37m,
         ╵                 [32m~~~~~~~~~~~~~~~~~~~~~~[0m

  You can mark the path "react-aria/I18nProvider" as external to exclude it from the bundle, which will remove this error and leave the unresolved path in the bundle.


[31mX [41;31m[[41;97mERROR[41;31m][0m [1mCould not resolve "react-aria/useObjectRef"[0m

    node_modules/.pnpm/react-aria-components@1.21._b5cfd5b3f7fdf12844df94706b6190db/node_modules/react-aria-components/dist/private/GridList.mjs:27:50:
[37m      27 │ ...eObjectRef as $6XsrP$useObjectRef} from [32m"react-aria/useObjectRef"[37m;
         ╵                                            [32m~~~~~~~~~~~~~~~~~~~~~~~~~[0m

  The module "./dist/exports/useObjectRef.mjs" was not found on the file system:

    node_modules/.pnpm/node_modules/react-aria/package.json:30:16:
[37m      30 │       "import": [32m"./dist/exports/*.mjs"[37m,
         ╵                 [32m~~~~~~~~~~~~~~~~~~~~~~[0m

  You can mark the path "react-aria/useObjectRef" as external to exclude it from the bundle, which will remove this error and leave the unresolved path in the bundle.


[31mX [41;31m[[41;97mERROR[41;31m][0m [1mCould not resolve "react-aria/VisuallyHidden"[0m

    node_modules/.pnpm/react-aria-components@1.21._b5cfd5b3f7fdf12844df94706b6190db/node_modules/react-aria-components/dist/private/GridList.mjs:28:60:
[37m      28 │ ...den as $6XsrP$useVisuallyHidden} from [32m"react-aria/VisuallyHidden"[37m;
         ╵                                          [32m~~~~~~~~~~~~~~~~~~~~~~~~~~~[0m

  The module "./dist/exports/VisuallyHidden.mjs" was not found on the file system:

    node_modules/.pnpm/node_modules/react-aria/package.json:30:16:
[37m      30 │       "import": [32m"./dist/exports/*.mjs"[37m,
         ╵                 [32m~~~~~~~~~~~~~~~~~~~~~~[0m

  You can mark the path "react-aria/VisuallyHidden" as external to exclude it from the bundle, which will remove this error and leave the unresolved path in the bundle.


[31mX [41;31m[[41;97mERROR[41;31m][0m [1mCould not resolve "react-aria/useHover"[0m

    node_modules/.pnpm/react-aria-components@1.21._b5cfd5b3f7fdf12844df94706b6190db/node_modules/react-aria-components/dist/private/Group.mjs:2:42:
[37m      2 │ import {useHover as $1mD4M$useHover} from [32m"react-aria/useHover"[37m;
        ╵                                           [32m~~~~~~~~~~~~~~~~~~~~~[0m

  The module "./dist/exports/useHover.mjs" was not found on the file system:

    node_modules/.pnpm/node_modules/react-aria/package.json:30:16:
[37m      30 │       "import": [32m"./dist/exports/*.mjs"[37m,
         ╵                 [32m~~~~~~~~~~~~~~~~~~~~~~[0m

  You can mark the path "react-aria/useHover" as external to exclude it from the bundle, which will remove this error and leave the unresolved path in the bundle.


[31mX [41;31m[[41;97mERROR[41;31m][0m [1mCould not resolve "react-aria/mergeProps"[0m

    node_modules/.pnpm/react-aria-components@1.21._b5cfd5b3f7fdf12844df94706b6190db/node_modules/react-aria-components/dist/private/Group.mjs:3:46:
[37m      3 │ import {mergeProps as $1mD4M$mergeProps} from [32m"react-aria/mergeProps"[37m;
        ╵                                               [32m~~~~~~~~~~~~~~~~~~~~~~~[0m

  The module "./dist/exports/mergeProps.mjs" was not found on the file system:

    node_modules/.pnpm/node_modules/react-aria/package.json:30:16:
[37m      30 │       "import": [32m"./dist/exports/*.mjs"[37m,
         ╵                 [32m~~~~~~~~~~~~~~~~~~~~~~[0m

  You can mark the path "react-aria/mergeProps" as external to exclude it from the bundle, which will remove this error and leave the unresolved path in the bundle.


[31mX [41;31m[[41;97mERROR[41;31m][0m [1mCould not resolve "react-aria/useFocusRing"[0m

    node_modules/.pnpm/react-aria-components@1.21._b5cfd5b3f7fdf12844df94706b6190db/node_modules/react-aria-components/dist/private/Group.mjs:5:50:
[37m      5 │ ...seFocusRing as $1mD4M$useFocusRing} from [32m"react-aria/useFocusRing"[37m;
        ╵                                             [32m~~~~~~~~~~~~~~~~~~~~~~~~~[0m

  The module "./dist/exports/useFocusRing.mjs" was not found on the file system:

    node_modules/.pnpm/node_modules/react-aria/package.json:30:16:
[37m      30 │       "import": [32m"./dist/exports/*.mjs"[37m,
         ╵                 [32m~~~~~~~~~~~~~~~~~~~~~~[0m

  You can mark the path "react-aria/useFocusRing" as external to exclude it from the bundle, which will remove this error and leave the unresolved path in the bundle.


[31mX [41;31m[[41;97mERROR[41;31m][0m [1mCould not resolve "react-aria/CollectionBuilder"[0m

    node_modules/.pnpm/react-aria-components@1.21._b5cfd5b3f7fdf12844df94706b6190db/node_modules/react-aria-components/dist/private/Header.mjs:2:64:
[37m      2 │ ...as $gfOZh$createLeafComponent} from [32m"react-aria/CollectionBuilder"[37m;
        ╵                                        [32m~~~~~~~~~~~~~~~~~~~~~~~~~~~~~~[0m

  The module "./dist/exports/CollectionBuilder.mjs" was not found on the file system:

    node_modules/.pnpm/node_modules/react-aria/package.json:30:16:
[37m      30 │       "import": [32m"./dist/exports/*.mjs"[37m,
         ╵                 [32m~~~~~~~~~~~~~~~~~~~~~~[0m

  You can mark the path "react-aria/CollectionBuilder" as external to exclude it from the bundle, which will remove this error and leave the unresolved path in the bundle.


[31mX [41;31m[[41;97mERROR[41;31m][0m [1mCould not resolve "react-aria/private/collections/BaseCollection"[0m

    node_modules/.pnpm/react-aria-components@1.21._b5cfd5b3f7fdf12844df94706b6190db/node_modules/react-aria-components/dist/private/Header.mjs:3:46:
[37m      3 │ ...h$HeaderNode} from [32m"react-aria/private/collections/BaseCollection"[37m;
        ╵                       [32m~~~~~~~~~~~~~~~~~~~~~~~~~~~~~~~~~~~~~~~~~~~~~~~[0m

  The module "./dist/exports/private/collections/BaseCollection.mjs" was not found on the file system:

    node_modules/.pnpm/node_modules/react-aria/package.json:30:16:
[37m      30 │       "import": [32m"./dist/exports/*.mjs"[37m,
         ╵                 [32m~~~~~~~~~~~~~~~~~~~~~~[0m

  You can mark the path "react-aria/private/collections/BaseCollection" as external to exclude it from the bundle, which will remove this error and leave the unresolved path in the bundle.


[31mX [41;31m[[41;97mERROR[41;31m][0m [1mCould not resolve "react-aria/private/utils/shadowdom/DOMFunctions"[0m

    node_modules/.pnpm/react-aria-components@1.21._b5cfd5b3f7fdf12844df94706b6190db/node_modules/react-aria-components/dist/private/HiddenDateInput.mjs:2:54:
[37m      2 │ ...ventTarget} from [32m"react-aria/private/utils/shadowdom/DOMFunctions"[37m;
        ╵                     [32m~~~~~~~~~~~~~~~~~~~~~~~~~~~~~~~~~~~~~~~~~~~~~~~~~[0m

  The module "./dist/exports/private/utils/shadowdom/DOMFunctions.mjs" was not found on the file system:

    node_modules/.pnpm/node_modules/react-aria/package.json:30:16:
[37m      30 │       "import": [32m"./dist/exports/*.mjs"[37m,
         ╵                 [32m~~~~~~~~~~~~~~~~~~~~~~[0m

  You can mark the path "react-aria/private/utils/shadowdom/DOMFunctions" as external to exclude it from the bundle, which will remove this error and leave the unresolved path in the bundle.


[31mX [41;31m[[41;97mERROR[41;31m][0m [1mCould not resolve "react-aria/VisuallyHidden"[0m

    node_modules/.pnpm/react-aria-components@1.21._b5cfd5b3f7fdf12844df94706b6190db/node_modules/react-aria-components/dist/private/HiddenDateInput.mjs:4:60:
[37m      4 │ ...dden as $9FtGl$useVisuallyHidden} from [32m"react-aria/VisuallyHidden"[37m;
        ╵                                           [32m~~~~~~~~~~~~~~~~~~~~~~~~~~~[0m

  The module "./dist/exports/VisuallyHidden.mjs" was not found on the file system:

    node_modules/.pnpm/node_modules/react-aria/package.json:30:16:
[37m      30 │       "import": [32m"./dist/exports/*.mjs"[37m,
         ╵                 [32m~~~~~~~~~~~~~~~~~~~~~~[0m

  You can mark the path "react-aria/VisuallyHidden" as external to exclude it from the bundle, which will remove this error and leave the unresolved path in the bundle.


[31mX [41;31m[[41;97mERROR[41;31m][0m [1mCould not resolve "react-aria/private/collections/Hidden"[0m

    node_modules/.pnpm/react-aria-components@1.21._b5cfd5b3f7fdf12844df94706b6190db/node_modules/react-aria-components/dist/private/Input.mjs:2:72:
[37m      2 │ ...ateHideableComponent} from [32m"react-aria/private/collections/Hidden"[37m;
        ╵                               [32m~~~~~~~~~~~~~~~~~~~~~~~~~~~~~~~~~~~~~~~[0m

  The module "./dist/exports/private/collections/Hidden.mjs" was not found on the file system:

    node_modules/.pnpm/node_modules/react-aria/package.json:30:16:
[37m      30 │       "import": [32m"./dist/exports/*.mjs"[37m,
         ╵                 [32m~~~~~~~~~~~~~~~~~~~~~~[0m

  You can mark the path "react-aria/private/collections/Hidden" as external to exclude it from the bundle, which will remove this error and leave the unresolved path in the bundle.


[31mX [41;31m[[41;97mERROR[41;31m][0m [1mCould not resolve "react-aria/mergeProps"[0m

    node_modules/.pnpm/react-aria-components@1.21._b5cfd5b3f7fdf12844df94706b6190db/node_modules/react-aria-components/dist/private/Input.mjs:3:46:
[37m      3 │ import {mergeProps as $1aA6s$mergeProps} from [32m"react-aria/mergeProps"[37m;
        ╵                                               [32m~~~~~~~~~~~~~~~~~~~~~~~[0m

  The module "./dist/exports/mergeProps.mjs" was not found on the file system:

    node_modules/.pnpm/node_modules/react-aria/package.json:30:16:
[37m      30 │       "import": [32m"./dist/exports/*.mjs"[37m,
         ╵                 [32m~~~~~~~~~~~~~~~~~~~~~~[0m

  You can mark the path "react-aria/mergeProps" as external to exclude it from the bundle, which will remove this error and leave the unresolved path in the bundle.


[31mX [41;31m[[41;97mERROR[41;31m][0m [1mCould not resolve "react-aria/useFocusRing"[0m

    node_modules/.pnpm/react-aria-components@1.21._b5cfd5b3f7fdf12844df94706b6190db/node_modules/react-aria-components/dist/private/Input.mjs:5:50:
[37m      5 │ ...seFocusRing as $1aA6s$useFocusRing} from [32m"react-aria/useFocusRing"[37m;
        ╵                                             [32m~~~~~~~~~~~~~~~~~~~~~~~~~[0m

  The module "./dist/exports/useFocusRing.mjs" was not found on the file system:

    node_modules/.pnpm/node_modules/react-aria/package.json:30:16:
[37m      30 │       "import": [32m"./dist/exports/*.mjs"[37m,
         ╵                 [32m~~~~~~~~~~~~~~~~~~~~~~[0m

  You can mark the path "react-aria/useFocusRing" as external to exclude it from the bundle, which will remove this error and leave the unresolved path in the bundle.


[31mX [41;31m[[41;97mERROR[41;31m][0m [1mCould not resolve "react-aria/useHover"[0m

    node_modules/.pnpm/react-aria-components@1.21._b5cfd5b3f7fdf12844df94706b6190db/node_modules/react-aria-components/dist/private/Input.mjs:6:42:
[37m      6 │ import {useHover as $1aA6s$useHover} from [32m"react-aria/useHover"[37m;
        ╵                                           [32m~~~~~~~~~~~~~~~~~~~~~[0m

  The module "./dist/exports/useHover.mjs" was not found on the file system:

    node_modules/.pnpm/node_modules/react-aria/package.json:30:16:
[37m      30 │       "import": [32m"./dist/exports/*.mjs"[37m,
         ╵                 [32m~~~~~~~~~~~~~~~~~~~~~~[0m

  You can mark the path "react-aria/useHover" as external to exclude it from the bundle, which will remove this error and leave the unresolved path in the bundle.


[31mX [41;31m[[41;97mERROR[41;31m][0m [1mCould not resolve "react-aria/private/collections/Hidden"[0m

    node_modules/.pnpm/react-aria-components@1.21._b5cfd5b3f7fdf12844df94706b6190db/node_modules/react-aria-components/dist/private/Label.mjs:2:72:
[37m      2 │ ...ateHideableComponent} from [32m"react-aria/private/collections/Hidden"[37m;
        ╵                               [32m~~~~~~~~~~~~~~~~~~~~~~~~~~~~~~~~~~~~~~~[0m

  The module "./dist/exports/private/collections/Hidden.mjs" was not found on the file system:

    node_modules/.pnpm/node_modules/react-aria/package.json:30:16:
[37m      30 │       "import": [32m"./dist/exports/*.mjs"[37m,
         ╵                 [32m~~~~~~~~~~~~~~~~~~~~~~[0m

  You can mark the path "react-aria/private/collections/Hidden" as external to exclude it from the bundle, which will remove this error and leave the unresolved path in the bundle.


[31mX [41;31m[[41;97mERROR[41;31m][0m [1mCould not resolve "react-aria/useLink"[0m

    node_modules/.pnpm/react-aria-components@1.21._b5cfd5b3f7fdf12844df94706b6190db/node_modules/react-aria-components/dist/private/Link.mjs:2:40:
[37m      2 │ import {useLink as $czt8L$useLink} from [32m"react-aria/useLink"[37m;
        ╵                                         [32m~~~~~~~~~~~~~~~~~~~~[0m

  The module "./dist/exports/useLink.mjs" was not found on the file system:

    node_modules/.pnpm/node_modules/react-aria/package.json:30:16:
[37m      30 │       "import": [32m"./dist/exports/*.mjs"[37m,
         ╵                 [32m~~~~~~~~~~~~~~~~~~~~~~[0m

  You can mark the path "react-aria/useLink" as external to exclude it from the bundle, which will remove this error and leave the unresolved path in the bundle.


[31mX [41;31m[[41;97mERROR[41;31m][0m [1mCould not resolve "react-aria/filterDOMProps"[0m

    node_modules/.pnpm/react-aria-components@1.21._b5cfd5b3f7fdf12844df94706b6190db/node_modules/react-aria-components/dist/private/Link.mjs:3:54:
[37m      3 │ ...OMProps as $czt8L$filterDOMProps} from [32m"react-aria/filterDOMProps"[37m;
        ╵                                           [32m~~~~~~~~~~~~~~~~~~~~~~~~~~~[0m

  The module "./dist/exports/filterDOMProps.mjs" was not found on the file system:

    node_modules/.pnpm/node_modules/react-aria/package.json:30:16:
[37m      30 │       "import": [32m"./dist/exports/*.mjs"[37m,
         ╵                 [32m~~~~~~~~~~~~~~~~~~~~~~[0m

  You can mark the path "react-aria/filterDOMProps" as external to exclude it from the bundle, which will remove this error and leave the unresolved path in the bundle.


[31mX [41;31m[[41;97mERROR[41;31m][0m [1mCould not resolve "react-aria/mergeProps"[0m

    node_modules/.pnpm/react-aria-components@1.21._b5cfd5b3f7fdf12844df94706b6190db/node_modules/react-aria-components/dist/private/Link.mjs:4:46:
[37m      4 │ import {mergeProps as $czt8L$mergeProps} from [32m"react-aria/mergeProps"[37m;
        ╵                                               [32m~~~~~~~~~~~~~~~~~~~~~~~[0m

  The module "./dist/exports/mergeProps.mjs" was not found on the file system:

    node_modules/.pnpm/node_modules/react-aria/package.json:30:16:
[37m      30 │       "import": [32m"./dist/exports/*.mjs"[37m,
         ╵                 [32m~~~~~~~~~~~~~~~~~~~~~~[0m

  You can mark the path "react-aria/mergeProps" as external to exclude it from the bundle, which will remove this error and leave the unresolved path in the bundle.


[31mX [41;31m[[41;97mERROR[41;31m][0m [1mCould not resolve "react-aria/useFocusRing"[0m

    node_modules/.pnpm/react-aria-components@1.21._b5cfd5b3f7fdf12844df94706b6190db/node_modules/react-aria-components/dist/private/Link.mjs:6:50:
[37m      6 │ ...seFocusRing as $czt8L$useFocusRing} from [32m"react-aria/useFocusRing"[37m;
        ╵                                             [32m~~~~~~~~~~~~~~~~~~~~~~~~~[0m

  The module "./dist/exports/useFocusRing.mjs" was not found on the file system:

    node_modules/.pnpm/node_modules/react-aria/package.json:30:16:
[37m      30 │       "import": [32m"./dist/exports/*.mjs"[37m,
         ╵                 [32m~~~~~~~~~~~~~~~~~~~~~~[0m

  You can mark the path "react-aria/useFocusRing" as external to exclude it from the bundle, which will remove this error and leave the unresolved path in the bundle.


[31mX [41;31m[[41;97mERROR[41;31m][0m [1mCould not resolve "react-aria/useHover"[0m

    node_modules/.pnpm/react-aria-components@1.21._b5cfd5b3f7fdf12844df94706b6190db/node_modules/react-aria-components/dist/private/Link.mjs:7:42:
[37m      7 │ import {useHover as $czt8L$useHover} from [32m"react-aria/useHover"[37m;
        ╵                                           [32m~~~~~~~~~~~~~~~~~~~~~[0m

  The module "./dist/exports/useHover.mjs" was not found on the file system:

    node_modules/.pnpm/node_modules/react-aria/package.json:30:16:
[37m      30 │       "import": [32m"./dist/exports/*.mjs"[37m,
         ╵                 [32m~~~~~~~~~~~~~~~~~~~~~~[0m

  You can mark the path "react-aria/useHover" as external to exclude it from the bundle, which will remove this error and leave the unresolved path in the bundle.


[31mX [41;31m[[41;97mERROR[41;31m][0m [1mCould not resolve "react-aria/useListBox"[0m

    node_modules/.pnpm/react-aria-components@1.21._b5cfd5b3f7fdf12844df94706b6190db/node_modules/react-aria-components/dist/private/ListBox.mjs:10:124:
[37m      10 │ ...tion, useOption as $c4d6w$useOption} from [32m"react-aria/useListBox"[37m;
         ╵                                              [32m~~~~~~~~~~~~~~~~~~~~~~~[0m

  The module "./dist/exports/useListBox.mjs" was not found on the file system:

    node_modules/.pnpm/node_modules/react-aria/package.json:30:16:
[37m      30 │       "import": [32m"./dist/exports/*.mjs"[37m,
         ╵                 [32m~~~~~~~~~~~~~~~~~~~~~~[0m

  You can mark the path "react-aria/useListBox" as external to exclude it from the bundle, which will remove this error and leave the unresolved path in the bundle.


[31mX [41;31m[[41;97mERROR[41;31m][0m [1mCould not resolve "react-aria/Collection"[0m

    node_modules/.pnpm/react-aria-components@1.21._b5cfd5b3f7fdf12844df94706b6190db/node_modules/react-aria-components/dist/private/ListBox.mjs:11:46:
[37m      11 │ ...rt {Collection as $c4d6w$Collection} from [32m"react-aria/Collection"[37m;
         ╵                                              [32m~~~~~~~~~~~~~~~~~~~~~~~[0m

  The module "./dist/exports/Collection.mjs" was not found on the file system:

    node_modules/.pnpm/node_modules/react-aria/package.json:30:16:
[37m      30 │       "import": [32m"./dist/exports/*.mjs"[37m,
         ╵                 [32m~~~~~~~~~~~~~~~~~~~~~~[0m

  You can mark the path "react-aria/Collection" as external to exclude it from the bundle, which will remove this error and leave the unresolved path in the bundle.


[31mX [41;31m[[41;97mERROR[41;31m][0m [1mCould not resolve "react-aria/CollectionBuilder"[0m

    node_modules/.pnpm/react-aria-components@1.21._b5cfd5b3f7fdf12844df94706b6190db/node_modules/react-aria-components/dist/private/ListBox.mjs:12:166:
[37m      12 │ ...s $c4d6w$createLeafComponent} from [32m"react-aria/CollectionBuilder"[37m;
         ╵                                       [32m~~~~~~~~~~~~~~~~~~~~~~~~~~~~~~[0m

  The module "./dist/exports/CollectionBuilder.mjs" was not found on the file system:

    node_modules/.pnpm/node_modules/react-aria/package.json:30:16:
[37m      30 │       "import": [32m"./dist/exports/*.mjs"[37m,
         ╵                 [32m~~~~~~~~~~~~~~~~~~~~~~[0m

  You can mark the path "react-aria/CollectionBuilder" as external to exclude it from the bundle, which will remove this error and leave the unresolved path in the bundle.


[31mX [41;31m[[41;97mERROR[41;31m][0m [1mCould not resolve "react-aria/filterDOMProps"[0m

    node_modules/.pnpm/react-aria-components@1.21._b5cfd5b3f7fdf12844df94706b6190db/node_modules/react-aria-components/dist/private/ListBox.mjs:13:54:
[37m      13 │ ...MProps as $c4d6w$filterDOMProps} from [32m"react-aria/filterDOMProps"[37m;
         ╵                                          [32m~~~~~~~~~~~~~~~~~~~~~~~~~~~[0m

  The module "./dist/exports/filterDOMProps.mjs" was not found on the file system:

    node_modules/.pnpm/node_modules/react-aria/package.json:30:16:
[37m      30 │       "import": [32m"./dist/exports/*.mjs"[37m,
         ╵                 [32m~~~~~~~~~~~~~~~~~~~~~~[0m

  You can mark the path "react-aria/filterDOMProps" as external to exclude it from the bundle, which will remove this error and leave the unresolved path in the bundle.


[31mX [41;31m[[41;97mERROR[41;31m][0m [1mCould not resolve "react-aria/FocusScope"[0m

    node_modules/.pnpm/react-aria-components@1.21._b5cfd5b3f7fdf12844df94706b6190db/node_modules/react-aria-components/dist/private/ListBox.mjs:14:46:
[37m      14 │ ...rt {FocusScope as $c4d6w$FocusScope} from [32m"react-aria/FocusScope"[37m;
         ╵                                              [32m~~~~~~~~~~~~~~~~~~~~~~~[0m

  The module "./dist/exports/FocusScope.mjs" was not found on the file system:

    node_modules/.pnpm/node_modules/react-aria/package.json:30:16:
[37m      30 │       "import": [32m"./dist/exports/*.mjs"[37m,
         ╵                 [32m~~~~~~~~~~~~~~~~~~~~~~[0m

  You can mark the path "react-aria/FocusScope" as external to exclude it from the bundle, which will remove this error and leave the unresolved path in the bundle.


[31mX [41;31m[[41;97mERROR[41;31m][0m [1mCould not resolve "react-aria/private/utils/inertValue"[0m

    node_modules/.pnpm/react-aria-components@1.21._b5cfd5b3f7fdf12844df94706b6190db/node_modules/react-aria-components/dist/private/ListBox.mjs:15:46:
[37m      15 │ ... as $c4d6w$inertValue} from [32m"react-aria/private/utils/inertValue"[37m;
         ╵                                [32m~~~~~~~~~~~~~~~~~~~~~~~~~~~~~~~~~~~~~[0m

  The module "./dist/exports/private/utils/inertValue.mjs" was not found on the file system:

    node_modules/.pnpm/node_modules/react-aria/package.json:30:16:
[37m      30 │       "import": [32m"./dist/exports/*.mjs"[37m,
         ╵                 [32m~~~~~~~~~~~~~~~~~~~~~~[0m

  You can mark the path "react-aria/private/utils/inertValue" as external to exclude it from the bundle, which will remove this error and leave the unresolved path in the bundle.


[31mX [41;31m[[41;97mERROR[41;31m][0m [1mCould not resolve "react-aria/private/collections/BaseCollection"[0m

    node_modules/.pnpm/react-aria-components@1.21._b5cfd5b3f7fdf12844df94706b6190db/node_modules/react-aria-components/dist/private/ListBox.mjs:16:110:
[37m      16 │ ...$LoaderNode} from [32m"react-aria/private/collections/BaseCollection"[37m;
         ╵                      [32m~~~~~~~~~~~~~~~~~~~~~~~~~~~~~~~~~~~~~~~~~~~~~~~[0m

  The module "./dist/exports/private/collections/BaseCollection.mjs" was not found on the file system:

    node_modules/.pnpm/node_modules/react-aria/package.json:30:16:
[37m      30 │       "import": [32m"./dist/exports/*.mjs"[37m,
         ╵                 [32m~~~~~~~~~~~~~~~~~~~~~~[0m

  You can mark the path "react-aria/private/collections/BaseCollection" as external to exclude it from the bundle, which will remove this error and leave the unresolved path in the bundle.


[31mX [41;31m[[41;97mERROR[41;31m][0m [1mCould not resolve "react-aria/ListKeyboardDelegate"[0m

    node_modules/.pnpm/react-aria-components@1.21._b5cfd5b3f7fdf12844df94706b6190db/node_modules/react-aria-components/dist/private/ListBox.mjs:17:66:
[37m      17 │ ...4d6w$ListKeyboardDelegate} from [32m"react-aria/ListKeyboardDelegate"[37m;
         ╵                                    [32m~~~~~~~~~~~~~~~~~~~~~~~~~~~~~~~~~[0m

  The module "./dist/exports/ListKeyboardDelegate.mjs" was not found on the file system:

    node_modules/.pnpm/node_modules/react-aria/package.json:30:16:
[37m      30 │       "import": [32m"./dist/exports/*.mjs"[37m,
         ╵                 [32m~~~~~~~~~~~~~~~~~~~~~~[0m

  You can mark the path "react-aria/ListKeyboardDelegate" as external to exclude it from the bundle, which will remove this error and leave the unresolved path in the bundle.


[31mX [41;31m[[41;97mERROR[41;31m][0m [1mCould not resolve "react-aria/private/utils/useLoadMoreSentinel"[0m

    node_modules/.pnpm/react-aria-components@1.21._b5cfd5b3f7fdf12844df94706b6190db/node_modules/react-aria-components/dist/private/ListBox.mjs:19:64:
[37m      19 │ ...MoreSentinel} from [32m"react-aria/private/utils/useLoadMoreSentinel"[37m;
         ╵                       [32m~~~~~~~~~~~~~~~~~~~~~~~~~~~~~~~~~~~~~~~~~~~~~~[0m

  The module "./dist/exports/private/utils/useLoadMoreSentinel.mjs" was not found on the file system:

    node_modules/.pnpm/node_modules/react-aria/package.json:30:16:
[37m      30 │       "import": [32m"./dist/exports/*.mjs"[37m,
         ╵                 [32m~~~~~~~~~~~~~~~~~~~~~~[0m

  You can mark the path "react-aria/private/utils/useLoadMoreSentinel" as external to exclude it from the bundle, which will remove this error and leave the unresolved path in the bundle.


[31mX [41;31m[[41;97mERROR[41;31m][0m [1mCould not resolve "react-aria/mergeProps"[0m

    node_modules/.pnpm/react-aria-components@1.21._b5cfd5b3f7fdf12844df94706b6190db/node_modules/react-aria-components/dist/private/ListBox.mjs:20:46:
[37m      20 │ ...rt {mergeProps as $c4d6w$mergeProps} from [32m"react-aria/mergeProps"[37m;
         ╵                                              [32m~~~~~~~~~~~~~~~~~~~~~~~[0m

  The module "./dist/exports/mergeProps.mjs" was not found on the file system:

    node_modules/.pnpm/node_modules/react-aria/package.json:30:16:
[37m      30 │       "import": [32m"./dist/exports/*.mjs"[37m,
         ╵                 [32m~~~~~~~~~~~~~~~~~~~~~~[0m

  You can mark the path "react-aria/mergeProps" as external to exclude it from the bundle, which will remove this error and leave the unresolved path in the bundle.


[31mX [41;31m[[41;97mERROR[41;31m][0m [1mCould not resolve "react-aria/useCollator"[0m

    node_modules/.pnpm/react-aria-components@1.21._b5cfd5b3f7fdf12844df94706b6190db/node_modules/react-aria-components/dist/private/ListBox.mjs:22:48:
[37m      22 │ ...{useCollator as $c4d6w$useCollator} from [32m"react-aria/useCollator"[37m;
         ╵                                             [32m~~~~~~~~~~~~~~~~~~~~~~~~[0m

  The module "./dist/exports/useCollator.mjs" was not found on the file system:

    node_modules/.pnpm/node_modules/react-aria/package.json:30:16:
[37m      30 │       "import": [32m"./dist/exports/*.mjs"[37m,
         ╵                 [32m~~~~~~~~~~~~~~~~~~~~~~[0m

  You can mark the path "react-aria/useCollator" as external to exclude it from the bundle, which will remove this error and leave the unresolved path in the bundle.


[31mX [41;31m[[41;97mERROR[41;31m][0m [1mCould not resolve "react-aria/useFocus"[0m

    node_modules/.pnpm/react-aria-components@1.21._b5cfd5b3f7fdf12844df94706b6190db/node_modules/react-aria-components/dist/private/ListBox.mjs:23:42:
[37m      23 │ import {useFocus as $c4d6w$useFocus} from [32m"react-aria/useFocus"[37m;
         ╵                                           [32m~~~~~~~~~~~~~~~~~~~~~[0m

  The module "./dist/exports/useFocus.mjs" was not found on the file system:

    node_modules/.pnpm/node_modules/react-aria/package.json:30:16:
[37m      30 │       "import": [32m"./dist/exports/*.mjs"[37m,
         ╵                 [32m~~~~~~~~~~~~~~~~~~~~~~[0m

  You can mark the path "react-aria/useFocus" as external to exclude it from the bundle, which will remove this error and leave the unresolved path in the bundle.


[31mX [41;31m[[41;97mERROR[41;31m][0m [1mCould not resolve "react-aria/useFocusRing"[0m

    node_modules/.pnpm/react-aria-components@1.21._b5cfd5b3f7fdf12844df94706b6190db/node_modules/react-aria-components/dist/private/ListBox.mjs:24:50:
[37m      24 │ ...eFocusRing as $c4d6w$useFocusRing} from [32m"react-aria/useFocusRing"[37m;
         ╵                                            [32m~~~~~~~~~~~~~~~~~~~~~~~~~[0m

  The module "./dist/exports/useFocusRing.mjs" was not found on the file system:

    node_modules/.pnpm/node_modules/react-aria/package.json:30:16:
[37m      30 │       "import": [32m"./dist/exports/*.mjs"[37m,
         ╵                 [32m~~~~~~~~~~~~~~~~~~~~~~[0m

  You can mark the path "react-aria/useFocusRing" as external to exclude it from the bundle, which will remove this error and leave the unresolved path in the bundle.


[31mX [41;31m[[41;97mERROR[41;31m][0m [1mCould not resolve "react-aria/useHover"[0m

    node_modules/.pnpm/react-aria-components@1.21._b5cfd5b3f7fdf12844df94706b6190db/node_modules/react-aria-components/dist/private/ListBox.mjs:25:42:
[37m      25 │ import {useHover as $c4d6w$useHover} from [32m"react-aria/useHover"[37m;
         ╵                                           [32m~~~~~~~~~~~~~~~~~~~~~[0m

  The module "./dist/exports/useHover.mjs" was not found on the file system:

    node_modules/.pnpm/node_modules/react-aria/package.json:30:16:
[37m      30 │       "import": [32m"./dist/exports/*.mjs"[37m,
         ╵                 [32m~~~~~~~~~~~~~~~~~~~~~~[0m

  You can mark the path "react-aria/useHover" as external to exclude it from the bundle, which will remove this error and leave the unresolved path in the bundle.


[31mX [41;31m[[41;97mERROR[41;31m][0m [1mCould not resolve "react-aria/useKeyboard"[0m

    node_modules/.pnpm/react-aria-components@1.21._b5cfd5b3f7fdf12844df94706b6190db/node_modules/react-aria-components/dist/private/ListBox.mjs:26:48:
[37m      26 │ ...{useKeyboard as $c4d6w$useKeyboard} from [32m"react-aria/useKeyboard"[37m;
         ╵                                             [32m~~~~~~~~~~~~~~~~~~~~~~~~[0m

  The module "./dist/exports/useKeyboard.mjs" was not found on the file system:

    node_modules/.pnpm/node_modules/react-aria/package.json:30:16:
[37m      30 │       "import": [32m"./dist/exports/*.mjs"[37m,
         ╵                 [32m~~~~~~~~~~~~~~~~~~~~~~[0m

  You can mark the path "react-aria/useKeyboard" as external to exclude it from the bundle, which will remove this error and leave the unresolved path in the bundle.


[31mX [41;31m[[41;97mERROR[41;31m][0m [1mCould not resolve "react-aria/I18nProvider"[0m

    node_modules/.pnpm/react-aria-components@1.21._b5cfd5b3f7fdf12844df94706b6190db/node_modules/react-aria-components/dist/private/ListBox.mjs:27:44:
[37m      27 │ ...rt {useLocale as $c4d6w$useLocale} from [32m"react-aria/I18nProvider"[37m;
         ╵                                            [32m~~~~~~~~~~~~~~~~~~~~~~~~~[0m

  The module "./dist/exports/I18nProvider.mjs" was not found on the file system:

    node_modules/.pnpm/node_modules/react-aria/package.json:30:16:
[37m      30 │       "import": [32m"./dist/exports/*.mjs"[37m,
         ╵                 [32m~~~~~~~~~~~~~~~~~~~~~~[0m

  You can mark the path "react-aria/I18nProvider" as external to exclude it from the bundle, which will remove this error and leave the unresolved path in the bundle.


[31mX [41;31m[[41;97mERROR[41;31m][0m [1mCould not resolve "react-aria/useObjectRef"[0m

    node_modules/.pnpm/react-aria-components@1.21._b5cfd5b3f7fdf12844df94706b6190db/node_modules/react-aria-components/dist/private/ListBox.mjs:28:50:
[37m      28 │ ...eObjectRef as $c4d6w$useObjectRef} from [32m"react-aria/useObjectRef"[37m;
         ╵                                            [32m~~~~~~~~~~~~~~~~~~~~~~~~~[0m

  The module "./dist/exports/useObjectRef.mjs" was not found on the file system:

    node_modules/.pnpm/node_modules/react-aria/package.json:30:16:
[37m      30 │       "import": [32m"./dist/exports/*.mjs"[37m,
         ╵                 [32m~~~~~~~~~~~~~~~~~~~~~~[0m

  You can mark the path "react-aria/useObjectRef" as external to exclude it from the bundle, which will remove this error and leave the unresolved path in the bundle.


[31mX [41;31m[[41;97mERROR[41;31m][0m [1mCould not resolve "react-aria/useMenu"[0m

    node_modules/.pnpm/react-aria-components@1.21._b5cfd5b3f7fdf12844df94706b6190db/node_modules/react-aria-components/dist/private/Menu.mjs:12:204:
[37m      12 │ ...ion, useMenuItem as $7xe5e$useMenuItem} from [32m"react-aria/useMenu"[37m;
         ╵                                                 [32m~~~~~~~~~~~~~~~~~~~~[0m

  The module "./dist/exports/useMenu.mjs" was not found on the file system:

    node_modules/.pnpm/node_modules/react-aria/package.json:30:16:
[37m      30 │       "import": [32m"./dist/exports/*.mjs"[37m,
         ╵                 [32m~~~~~~~~~~~~~~~~~~~~~~[0m

  You can mark the path "react-aria/useMenu" as external to exclude it from the bundle, which will remove this error and leave the unresolved path in the bundle.


[31mX [41;31m[[41;97mERROR[41;31m][0m [1mCould not resolve "react-aria/private/collections/BaseCollection"[0m

    node_modules/.pnpm/react-aria-components@1.21._b5cfd5b3f7fdf12844df94706b6190db/node_modules/react-aria-components/dist/private/Menu.mjs:13:151:
[37m      13 │ ...$LoaderNode} from [32m"react-aria/private/collections/BaseCollection"[37m;
         ╵                      [32m~~~~~~~~~~~~~~~~~~~~~~~~~~~~~~~~~~~~~~~~~~~~~~~[0m

  The module "./dist/exports/private/collections/BaseCollection.mjs" was not found on the file system:

    node_modules/.pnpm/node_modules/react-aria/package.json:30:16:
[37m      30 │       "import": [32m"./dist/exports/*.mjs"[37m,
         ╵                 [32m~~~~~~~~~~~~~~~~~~~~~~[0m

  You can mark the path "react-aria/private/collections/BaseCollection" as external to exclude it from the bundle, which will remove this error and leave the unresolved path in the bundle.


[31mX [41;31m[[41;97mERROR[41;31m][0m [1mCould not resolve "react-aria/Collection"[0m

    node_modules/.pnpm/react-aria-components@1.21._b5cfd5b3f7fdf12844df94706b6190db/node_modules/react-aria-components/dist/private/Menu.mjs:15:46:
[37m      15 │ ...rt {Collection as $7xe5e$Collection} from [32m"react-aria/Collection"[37m;
         ╵                                              [32m~~~~~~~~~~~~~~~~~~~~~~~[0m

  The module "./dist/exports/Collection.mjs" was not found on the file system:

    node_modules/.pnpm/node_modules/react-aria/package.json:30:16:
[37m      30 │       "import": [32m"./dist/exports/*.mjs"[37m,
         ╵                 [32m~~~~~~~~~~~~~~~~~~~~~~[0m

  You can mark the path "react-aria/Collection" as external to exclude it from the bundle, which will remove this error and leave the unresolved path in the bundle.


[31mX [41;31m[[41;97mERROR[41;31m][0m [1mCould not resolve "react-aria/CollectionBuilder"[0m

    node_modules/.pnpm/react-aria-components@1.21._b5cfd5b3f7fdf12844df94706b6190db/node_modules/react-aria-components/dist/private/Menu.mjs:16:166:
[37m      16 │ ...s $7xe5e$createLeafComponent} from [32m"react-aria/CollectionBuilder"[37m;
         ╵                                       [32m~~~~~~~~~~~~~~~~~~~~~~~~~~~~~~[0m

  The module "./dist/exports/CollectionBuilder.mjs" was not found on the file system:

    node_modules/.pnpm/node_modules/react-aria/package.json:30:16:
[37m      30 │       "import": [32m"./dist/exports/*.mjs"[37m,
         ╵                 [32m~~~~~~~~~~~~~~~~~~~~~~[0m

  You can mark the path "react-aria/CollectionBuilder" as external to exclude it from the bundle, which will remove this error and leave the unresolved path in the bundle.


[31mX [41;31m[[41;97mERROR[41;31m][0m [1mCould not resolve "react-aria/filterDOMProps"[0m

    node_modules/.pnpm/react-aria-components@1.21._b5cfd5b3f7fdf12844df94706b6190db/node_modules/react-aria-components/dist/private/Menu.mjs:17:54:
[37m      17 │ ...MProps as $7xe5e$filterDOMProps} from [32m"react-aria/filterDOMProps"[37m;
         ╵                                          [32m~~~~~~~~~~~~~~~~~~~~~~~~~~~[0m

  The module "./dist/exports/filterDOMProps.mjs" was not found on the file system:

    node_modules/.pnpm/node_modules/react-aria/package.json:30:16:
[37m      30 │       "import": [32m"./dist/exports/*.mjs"[37m,
         ╵                 [32m~~~~~~~~~~~~~~~~~~~~~~[0m

  You can mark the path "react-aria/filterDOMProps" as external to exclude it from the bundle, which will remove this error and leave the unresolved path in the bundle.


[31mX [41;31m[[41;97mERROR[41;31m][0m [1mCould not resolve "react-aria/FocusScope"[0m

    node_modules/.pnpm/react-aria-components@1.21._b5cfd5b3f7fdf12844df94706b6190db/node_modules/react-aria-components/dist/private/Menu.mjs:18:46:
[37m      18 │ ...rt {FocusScope as $7xe5e$FocusScope} from [32m"react-aria/FocusScope"[37m;
         ╵                                              [32m~~~~~~~~~~~~~~~~~~~~~~~[0m

  The module "./dist/exports/FocusScope.mjs" was not found on the file system:

    node_modules/.pnpm/node_modules/react-aria/package.json:30:16:
[37m      30 │       "import": [32m"./dist/exports/*.mjs"[37m,
         ╵                 [32m~~~~~~~~~~~~~~~~~~~~~~[0m

  You can mark the path "react-aria/FocusScope" as external to exclude it from the bundle, which will remove this error and leave the unresolved path in the bundle.


[31mX [41;31m[[41;97mERROR[41;31m][0m [1mCould not resolve "react-aria/private/utils/inertValue"[0m

    node_modules/.pnpm/react-aria-components@1.21._b5cfd5b3f7fdf12844df94706b6190db/node_modules/react-aria-components/dist/private/Menu.mjs:19:46:
[37m      19 │ ... as $7xe5e$inertValue} from [32m"react-aria/private/utils/inertValue"[37m;
         ╵                                [32m~~~~~~~~~~~~~~~~~~~~~~~~~~~~~~~~~~~~~[0m

  The module "./dist/exports/private/utils/inertValue.mjs" was not found on the file system:

    node_modules/.pnpm/node_modules/react-aria/package.json:30:16:
[37m      30 │       "import": [32m"./dist/exports/*.mjs"[37m,
         ╵                 [32m~~~~~~~~~~~~~~~~~~~~~~[0m

  You can mark the path "react-aria/private/utils/inertValue" as external to exclude it from the bundle, which will remove this error and leave the unresolved path in the bundle.


[31mX [41;31m[[41;97mERROR[41;31m][0m [1mCould not resolve "react-aria/private/utils/useLoadMoreSentinel"[0m

    node_modules/.pnpm/react-aria-components@1.21._b5cfd5b3f7fdf12844df94706b6190db/node_modules/react-aria-components/dist/private/Menu.mjs:20:64:
[37m      20 │ ...MoreSentinel} from [32m"react-aria/private/utils/useLoadMoreSentinel"[37m;
         ╵                       [32m~~~~~~~~~~~~~~~~~~~~~~~~~~~~~~~~~~~~~~~~~~~~~~[0m

  The module "./dist/exports/private/utils/useLoadMoreSentinel.mjs" was not found on the file system:

    node_modules/.pnpm/node_modules/react-aria/package.json:30:16:
[37m      30 │       "import": [32m"./dist/exports/*.mjs"[37m,
         ╵                 [32m~~~~~~~~~~~~~~~~~~~~~~[0m

  You can mark the path "react-aria/private/utils/useLoadMoreSentinel" as external to exclude it from the bundle, which will remove this error and leave the unresolved path in the bundle.


[31mX [41;31m[[41;97mERROR[41;31m][0m [1mCould not resolve "react-aria/mergeProps"[0m

    node_modules/.pnpm/react-aria-components@1.21._b5cfd5b3f7fdf12844df94706b6190db/node_modules/react-aria-components/dist/private/Menu.mjs:21:46:
[37m      21 │ ...rt {mergeProps as $7xe5e$mergeProps} from [32m"react-aria/mergeProps"[37m;
         ╵                                              [32m~~~~~~~~~~~~~~~~~~~~~~~[0m

  The module "./dist/exports/mergeProps.mjs" was not found on the file system:

    node_modules/.pnpm/node_modules/react-aria/package.json:30:16:
[37m      30 │       "import": [32m"./dist/exports/*.mjs"[37m,
         ╵                 [32m~~~~~~~~~~~~~~~~~~~~~~[0m

  You can mark the path "react-aria/mergeProps" as external to exclude it from the bundle, which will remove this error and leave the unresolved path in the bundle.


[31mX [41;31m[[41;97mERROR[41;31m][0m [1mCould not resolve "react-aria/private/interactions/PressResponder"[0m

    node_modules/.pnpm/react-aria-components@1.21._b5cfd5b3f7fdf12844df94706b6190db/node_modules/react-aria-components/dist/private/Menu.mjs:22:54:
[37m      22 │ ...sResponder} from [32m"react-aria/private/interactions/PressResponder"[37m;
         ╵                     [32m~~~~~~~~~~~~~~~~~~~~~~~~~~~~~~~~~~~~~~~~~~~~~~~~[0m

  The module "./dist/exports/private/interactions/PressResponder.mjs" was not found on the file system:

    node_modules/.pnpm/node_modules/react-aria/package.json:30:16:
[37m      30 │       "import": [32m"./dist/exports/*.mjs"[37m,
         ╵                 [32m~~~~~~~~~~~~~~~~~~~~~~[0m

  You can mark the path "react-aria/private/interactions/PressResponder" as external to exclude it from the bundle, which will remove this error and leave the unresolved path in the bundle.


[31mX [41;31m[[41;97mERROR[41;31m][0m [1mCould not resolve "react-aria/useHover"[0m

    node_modules/.pnpm/react-aria-components@1.21._b5cfd5b3f7fdf12844df94706b6190db/node_modules/react-aria-components/dist/private/Menu.mjs:26:42:
[37m      26 │ import {useHover as $7xe5e$useHover} from [32m"react-aria/useHover"[37m;
         ╵                                           [32m~~~~~~~~~~~~~~~~~~~~~[0m

  The module "./dist/exports/useHover.mjs" was not found on the file system:

    node_modules/.pnpm/node_modules/react-aria/package.json:30:16:
[37m      30 │       "import": [32m"./dist/exports/*.mjs"[37m,
         ╵                 [32m~~~~~~~~~~~~~~~~~~~~~~[0m

  You can mark the path "react-aria/useHover" as external to exclude it from the bundle, which will remove this error and leave the unresolved path in the bundle.


[31mX [41;31m[[41;97mERROR[41;31m][0m [1mCould not resolve "react-aria/private/collections/Hidden"[0m

    node_modules/.pnpm/react-aria-components@1.21._b5cfd5b3f7fdf12844df94706b6190db/node_modules/react-aria-components/dist/private/Menu.mjs:27:48:
[37m      27 │ ... $7xe5e$useIsHidden} from [32m"react-aria/private/collections/Hidden"[37m;
         ╵                              [32m~~~~~~~~~~~~~~~~~~~~~~~~~~~~~~~~~~~~~~~[0m

  The module "./dist/exports/private/collections/Hidden.mjs" was not found on the file system:

    node_modules/.pnpm/node_modules/react-aria/package.json:30:16:
[37m      30 │       "import": [32m"./dist/exports/*.mjs"[37m,
         ╵                 [32m~~~~~~~~~~~~~~~~~~~~~~[0m

  You can mark the path "react-aria/private/collections/Hidden" as external to exclude it from the bundle, which will remove this error and leave the unresolved path in the bundle.


[31mX [41;31m[[41;97mERROR[41;31m][0m [1mCould not resolve "react-aria/useObjectRef"[0m

    node_modules/.pnpm/react-aria-components@1.21._b5cfd5b3f7fdf12844df94706b6190db/node_modules/react-aria-components/dist/private/Menu.mjs:29:50:
[37m      29 │ ...eObjectRef as $7xe5e$useObjectRef} from [32m"react-aria/useObjectRef"[37m;
         ╵                                            [32m~~~~~~~~~~~~~~~~~~~~~~~~~[0m

  The module "./dist/exports/useObjectRef.mjs" was not found on the file system:

    node_modules/.pnpm/node_modules/react-aria/package.json:30:16:
[37m      30 │       "import": [32m"./dist/exports/*.mjs"[37m,
         ╵                 [32m~~~~~~~~~~~~~~~~~~~~~~[0m

  You can mark the path "react-aria/useObjectRef" as external to exclude it from the bundle, which will remove this error and leave the unresolved path in the bundle.


[31mX [41;31m[[41;97mERROR[41;31m][0m [1mCould not resolve "react-aria/useMeter"[0m

    node_modules/.pnpm/react-aria-components@1.21._b5cfd5b3f7fdf12844df94706b6190db/node_modules/react-aria-components/dist/private/Meter.mjs:3:42:
[37m      3 │ import {useMeter as $dVrrg$useMeter} from [32m"react-aria/useMeter"[37m;
        ╵                                           [32m~~~~~~~~~~~~~~~~~~~~~[0m

  The module "./dist/exports/useMeter.mjs" was not found on the file system:

    node_modules/.pnpm/node_modules/react-aria/package.json:30:16:
[37m      30 │       "import": [32m"./dist/exports/*.mjs"[37m,
         ╵                 [32m~~~~~~~~~~~~~~~~~~~~~~[0m

  You can mark the path "react-aria/useMeter" as external to exclude it from the bundle, which will remove this error and leave the unresolved path in the bundle.


[31mX [41;31m[[41;97mERROR[41;31m][0m [1mCould not resolve "react-aria/filterDOMProps"[0m

    node_modules/.pnpm/react-aria-components@1.21._b5cfd5b3f7fdf12844df94706b6190db/node_modules/react-aria-components/dist/private/Meter.mjs:5:54:
[37m      5 │ ...OMProps as $dVrrg$filterDOMProps} from [32m"react-aria/filterDOMProps"[37m;
        ╵                                           [32m~~~~~~~~~~~~~~~~~~~~~~~~~~~[0m

  The module "./dist/exports/filterDOMProps.mjs" was not found on the file system:

    node_modules/.pnpm/node_modules/react-aria/package.json:30:16:
[37m      30 │       "import": [32m"./dist/exports/*.mjs"[37m,
         ╵                 [32m~~~~~~~~~~~~~~~~~~~~~~[0m

  You can mark the path "react-aria/filterDOMProps" as external to exclude it from the bundle, which will remove this error and leave the unresolved path in the bundle.


[31mX [41;31m[[41;97mERROR[41;31m][0m [1mCould not resolve "react-aria/mergeProps"[0m

    node_modules/.pnpm/react-aria-components@1.21._b5cfd5b3f7fdf12844df94706b6190db/node_modules/react-aria-components/dist/private/Meter.mjs:6:46:
[37m      6 │ import {mergeProps as $dVrrg$mergeProps} from [32m"react-aria/mergeProps"[37m;
        ╵                                               [32m~~~~~~~~~~~~~~~~~~~~~~~[0m

  The module "./dist/exports/mergeProps.mjs" was not found on the file system:

    node_modules/.pnpm/node_modules/react-aria/package.json:30:16:
[37m      30 │       "import": [32m"./dist/exports/*.mjs"[37m,
         ╵                 [32m~~~~~~~~~~~~~~~~~~~~~~[0m

  You can mark the path "react-aria/mergeProps" as external to exclude it from the bundle, which will remove this error and leave the unresolved path in the bundle.


[31mX [41;31m[[41;97mERROR[41;31m][0m [1mCould not resolve "react-aria/useModalOverlay"[0m

    node_modules/.pnpm/react-aria-components@1.21._b5cfd5b3f7fdf12844df94706b6190db/node_modules/react-aria-components/dist/private/Modal.mjs:3:56:
[37m      3 │ ...erlay as $gJBoF$useModalOverlay} from [32m"react-aria/useModalOverlay"[37m;
        ╵                                          [32m~~~~~~~~~~~~~~~~~~~~~~~~~~~~[0m

  The module "./dist/exports/useModalOverlay.mjs" was not found on the file system:

    node_modules/.pnpm/node_modules/react-aria/package.json:30:16:
[37m      30 │       "import": [32m"./dist/exports/*.mjs"[37m,
         ╵                 [32m~~~~~~~~~~~~~~~~~~~~~~[0m

  You can mark the path "react-aria/useModalOverlay" as external to exclude it from the bundle, which will remove this error and leave the unresolved path in the bundle.


[31mX [41;31m[[41;97mERROR[41;31m][0m [1mCould not resolve "react-aria/Overlay"[0m

    node_modules/.pnpm/react-aria-components@1.21._b5cfd5b3f7fdf12844df94706b6190db/node_modules/react-aria-components/dist/private/Modal.mjs:4:79:
[37m      4 │ ..., DismissButton as $gJBoF$DismissButton} from [32m"react-aria/Overlay"[37m;
        ╵                                                  [32m~~~~~~~~~~~~~~~~~~~~[0m

  The module "./dist/exports/Overlay.mjs" was not found on the file system:

    node_modules/.pnpm/node_modules/react-aria/package.json:30:16:
[37m      30 │       "import": [32m"./dist/exports/*.mjs"[37m,
         ╵                 [32m~~~~~~~~~~~~~~~~~~~~~~[0m

  You can mark the path "react-aria/Overlay" as external to exclude it from the bundle, which will remove this error and leave the unresolved path in the bundle.


[31mX [41;31m[[41;97mERROR[41;31m][0m [1mCould not resolve "react-aria/filterDOMProps"[0m

    node_modules/.pnpm/react-aria-components@1.21._b5cfd5b3f7fdf12844df94706b6190db/node_modules/react-aria-components/dist/private/Modal.mjs:5:54:
[37m      5 │ ...OMProps as $gJBoF$filterDOMProps} from [32m"react-aria/filterDOMProps"[37m;
        ╵                                           [32m~~~~~~~~~~~~~~~~~~~~~~~~~~~[0m

  The module "./dist/exports/filterDOMProps.mjs" was not found on the file system:

    node_modules/.pnpm/node_modules/react-aria/package.json:30:16:
[37m      30 │       "import": [32m"./dist/exports/*.mjs"[37m,
         ╵                 [32m~~~~~~~~~~~~~~~~~~~~~~[0m

  You can mark the path "react-aria/filterDOMProps" as external to exclude it from the bundle, which will remove this error and leave the unresolved path in the bundle.


[31mX [41;31m[[41;97mERROR[41;31m][0m [1mCould not resolve "react-aria/private/utils/isScrollable"[0m

    node_modules/.pnpm/react-aria-components@1.21._b5cfd5b3f7fdf12844df94706b6190db/node_modules/react-aria-components/dist/private/Modal.mjs:6:50:
[37m      6 │ ... $gJBoF$isScrollable} from [32m"react-aria/private/utils/isScrollable"[37m;
        ╵                               [32m~~~~~~~~~~~~~~~~~~~~~~~~~~~~~~~~~~~~~~~[0m

  The module "./dist/exports/private/utils/isScrollable.mjs" was not found on the file system:

    node_modules/.pnpm/node_modules/react-aria/package.json:30:16:
[37m      30 │       "import": [32m"./dist/exports/*.mjs"[37m,
         ╵                 [32m~~~~~~~~~~~~~~~~~~~~~~[0m

  You can mark the path "react-aria/private/utils/isScrollable" as external to exclude it from the bundle, which will remove this error and leave the unresolved path in the bundle.


[31mX [41;31m[[41;97mERROR[41;31m][0m [1mCould not resolve "react-aria/mergeProps"[0m

    node_modules/.pnpm/react-aria-components@1.21._b5cfd5b3f7fdf12844df94706b6190db/node_modules/react-aria-components/dist/private/Modal.mjs:7:46:
[37m      7 │ import {mergeProps as $gJBoF$mergeProps} from [32m"react-aria/mergeProps"[37m;
        ╵                                               [32m~~~~~~~~~~~~~~~~~~~~~~~[0m

  The module "./dist/exports/mergeProps.mjs" was not found on the file system:

    node_modules/.pnpm/node_modules/react-aria/package.json:30:16:
[37m      30 │       "import": [32m"./dist/exports/*.mjs"[37m,
         ╵                 [32m~~~~~~~~~~~~~~~~~~~~~~[0m

  You can mark the path "react-aria/mergeProps" as external to exclude it from the bundle, which will remove this error and leave the unresolved path in the bundle.


[31mX [41;31m[[41;97mERROR[41;31m][0m [1mCould not resolve "react-aria/mergeRefs"[0m

    node_modules/.pnpm/react-aria-components@1.21._b5cfd5b3f7fdf12844df94706b6190db/node_modules/react-aria-components/dist/private/Modal.mjs:8:44:
[37m      8 │ import {mergeRefs as $gJBoF$mergeRefs} from [32m"react-aria/mergeRefs"[37m;
        ╵                                             [32m~~~~~~~~~~~~~~~~~~~~~~[0m

  The module "./dist/exports/mergeRefs.mjs" was not found on the file system:

    node_modules/.pnpm/node_modules/react-aria/package.json:30:16:
[37m      30 │       "import": [32m"./dist/exports/*.mjs"[37m,
         ╵                 [32m~~~~~~~~~~~~~~~~~~~~~~[0m

  You can mark the path "react-aria/mergeRefs" as external to exclude it from the bundle, which will remove this error and leave the unresolved path in the bundle.


[31mX [41;31m[[41;97mERROR[41;31m][0m [1mCould not resolve "react-aria/private/utils/animation"[0m

    node_modules/.pnpm/react-aria-components@1.21._b5cfd5b3f7fdf12844df94706b6190db/node_modules/react-aria-components/dist/private/Modal.mjs:11:105:
[37m      11 │ ...JBoF$useEnterAnimation} from [32m"react-aria/private/utils/animation"[37m;
         ╵                                 [32m~~~~~~~~~~~~~~~~~~~~~~~~~~~~~~~~~~~~[0m

  The module "./dist/exports/private/utils/animation.mjs" was not found on the file system:

    node_modules/.pnpm/node_modules/react-aria/package.json:30:16:
[37m      30 │       "import": [32m"./dist/exports/*.mjs"[37m,
         ╵                 [32m~~~~~~~~~~~~~~~~~~~~~~[0m

  You can mark the path "react-aria/private/utils/animation" as external to exclude it from the bundle, which will remove this error and leave the unresolved path in the bundle.


[31mX [41;31m[[41;97mERROR[41;31m][0m [1mCould not resolve "react-aria/SSRProvider"[0m

    node_modules/.pnpm/react-aria-components@1.21._b5cfd5b3f7fdf12844df94706b6190db/node_modules/react-aria-components/dist/private/Modal.mjs:12:42:
[37m      12 │ import {useIsSSR as $gJBoF$useIsSSR} from [32m"react-aria/SSRProvider"[37m;
         ╵                                           [32m~~~~~~~~~~~~~~~~~~~~~~~~[0m

  The module "./dist/exports/SSRProvider.mjs" was not found on the file system:

    node_modules/.pnpm/node_modules/react-aria/package.json:30:16:
[37m      30 │       "import": [32m"./dist/exports/*.mjs"[37m,
         ╵                 [32m~~~~~~~~~~~~~~~~~~~~~~[0m

  You can mark the path "react-aria/SSRProvider" as external to exclude it from the bundle, which will remove this error and leave the unresolved path in the bundle.


[31mX [41;31m[[41;97mERROR[41;31m][0m [1mCould not resolve "react-aria/useObjectRef"[0m

    node_modules/.pnpm/react-aria-components@1.21._b5cfd5b3f7fdf12844df94706b6190db/node_modules/react-aria-components/dist/private/Modal.mjs:13:50:
[37m      13 │ ...eObjectRef as $gJBoF$useObjectRef} from [32m"react-aria/useObjectRef"[37m;
         ╵                                            [32m~~~~~~~~~~~~~~~~~~~~~~~~~[0m

  The module "./dist/exports/useObjectRef.mjs" was not found on the file system:

    node_modules/.pnpm/node_modules/react-aria/package.json:30:16:
[37m      30 │       "import": [32m"./dist/exports/*.mjs"[37m,
         ╵                 [32m~~~~~~~~~~~~~~~~~~~~~~[0m

  You can mark the path "react-aria/useObjectRef" as external to exclude it from the bundle, which will remove this error and leave the unresolved path in the bundle.


[31mX [41;31m[[41;97mERROR[41;31m][0m [1mCould not resolve "react-aria/private/utils/useViewportSize"[0m

    node_modules/.pnpm/react-aria-components@1.21._b5cfd5b3f7fdf12844df94706b6190db/node_modules/react-aria-components/dist/private/Modal.mjs:14:56:
[37m      14 │ ...$useViewportSize} from [32m"react-aria/private/utils/useViewportSize"[37m;
         ╵                           [32m~~~~~~~~~~~~~~~~~~~~~~~~~~~~~~~~~~~~~~~~~~[0m

  The module "./dist/exports/private/utils/useViewportSize.mjs" was not found on the file system:

    node_modules/.pnpm/node_modules/react-aria/package.json:30:16:
[37m      30 │       "import": [32m"./dist/exports/*.mjs"[37m,
         ╵                 [32m~~~~~~~~~~~~~~~~~~~~~~[0m

  You can mark the path "react-aria/private/utils/useViewportSize" as external to exclude it from the bundle, which will remove this error and leave the unresolved path in the bundle.


[31mX [41;31m[[41;97mERROR[41;31m][0m [1mCould not resolve "react-aria/private/utils/getScrollParent"[0m

    node_modules/.pnpm/react-aria-components@1.21._b5cfd5b3f7fdf12844df94706b6190db/node_modules/react-aria-components/dist/private/NavigationTree.mjs:4:56:
[37m      4 │ ...d$getScrollParent} from [32m"react-aria/private/utils/getScrollParent"[37m;
        ╵                            [32m~~~~~~~~~~~~~~~~~~~~~~~~~~~~~~~~~~~~~~~~~~[0m

  The module "./dist/exports/private/utils/getScrollParent.mjs" was not found on the file system:

    node_modules/.pnpm/node_modules/react-aria/package.json:30:16:
[37m      30 │       "import": [32m"./dist/exports/*.mjs"[37m,
         ╵                 [32m~~~~~~~~~~~~~~~~~~~~~~[0m

  You can mark the path "react-aria/private/utils/getScrollParent" as external to exclude it from the bundle, which will remove this error and leave the unresolved path in the bundle.


[31mX [41;31m[[41;97mERROR[41;31m][0m [1mCould not resolve "react-aria/private/utils/shadowdom/DOMFunctions"[0m

    node_modules/.pnpm/react-aria-components@1.21._b5cfd5b3f7fdf12844df94706b6190db/node_modules/react-aria-components/dist/private/NavigationTree.mjs:5:50:
[37m      5 │ ...deContains} from [32m"react-aria/private/utils/shadowdom/DOMFunctions"[37m;
        ╵                     [32m~~~~~~~~~~~~~~~~~~~~~~~~~~~~~~~~~~~~~~~~~~~~~~~~~[0m

  The module "./dist/exports/private/utils/shadowdom/DOMFunctions.mjs" was not found on the file system:

    node_modules/.pnpm/node_modules/react-aria/package.json:30:16:
[37m      30 │       "import": [32m"./dist/exports/*.mjs"[37m,
         ╵                 [32m~~~~~~~~~~~~~~~~~~~~~~[0m

  You can mark the path "react-aria/private/utils/shadowdom/DOMFunctions" as external to exclude it from the bundle, which will remove this error and leave the unresolved path in the bundle.


[31mX [41;31m[[41;97mERROR[41;31m][0m [1mCould not resolve "react-aria/private/utils/scrollIntoView"[0m

    node_modules/.pnpm/react-aria-components@1.21._b5cfd5b3f7fdf12844df94706b6190db/node_modules/react-aria-components/dist/private/NavigationTree.mjs:7:54:
[37m      7 │ ...fyd$scrollIntoView} from [32m"react-aria/private/utils/scrollIntoView"[37m;
        ╵                             [32m~~~~~~~~~~~~~~~~~~~~~~~~~~~~~~~~~~~~~~~~~[0m

  The module "./dist/exports/private/utils/scrollIntoView.mjs" was not found on the file system:

    node_modules/.pnpm/node_modules/react-aria/package.json:30:16:
[37m      30 │       "import": [32m"./dist/exports/*.mjs"[37m,
         ╵                 [32m~~~~~~~~~~~~~~~~~~~~~~[0m

  You can mark the path "react-aria/private/utils/scrollIntoView" as external to exclude it from the bundle, which will remove this error and leave the unresolved path in the bundle.


[31mX [41;31m[[41;97mERROR[41;31m][0m [1mCould not resolve "react-aria/useObjectRef"[0m

    node_modules/.pnpm/react-aria-components@1.21._b5cfd5b3f7fdf12844df94706b6190db/node_modules/react-aria-components/dist/private/NavigationTree.mjs:8:50:
[37m      8 │ ...seObjectRef as $1Xfyd$useObjectRef} from [32m"react-aria/useObjectRef"[37m;
        ╵                                             [32m~~~~~~~~~~~~~~~~~~~~~~~~~[0m

  The module "./dist/exports/useObjectRef.mjs" was not found on the file system:

    node_modules/.pnpm/node_modules/react-aria/package.json:30:16:
[37m      30 │       "import": [32m"./dist/exports/*.mjs"[37m,
         ╵                 [32m~~~~~~~~~~~~~~~~~~~~~~[0m

  You can mark the path "react-aria/useObjectRef" as external to exclude it from the bundle, which will remove this error and leave the unresolved path in the bundle.


[31mX [41;31m[[41;97mERROR[41;31m][0m [1mCould not resolve "react-aria/useNumberField"[0m

    node_modules/.pnpm/react-aria-components@1.21._b5cfd5b3f7fdf12844df94706b6190db/node_modules/react-aria-components/dist/private/NumberField.mjs:9:54:
[37m      9 │ ...erField as $kf26I$useNumberField} from [32m"react-aria/useNumberField"[37m;
        ╵                                           [32m~~~~~~~~~~~~~~~~~~~~~~~~~~~[0m

  The module "./dist/exports/useNumberField.mjs" was not found on the file system:

    node_modules/.pnpm/node_modules/react-aria/package.json:30:16:
[37m      30 │       "import": [32m"./dist/exports/*.mjs"[37m,
         ╵                 [32m~~~~~~~~~~~~~~~~~~~~~~[0m

  You can mark the path "react-aria/useNumberField" as external to exclude it from the bundle, which will remove this error and leave the unresolved path in the bundle.


[31mX [41;31m[[41;97mERROR[41;31m][0m [1mCould not resolve "react-aria/filterDOMProps"[0m

    node_modules/.pnpm/react-aria-components@1.21._b5cfd5b3f7fdf12844df94706b6190db/node_modules/react-aria-components/dist/private/NumberField.mjs:10:54:
[37m      10 │ ...MProps as $kf26I$filterDOMProps} from [32m"react-aria/filterDOMProps"[37m;
         ╵                                          [32m~~~~~~~~~~~~~~~~~~~~~~~~~~~[0m

  The module "./dist/exports/filterDOMProps.mjs" was not found on the file system:

    node_modules/.pnpm/node_modules/react-aria/package.json:30:16:
[37m      30 │       "import": [32m"./dist/exports/*.mjs"[37m,
         ╵                 [32m~~~~~~~~~~~~~~~~~~~~~~[0m

  You can mark the path "react-aria/filterDOMProps" as external to exclude it from the bundle, which will remove this error and leave the unresolved path in the bundle.


[31mX [41;31m[[41;97mERROR[41;31m][0m [1mCould not resolve "react-aria/I18nProvider"[0m

    node_modules/.pnpm/react-aria-components@1.21._b5cfd5b3f7fdf12844df94706b6190db/node_modules/react-aria-components/dist/private/NumberField.mjs:13:44:
[37m      13 │ ...rt {useLocale as $kf26I$useLocale} from [32m"react-aria/I18nProvider"[37m;
         ╵                                            [32m~~~~~~~~~~~~~~~~~~~~~~~~~[0m

  The module "./dist/exports/I18nProvider.mjs" was not found on the file system:

    node_modules/.pnpm/node_modules/react-aria/package.json:30:16:
[37m      30 │       "import": [32m"./dist/exports/*.mjs"[37m,
         ╵                 [32m~~~~~~~~~~~~~~~~~~~~~~[0m

  You can mark the path "react-aria/I18nProvider" as external to exclude it from the bundle, which will remove this error and leave the unresolved path in the bundle.


[31mX [41;31m[[41;97mERROR[41;31m][0m [1mCould not resolve "react-aria/filterDOMProps"[0m

    node_modules/.pnpm/react-aria-components@1.21._b5cfd5b3f7fdf12844df94706b6190db/node_modules/react-aria-components/dist/private/OverlayArrow.mjs:2:54:
[37m      2 │ ...OMProps as $cVyXW$filterDOMProps} from [32m"react-aria/filterDOMProps"[37m;
        ╵                                           [32m~~~~~~~~~~~~~~~~~~~~~~~~~~~[0m

  The module "./dist/exports/filterDOMProps.mjs" was not found on the file system:

    node_modules/.pnpm/node_modules/react-aria/package.json:30:16:
[37m      30 │       "import": [32m"./dist/exports/*.mjs"[37m,
         ╵                 [32m~~~~~~~~~~~~~~~~~~~~~~[0m

  You can mark the path "react-aria/filterDOMProps" as external to exclude it from the bundle, which will remove this error and leave the unresolved path in the bundle.


[31mX [41;31m[[41;97mERROR[41;31m][0m [1mCould not resolve "react-aria/usePopover"[0m

    node_modules/.pnpm/react-aria-components@1.21._b5cfd5b3f7fdf12844df94706b6190db/node_modules/react-aria-components/dist/private/Popover.mjs:4:46:
[37m      4 │ import {usePopover as $g4jvP$usePopover} from [32m"react-aria/usePopover"[37m;
        ╵                                               [32m~~~~~~~~~~~~~~~~~~~~~~~[0m

  The module "./dist/exports/usePopover.mjs" was not found on the file system:

    node_modules/.pnpm/node_modules/react-aria/package.json:30:16:
[37m      30 │       "import": [32m"./dist/exports/*.mjs"[37m,
         ╵                 [32m~~~~~~~~~~~~~~~~~~~~~~[0m

  You can mark the path "react-aria/usePopover" as external to exclude it from the bundle, which will remove this error and leave the unresolved path in the bundle.


[31mX [41;31m[[41;97mERROR[41;31m][0m [1mCould not resolve "react-aria/Overlay"[0m

    node_modules/.pnpm/react-aria-components@1.21._b5cfd5b3f7fdf12844df94706b6190db/node_modules/react-aria-components/dist/private/Popover.mjs:5:79:
[37m      5 │ ...ismissButton, Overlay as $g4jvP$Overlay} from [32m"react-aria/Overlay"[37m;
        ╵                                                  [32m~~~~~~~~~~~~~~~~~~~~[0m

  The module "./dist/exports/Overlay.mjs" was not found on the file system:

    node_modules/.pnpm/node_modules/react-aria/package.json:30:16:
[37m      30 │       "import": [32m"./dist/exports/*.mjs"[37m,
         ╵                 [32m~~~~~~~~~~~~~~~~~~~~~~[0m

  You can mark the path "react-aria/Overlay" as external to exclude it from the bundle, which will remove this error and leave the unresolved path in the bundle.


[31mX [41;31m[[41;97mERROR[41;31m][0m [1mCould not resolve "react-aria/filterDOMProps"[0m

    node_modules/.pnpm/react-aria-components@1.21._b5cfd5b3f7fdf12844df94706b6190db/node_modules/react-aria-components/dist/private/Popover.mjs:6:54:
[37m      6 │ ...OMProps as $g4jvP$filterDOMProps} from [32m"react-aria/filterDOMProps"[37m;
        ╵                                           [32m~~~~~~~~~~~~~~~~~~~~~~~~~~~[0m

  The module "./dist/exports/filterDOMProps.mjs" was not found on the file system:

    node_modules/.pnpm/node_modules/react-aria/package.json:30:16:
[37m      30 │       "import": [32m"./dist/exports/*.mjs"[37m,
         ╵                 [32m~~~~~~~~~~~~~~~~~~~~~~[0m

  You can mark the path "react-aria/filterDOMProps" as external to exclude it from the bundle, which will remove this error and leave the unresolved path in the bundle.


[31mX [41;31m[[41;97mERROR[41;31m][0m [1mCould not resolve "react-aria/private/interactions/focusSafely"[0m

    node_modules/.pnpm/react-aria-components@1.21._b5cfd5b3f7fdf12844df94706b6190db/node_modules/react-aria-components/dist/private/Popover.mjs:7:48:
[37m      7 │ ...vP$focusSafely} from [32m"react-aria/private/interactions/focusSafely"[37m;
        ╵                         [32m~~~~~~~~~~~~~~~~~~~~~~~~~~~~~~~~~~~~~~~~~~~~~[0m

  The module "./dist/exports/private/interactions/focusSafely.mjs" was not found on the file system:

    node_modules/.pnpm/node_modules/react-aria/package.json:30:16:
[37m      30 │       "import": [32m"./dist/exports/*.mjs"[37m,
         ╵                 [32m~~~~~~~~~~~~~~~~~~~~~~[0m

  You can mark the path "react-aria/private/interactions/focusSafely" as external to exclude it from the bundle, which will remove this error and leave the unresolved path in the bundle.


[31mX [41;31m[[41;97mERROR[41;31m][0m [1mCould not resolve "react-aria/private/interactions/useFocusVisible"[0m

    node_modules/.pnpm/react-aria-components@1.21._b5cfd5b3f7fdf12844df94706b6190db/node_modules/react-aria-components/dist/private/Popover.mjs:8:70:
[37m      8 │ ...onModality} from [32m"react-aria/private/interactions/useFocusVisible"[37m;
        ╵                     [32m~~~~~~~~~~~~~~~~~~~~~~~~~~~~~~~~~~~~~~~~~~~~~~~~~[0m

  The module "./dist/exports/private/interactions/useFocusVisible.mjs" was not found on the file system:

    node_modules/.pnpm/node_modules/react-aria/package.json:30:16:
[37m      30 │       "import": [32m"./dist/exports/*.mjs"[37m,
         ╵                 [32m~~~~~~~~~~~~~~~~~~~~~~[0m

  You can mark the path "react-aria/private/interactions/useFocusVisible" as external to exclude it from the bundle, which will remove this error and leave the unresolved path in the bundle.


[31mX [41;31m[[41;97mERROR[41;31m][0m [1mCould not resolve "react-aria/private/utils/shadowdom/DOMFunctions"[0m

    node_modules/.pnpm/react-aria-components@1.21._b5cfd5b3f7fdf12844df94706b6190db/node_modules/react-aria-components/dist/private/Popover.mjs:9:52:
[37m      9 │ ...ocusWithin} from [32m"react-aria/private/utils/shadowdom/DOMFunctions"[37m;
        ╵                     [32m~~~~~~~~~~~~~~~~~~~~~~~~~~~~~~~~~~~~~~~~~~~~~~~~~[0m

  The module "./dist/exports/private/utils/shadowdom/DOMFunctions.mjs" was not found on the file system:

    node_modules/.pnpm/node_modules/react-aria/package.json:30:16:
[37m      30 │       "import": [32m"./dist/exports/*.mjs"[37m,
         ╵                 [32m~~~~~~~~~~~~~~~~~~~~~~[0m

  You can mark the path "react-aria/private/utils/shadowdom/DOMFunctions" as external to exclude it from the bundle, which will remove this error and leave the unresolved path in the bundle.


[31mX [41;31m[[41;97mERROR[41;31m][0m [1mCould not resolve "react-aria/mergeProps"[0m

    node_modules/.pnpm/react-aria-components@1.21._b5cfd5b3f7fdf12844df94706b6190db/node_modules/react-aria-components/dist/private/Popover.mjs:10:46:
[37m      10 │ ...rt {mergeProps as $g4jvP$mergeProps} from [32m"react-aria/mergeProps"[37m;
         ╵                                              [32m~~~~~~~~~~~~~~~~~~~~~~~[0m

  The module "./dist/exports/mergeProps.mjs" was not found on the file system:

    node_modules/.pnpm/node_modules/react-aria/package.json:30:16:
[37m      30 │       "import": [32m"./dist/exports/*.mjs"[37m,
         ╵                 [32m~~~~~~~~~~~~~~~~~~~~~~[0m

  You can mark the path "react-aria/mergeProps" as external to exclude it from the bundle, which will remove this error and leave the unresolved path in the bundle.


[31mX [41;31m[[41;97mERROR[41;31m][0m [1mCould not resolve "react-aria/private/utils/animation"[0m

    node_modules/.pnpm/react-aria-components@1.21._b5cfd5b3f7fdf12844df94706b6190db/node_modules/react-aria-components/dist/private/Popover.mjs:13:105:
[37m      13 │ ...4jvP$useEnterAnimation} from [32m"react-aria/private/utils/animation"[37m;
         ╵                                 [32m~~~~~~~~~~~~~~~~~~~~~~~~~~~~~~~~~~~~[0m

  The module "./dist/exports/private/utils/animation.mjs" was not found on the file system:

    node_modules/.pnpm/node_modules/react-aria/package.json:30:16:
[37m      30 │       "import": [32m"./dist/exports/*.mjs"[37m,
         ╵                 [32m~~~~~~~~~~~~~~~~~~~~~~[0m

  You can mark the path "react-aria/private/utils/animation" as external to exclude it from the bundle, which will remove this error and leave the unresolved path in the bundle.


[31mX [41;31m[[41;97mERROR[41;31m][0m [1mCould not resolve "react-aria/private/collections/Hidden"[0m

    node_modules/.pnpm/react-aria-components@1.21._b5cfd5b3f7fdf12844df94706b6190db/node_modules/react-aria-components/dist/private/Popover.mjs:14:48:
[37m      14 │ ... $g4jvP$useIsHidden} from [32m"react-aria/private/collections/Hidden"[37m;
         ╵                              [32m~~~~~~~~~~~~~~~~~~~~~~~~~~~~~~~~~~~~~~~[0m

  The module "./dist/exports/private/collections/Hidden.mjs" was not found on the file system:

    node_modules/.pnpm/node_modules/react-aria/package.json:30:16:
[37m      30 │       "import": [32m"./dist/exports/*.mjs"[37m,
         ╵                 [32m~~~~~~~~~~~~~~~~~~~~~~[0m

  You can mark the path "react-aria/private/collections/Hidden" as external to exclude it from the bundle, which will remove this error and leave the unresolved path in the bundle.


[31mX [41;31m[[41;97mERROR[41;31m][0m [1mCould not resolve "react-aria/private/utils/useLayoutEffect"[0m

    node_modules/.pnpm/react-aria-components@1.21._b5cfd5b3f7fdf12844df94706b6190db/node_modules/react-aria-components/dist/private/Popover.mjs:15:56:
[37m      15 │ ...$useLayoutEffect} from [32m"react-aria/private/utils/useLayoutEffect"[37m;
         ╵                           [32m~~~~~~~~~~~~~~~~~~~~~~~~~~~~~~~~~~~~~~~~~~[0m

  The module "./dist/exports/private/utils/useLayoutEffect.mjs" was not found on the file system:

    node_modules/.pnpm/node_modules/react-aria/package.json:30:16:
[37m      30 │       "import": [32m"./dist/exports/*.mjs"[37m,
         ╵                 [32m~~~~~~~~~~~~~~~~~~~~~~[0m

  You can mark the path "react-aria/private/utils/useLayoutEffect" as external to exclude it from the bundle, which will remove this error and leave the unresolved path in the bundle.


[31mX [41;31m[[41;97mERROR[41;31m][0m [1mCould not resolve "react-aria/I18nProvider"[0m

    node_modules/.pnpm/react-aria-components@1.21._b5cfd5b3f7fdf12844df94706b6190db/node_modules/react-aria-components/dist/private/Popover.mjs:16:44:
[37m      16 │ ...rt {useLocale as $g4jvP$useLocale} from [32m"react-aria/I18nProvider"[37m;
         ╵                                            [32m~~~~~~~~~~~~~~~~~~~~~~~~~[0m

  The module "./dist/exports/I18nProvider.mjs" was not found on the file system:

    node_modules/.pnpm/node_modules/react-aria/package.json:30:16:
[37m      30 │       "import": [32m"./dist/exports/*.mjs"[37m,
         ╵                 [32m~~~~~~~~~~~~~~~~~~~~~~[0m

  You can mark the path "react-aria/I18nProvider" as external to exclude it from the bundle, which will remove this error and leave the unresolved path in the bundle.


[31mX [41;31m[[41;97mERROR[41;31m][0m [1mCould not resolve "react-aria/private/utils/useResizeObserver"[0m

    node_modules/.pnpm/react-aria-components@1.21._b5cfd5b3f7fdf12844df94706b6190db/node_modules/react-aria-components/dist/private/Popover.mjs:17:60:
[37m      17 │ ...ResizeObserver} from [32m"react-aria/private/utils/useResizeObserver"[37m;
         ╵                         [32m~~~~~~~~~~~~~~~~~~~~~~~~~~~~~~~~~~~~~~~~~~~~[0m

  The module "./dist/exports/private/utils/useResizeObserver.mjs" was not found on the file system:

    node_modules/.pnpm/node_modules/react-aria/package.json:30:16:
[37m      30 │       "import": [32m"./dist/exports/*.mjs"[37m,
         ╵                 [32m~~~~~~~~~~~~~~~~~~~~~~[0m

  You can mark the path "react-aria/private/utils/useResizeObserver" as external to exclude it from the bundle, which will remove this error and leave the unresolved path in the bundle.


[31mX [41;31m[[41;97mERROR[41;31m][0m [1mCould not resolve "react-aria/usePreviewTrigger"[0m

    node_modules/.pnpm/react-aria-components@1.21._b5cfd5b3f7fdf12844df94706b6190db/node_modules/react-aria-components/dist/private/PreviewTrigger.mjs:4:60:
[37m      4 │ ...r as $evW8Q$usePreviewTrigger} from [32m"react-aria/usePreviewTrigger"[37m;
        ╵                                        [32m~~~~~~~~~~~~~~~~~~~~~~~~~~~~~~[0m

  The module "./dist/exports/usePreviewTrigger.mjs" was not found on the file system:

    node_modules/.pnpm/node_modules/react-aria/package.json:30:16:
[37m      30 │       "import": [32m"./dist/exports/*.mjs"[37m,
         ╵                 [32m~~~~~~~~~~~~~~~~~~~~~~[0m

  You can mark the path "react-aria/usePreviewTrigger" as external to exclude it from the bundle, which will remove this error and leave the unresolved path in the bundle.


[31mX [41;31m[[41;97mERROR[41;31m][0m [1mCould not resolve "react-aria/private/interactions/useFocusable"[0m

    node_modules/.pnpm/react-aria-components@1.21._b5cfd5b3f7fdf12844df94706b6190db/node_modules/react-aria-components/dist/private/PreviewTrigger.mjs:5:60:
[37m      5 │ ...sableProvider} from [32m"react-aria/private/interactions/useFocusable"[37m;
        ╵                        [32m~~~~~~~~~~~~~~~~~~~~~~~~~~~~~~~~~~~~~~~~~~~~~~[0m

  The module "./dist/exports/private/interactions/useFocusable.mjs" was not found on the file system:

    node_modules/.pnpm/node_modules/react-aria/package.json:30:16:
[37m      30 │       "import": [32m"./dist/exports/*.mjs"[37m,
         ╵                 [32m~~~~~~~~~~~~~~~~~~~~~~[0m

  You can mark the path "react-aria/private/interactions/useFocusable" as external to exclude it from the bundle, which will remove this error and leave the unresolved path in the bundle.


[31mX [41;31m[[41;97mERROR[41;31m][0m [1mCould not resolve "react-aria/useProgressBar"[0m

    node_modules/.pnpm/react-aria-components@1.21._b5cfd5b3f7fdf12844df94706b6190db/node_modules/react-aria-components/dist/private/ProgressBar.mjs:3:54:
[37m      3 │ ...ressBar as $8MuvO$useProgressBar} from [32m"react-aria/useProgressBar"[37m;
        ╵                                           [32m~~~~~~~~~~~~~~~~~~~~~~~~~~~[0m

  The module "./dist/exports/useProgressBar.mjs" was not found on the file system:

    node_modules/.pnpm/node_modules/react-aria/package.json:30:16:
[37m      30 │       "import": [32m"./dist/exports/*.mjs"[37m,
         ╵                 [32m~~~~~~~~~~~~~~~~~~~~~~[0m

  You can mark the path "react-aria/useProgressBar" as external to exclude it from the bundle, which will remove this error and leave the unresolved path in the bundle.


[31mX [41;31m[[41;97mERROR[41;31m][0m [1mCould not resolve "react-aria/filterDOMProps"[0m

    node_modules/.pnpm/react-aria-components@1.21._b5cfd5b3f7fdf12844df94706b6190db/node_modules/react-aria-components/dist/private/ProgressBar.mjs:5:54:
[37m      5 │ ...OMProps as $8MuvO$filterDOMProps} from [32m"react-aria/filterDOMProps"[37m;
        ╵                                           [32m~~~~~~~~~~~~~~~~~~~~~~~~~~~[0m

  The module "./dist/exports/filterDOMProps.mjs" was not found on the file system:

    node_modules/.pnpm/node_modules/react-aria/package.json:30:16:
[37m      30 │       "import": [32m"./dist/exports/*.mjs"[37m,
         ╵                 [32m~~~~~~~~~~~~~~~~~~~~~~[0m

  You can mark the path "react-aria/filterDOMProps" as external to exclude it from the bundle, which will remove this error and leave the unresolved path in the bundle.


[31mX [41;31m[[41;97mERROR[41;31m][0m [1mCould not resolve "react-aria/mergeProps"[0m

    node_modules/.pnpm/react-aria-components@1.21._b5cfd5b3f7fdf12844df94706b6190db/node_modules/react-aria-components/dist/private/ProgressBar.mjs:6:46:
[37m      6 │ import {mergeProps as $8MuvO$mergeProps} from [32m"react-aria/mergeProps"[37m;
        ╵                                               [32m~~~~~~~~~~~~~~~~~~~~~~~[0m

  The module "./dist/exports/mergeProps.mjs" was not found on the file system:

    node_modules/.pnpm/node_modules/react-aria/package.json:30:16:
[37m      30 │       "import": [32m"./dist/exports/*.mjs"[37m,
         ╵                 [32m~~~~~~~~~~~~~~~~~~~~~~[0m

  You can mark the path "react-aria/mergeProps" as external to exclude it from the bundle, which will remove this error and leave the unresolved path in the bundle.


[31mX [41;31m[[41;97mERROR[41;31m][0m [1mCould not resolve "react-aria/useRadioGroup"[0m

    node_modules/.pnpm/react-aria-components@1.21._b5cfd5b3f7fdf12844df94706b6190db/node_modules/react-aria-components/dist/private/RadioGroup.mjs:8:81:
[37m      8 │ ...roup, useRadio as $64B8K$useRadio} from [32m"react-aria/useRadioGroup"[37m;
        ╵                                            [32m~~~~~~~~~~~~~~~~~~~~~~~~~~[0m

  The module "./dist/exports/useRadioGroup.mjs" was not found on the file system:

    node_modules/.pnpm/node_modules/react-aria/package.json:30:16:
[37m      30 │       "import": [32m"./dist/exports/*.mjs"[37m,
         ╵                 [32m~~~~~~~~~~~~~~~~~~~~~~[0m

  You can mark the path "react-aria/useRadioGroup" as external to exclude it from the bundle, which will remove this error and leave the unresolved path in the bundle.


[31mX [41;31m[[41;97mERROR[41;31m][0m [1mCould not resolve "react-aria/filterDOMProps"[0m

    node_modules/.pnpm/react-aria-components@1.21._b5cfd5b3f7fdf12844df94706b6190db/node_modules/react-aria-components/dist/private/RadioGroup.mjs:9:54:
[37m      9 │ ...OMProps as $64B8K$filterDOMProps} from [32m"react-aria/filterDOMProps"[37m;
        ╵                                           [32m~~~~~~~~~~~~~~~~~~~~~~~~~~~[0m

  The module "./dist/exports/filterDOMProps.mjs" was not found on the file system:

    node_modules/.pnpm/node_modules/react-aria/package.json:30:16:
[37m      30 │       "import": [32m"./dist/exports/*.mjs"[37m,
         ╵                 [32m~~~~~~~~~~~~~~~~~~~~~~[0m

  You can mark the path "react-aria/filterDOMProps" as external to exclude it from the bundle, which will remove this error and leave the unresolved path in the bundle.


[31mX [41;31m[[41;97mERROR[41;31m][0m [1mCould not resolve "react-aria/mergeProps"[0m

    node_modules/.pnpm/react-aria-components@1.21._b5cfd5b3f7fdf12844df94706b6190db/node_modules/react-aria-components/dist/private/RadioGroup.mjs:10:46:
[37m      10 │ ...rt {mergeProps as $64B8K$mergeProps} from [32m"react-aria/mergeProps"[37m;
         ╵                                              [32m~~~~~~~~~~~~~~~~~~~~~~~[0m

  The module "./dist/exports/mergeProps.mjs" was not found on the file system:

    node_modules/.pnpm/node_modules/react-aria/package.json:30:16:
[37m      30 │       "import": [32m"./dist/exports/*.mjs"[37m,
         ╵                 [32m~~~~~~~~~~~~~~~~~~~~~~[0m

  You can mark the path "react-aria/mergeProps" as external to exclude it from the bundle, which will remove this error and leave the unresolved path in the bundle.


[31mX [41;31m[[41;97mERROR[41;31m][0m [1mCould not resolve "react-aria/mergeRefs"[0m

    node_modules/.pnpm/react-aria-components@1.21._b5cfd5b3f7fdf12844df94706b6190db/node_modules/react-aria-components/dist/private/RadioGroup.mjs:11:44:
[37m      11 │ import {mergeRefs as $64B8K$mergeRefs} from [32m"react-aria/mergeRefs"[37m;
         ╵                                             [32m~~~~~~~~~~~~~~~~~~~~~~[0m

  The module "./dist/exports/mergeRefs.mjs" was not found on the file system:

    node_modules/.pnpm/node_modules/react-aria/package.json:30:16:
[37m      30 │       "import": [32m"./dist/exports/*.mjs"[37m,
         ╵                 [32m~~~~~~~~~~~~~~~~~~~~~~[0m

  You can mark the path "react-aria/mergeRefs" as external to exclude it from the bundle, which will remove this error and leave the unresolved path in the bundle.


[31mX [41;31m[[41;97mERROR[41;31m][0m [1mCould not resolve "react-aria/useFocusRing"[0m

    node_modules/.pnpm/react-aria-components@1.21._b5cfd5b3f7fdf12844df94706b6190db/node_modules/react-aria-components/dist/private/RadioGroup.mjs:14:50:
[37m      14 │ ...eFocusRing as $64B8K$useFocusRing} from [32m"react-aria/useFocusRing"[37m;
         ╵                                            [32m~~~~~~~~~~~~~~~~~~~~~~~~~[0m

  The module "./dist/exports/useFocusRing.mjs" was not found on the file system:

    node_modules/.pnpm/node_modules/react-aria/package.json:30:16:
[37m      30 │       "import": [32m"./dist/exports/*.mjs"[37m,
         ╵                 [32m~~~~~~~~~~~~~~~~~~~~~~[0m

  You can mark the path "react-aria/useFocusRing" as external to exclude it from the bundle, which will remove this error and leave the unresolved path in the bundle.


[31mX [41;31m[[41;97mERROR[41;31m][0m [1mCould not resolve "react-aria/useHover"[0m

    node_modules/.pnpm/react-aria-components@1.21._b5cfd5b3f7fdf12844df94706b6190db/node_modules/react-aria-components/dist/private/RadioGroup.mjs:15:42:
[37m      15 │ import {useHover as $64B8K$useHover} from [32m"react-aria/useHover"[37m;
         ╵                                           [32m~~~~~~~~~~~~~~~~~~~~~[0m

  The module "./dist/exports/useHover.mjs" was not found on the file system:

    node_modules/.pnpm/node_modules/react-aria/package.json:30:16:
[37m      30 │       "import": [32m"./dist/exports/*.mjs"[37m,
         ╵                 [32m~~~~~~~~~~~~~~~~~~~~~~[0m

  You can mark the path "react-aria/useHover" as external to exclude it from the bundle, which will remove this error and leave the unresolved path in the bundle.


[31mX [41;31m[[41;97mERROR[41;31m][0m [1mCould not resolve "react-aria/useObjectRef"[0m

    node_modules/.pnpm/react-aria-components@1.21._b5cfd5b3f7fdf12844df94706b6190db/node_modules/react-aria-components/dist/private/RadioGroup.mjs:16:50:
[37m      16 │ ...eObjectRef as $64B8K$useObjectRef} from [32m"react-aria/useObjectRef"[37m;
         ╵                                            [32m~~~~~~~~~~~~~~~~~~~~~~~~~[0m

  The module "./dist/exports/useObjectRef.mjs" was not found on the file system:

    node_modules/.pnpm/node_modules/react-aria/package.json:30:16:
[37m      30 │       "import": [32m"./dist/exports/*.mjs"[37m,
         ╵                 [32m~~~~~~~~~~~~~~~~~~~~~~[0m

  You can mark the path "react-aria/useObjectRef" as external to exclude it from the bundle, which will remove this error and leave the unresolved path in the bundle.


[31mX [41;31m[[41;97mERROR[41;31m][0m [1mCould not resolve "react-aria/VisuallyHidden"[0m

    node_modules/.pnpm/react-aria-components@1.21._b5cfd5b3f7fdf12844df94706b6190db/node_modules/react-aria-components/dist/private/RadioGroup.mjs:17:54:
[37m      17 │ ...Hidden as $64B8K$VisuallyHidden} from [32m"react-aria/VisuallyHidden"[37m;
         ╵                                          [32m~~~~~~~~~~~~~~~~~~~~~~~~~~~[0m

  The module "./dist/exports/VisuallyHidden.mjs" was not found on the file system:

    node_modules/.pnpm/node_modules/react-aria/package.json:30:16:
[37m      30 │       "import": [32m"./dist/exports/*.mjs"[37m,
         ╵                 [32m~~~~~~~~~~~~~~~~~~~~~~[0m

  You can mark the path "react-aria/VisuallyHidden" as external to exclude it from the bundle, which will remove this error and leave the unresolved path in the bundle.


[31mX [41;31m[[41;97mERROR[41;31m][0m [1mCould not resolve "react-aria/useSearchField"[0m

    node_modules/.pnpm/react-aria-components@1.21._b5cfd5b3f7fdf12844df94706b6190db/node_modules/react-aria-components/dist/private/SearchField.mjs:10:54:
[37m      10 │ ...hField as $gpBJB$useSearchField} from [32m"react-aria/useSearchField"[37m;
         ╵                                          [32m~~~~~~~~~~~~~~~~~~~~~~~~~~~[0m

  The module "./dist/exports/useSearchField.mjs" was not found on the file system:

    node_modules/.pnpm/node_modules/react-aria/package.json:30:16:
[37m      30 │       "import": [32m"./dist/exports/*.mjs"[37m,
         ╵                 [32m~~~~~~~~~~~~~~~~~~~~~~[0m

  You can mark the path "react-aria/useSearchField" as external to exclude it from the bundle, which will remove this error and leave the unresolved path in the bundle.


[31mX [41;31m[[41;97mERROR[41;31m][0m [1mCould not resolve "react-aria/private/collections/Hidden"[0m

    node_modules/.pnpm/react-aria-components@1.21._b5cfd5b3f7fdf12844df94706b6190db/node_modules/react-aria-components/dist/private/SearchField.mjs:11:72:
[37m      11 │ ...teHideableComponent} from [32m"react-aria/private/collections/Hidden"[37m;
         ╵                              [32m~~~~~~~~~~~~~~~~~~~~~~~~~~~~~~~~~~~~~~~[0m

  The module "./dist/exports/private/collections/Hidden.mjs" was not found on the file system:

    node_modules/.pnpm/node_modules/react-aria/package.json:30:16:
[37m      30 │       "import": [32m"./dist/exports/*.mjs"[37m,
         ╵                 [32m~~~~~~~~~~~~~~~~~~~~~~[0m

  You can mark the path "react-aria/private/collections/Hidden" as external to exclude it from the bundle, which will remove this error and leave the unresolved path in the bundle.


[31mX [41;31m[[41;97mERROR[41;31m][0m [1mCould not resolve "react-aria/filterDOMProps"[0m

    node_modules/.pnpm/react-aria-components@1.21._b5cfd5b3f7fdf12844df94706b6190db/node_modules/react-aria-components/dist/private/SearchField.mjs:12:54:
[37m      12 │ ...MProps as $gpBJB$filterDOMProps} from [32m"react-aria/filterDOMProps"[37m;
         ╵                                          [32m~~~~~~~~~~~~~~~~~~~~~~~~~~~[0m

  The module "./dist/exports/filterDOMProps.mjs" was not found on the file system:

    node_modules/.pnpm/node_modules/react-aria/package.json:30:16:
[37m      30 │       "import": [32m"./dist/exports/*.mjs"[37m,
         ╵                 [32m~~~~~~~~~~~~~~~~~~~~~~[0m

  You can mark the path "react-aria/filterDOMProps" as external to exclude it from the bundle, which will remove this error and leave the unresolved path in the bundle.


[31mX [41;31m[[41;97mERROR[41;31m][0m [1mCould not resolve "react-aria/useSelect"[0m

    node_modules/.pnpm/react-aria-components@1.21._b5cfd5b3f7fdf12844df94706b6190db/node_modules/react-aria-components/dist/private/Select.mjs:11:81:
[37m      11 │ ... HiddenSelect as $2l4Cq$HiddenSelect} from [32m"react-aria/useSelect"[37m;
         ╵                                               [32m~~~~~~~~~~~~~~~~~~~~~~[0m

  The module "./dist/exports/useSelect.mjs" was not found on the file system:

    node_modules/.pnpm/node_modules/react-aria/package.json:30:16:
[37m      30 │       "import": [32m"./dist/exports/*.mjs"[37m,
         ╵                 [32m~~~~~~~~~~~~~~~~~~~~~~[0m

  You can mark the path "react-aria/useSelect" as external to exclude it from the bundle, which will remove this error and leave the unresolved path in the bundle.


[31mX [41;31m[[41;97mERROR[41;31m][0m [1mCould not resolve "react-aria/CollectionBuilder"[0m

    node_modules/.pnpm/react-aria-components@1.21._b5cfd5b3f7fdf12844df94706b6190db/node_modules/react-aria-components/dist/private/Select.mjs:12:60:
[37m      12 │ ... as $2l4Cq$CollectionBuilder} from [32m"react-aria/CollectionBuilder"[37m;
         ╵                                       [32m~~~~~~~~~~~~~~~~~~~~~~~~~~~~~~[0m

  The module "./dist/exports/CollectionBuilder.mjs" was not found on the file system:

    node_modules/.pnpm/node_modules/react-aria/package.json:30:16:
[37m      30 │       "import": [32m"./dist/exports/*.mjs"[37m,
         ╵                 [32m~~~~~~~~~~~~~~~~~~~~~~[0m

  You can mark the path "react-aria/CollectionBuilder" as external to exclude it from the bundle, which will remove this error and leave the unresolved path in the bundle.


[31mX [41;31m[[41;97mERROR[41;31m][0m [1mCould not resolve "react-aria/private/collections/Hidden"[0m

    node_modules/.pnpm/react-aria-components@1.21._b5cfd5b3f7fdf12844df94706b6190db/node_modules/react-aria-components/dist/private/Select.mjs:13:72:
[37m      13 │ ...teHideableComponent} from [32m"react-aria/private/collections/Hidden"[37m;
         ╵                              [32m~~~~~~~~~~~~~~~~~~~~~~~~~~~~~~~~~~~~~~~[0m

  The module "./dist/exports/private/collections/Hidden.mjs" was not found on the file system:

    node_modules/.pnpm/node_modules/react-aria/package.json:30:16:
[37m      30 │       "import": [32m"./dist/exports/*.mjs"[37m,
         ╵                 [32m~~~~~~~~~~~~~~~~~~~~~~[0m

  You can mark the path "react-aria/private/collections/Hidden" as external to exclude it from the bundle, which will remove this error and leave the unresolved path in the bundle.


[31mX [41;31m[[41;97mERROR[41;31m][0m [1mCould not resolve "react-aria/filterDOMProps"[0m

    node_modules/.pnpm/react-aria-components@1.21._b5cfd5b3f7fdf12844df94706b6190db/node_modules/react-aria-components/dist/private/Select.mjs:14:54:
[37m      14 │ ...MProps as $2l4Cq$filterDOMProps} from [32m"react-aria/filterDOMProps"[37m;
         ╵                                          [32m~~~~~~~~~~~~~~~~~~~~~~~~~~~[0m

  The module "./dist/exports/filterDOMProps.mjs" was not found on the file system:

    node_modules/.pnpm/node_modules/react-aria/package.json:30:16:
[37m      30 │       "import": [32m"./dist/exports/*.mjs"[37m,
         ╵                 [32m~~~~~~~~~~~~~~~~~~~~~~[0m

  You can mark the path "react-aria/filterDOMProps" as external to exclude it from the bundle, which will remove this error and leave the unresolved path in the bundle.


[31mX [41;31m[[41;97mERROR[41;31m][0m [1mCould not resolve "react-aria/mergeProps"[0m

    node_modules/.pnpm/react-aria-components@1.21._b5cfd5b3f7fdf12844df94706b6190db/node_modules/react-aria-components/dist/private/Select.mjs:15:46:
[37m      15 │ ...rt {mergeProps as $2l4Cq$mergeProps} from [32m"react-aria/mergeProps"[37m;
         ╵                                              [32m~~~~~~~~~~~~~~~~~~~~~~~[0m

  The module "./dist/exports/mergeProps.mjs" was not found on the file system:

    node_modules/.pnpm/node_modules/react-aria/package.json:30:16:
[37m      30 │       "import": [32m"./dist/exports/*.mjs"[37m,
         ╵                 [32m~~~~~~~~~~~~~~~~~~~~~~[0m

  You can mark the path "react-aria/mergeProps" as external to exclude it from the bundle, which will remove this error and leave the unresolved path in the bundle.


[31mX [41;31m[[41;97mERROR[41;31m][0m [1mCould not resolve "react-aria/useFocusRing"[0m

    node_modules/.pnpm/react-aria-components@1.21._b5cfd5b3f7fdf12844df94706b6190db/node_modules/react-aria-components/dist/private/Select.mjs:18:50:
[37m      18 │ ...eFocusRing as $2l4Cq$useFocusRing} from [32m"react-aria/useFocusRing"[37m;
         ╵                                            [32m~~~~~~~~~~~~~~~~~~~~~~~~~[0m

  The module "./dist/exports/useFocusRing.mjs" was not found on the file system:

    node_modules/.pnpm/node_modules/react-aria/package.json:30:16:
[37m      30 │       "import": [32m"./dist/exports/*.mjs"[37m,
         ╵                 [32m~~~~~~~~~~~~~~~~~~~~~~[0m

  You can mark the path "react-aria/useFocusRing" as external to exclude it from the bundle, which will remove this error and leave the unresolved path in the bundle.


[31mX [41;31m[[41;97mERROR[41;31m][0m [1mCould not resolve "react-aria/useListFormatter"[0m

    node_modules/.pnpm/react-aria-components@1.21._b5cfd5b3f7fdf12844df94706b6190db/node_modules/react-aria-components/dist/private/Select.mjs:19:58:
[37m      19 │ ...er as $2l4Cq$useListFormatter} from [32m"react-aria/useListFormatter"[37m;
         ╵                                        [32m~~~~~~~~~~~~~~~~~~~~~~~~~~~~~[0m

  The module "./dist/exports/useListFormatter.mjs" was not found on the file system:

    node_modules/.pnpm/node_modules/react-aria/package.json:30:16:
[37m      30 │       "import": [32m"./dist/exports/*.mjs"[37m,
         ╵                 [32m~~~~~~~~~~~~~~~~~~~~~~[0m

  You can mark the path "react-aria/useListFormatter" as external to exclude it from the bundle, which will remove this error and leave the unresolved path in the bundle.


[31mX [41;31m[[41;97mERROR[41;31m][0m [1mCould not resolve "react-aria/useLocalizedStringFormatter"[0m

    node_modules/.pnpm/react-aria-components@1.21._b5cfd5b3f7fdf12844df94706b6190db/node_modules/react-aria-components/dist/private/Select.mjs:20:80:
[37m      20 │ ...zedStringFormatter} from [32m"react-aria/useLocalizedStringFormatter"[37m;
         ╵                             [32m~~~~~~~~~~~~~~~~~~~~~~~~~~~~~~~~~~~~~~~~[0m

  The module "./dist/exports/useLocalizedStringFormatter.mjs" was not found on the file system:

    node_modules/.pnpm/node_modules/react-aria/package.json:30:16:
[37m      30 │       "import": [32m"./dist/exports/*.mjs"[37m,
         ╵                 [32m~~~~~~~~~~~~~~~~~~~~~~[0m

  You can mark the path "react-aria/useLocalizedStringFormatter" as external to exclude it from the bundle, which will remove this error and leave the unresolved path in the bundle.


[31mX [41;31m[[41;97mERROR[41;31m][0m [1mCould not resolve "react-aria/useSeparator"[0m

    node_modules/.pnpm/react-aria-components@1.21._b5cfd5b3f7fdf12844df94706b6190db/node_modules/react-aria-components/dist/private/Separator.mjs:2:50:
[37m      2 │ ...seSeparator as $adn6H$useSeparator} from [32m"react-aria/useSeparator"[37m;
        ╵                                             [32m~~~~~~~~~~~~~~~~~~~~~~~~~[0m

  The module "./dist/exports/useSeparator.mjs" was not found on the file system:

    node_modules/.pnpm/node_modules/react-aria/package.json:30:16:
[37m      30 │       "import": [32m"./dist/exports/*.mjs"[37m,
         ╵                 [32m~~~~~~~~~~~~~~~~~~~~~~[0m

  You can mark the path "react-aria/useSeparator" as external to exclude it from the bundle, which will remove this error and leave the unresolved path in the bundle.


[31mX [41;31m[[41;97mERROR[41;31m][0m [1mCould not resolve "react-aria/private/collections/BaseCollection"[0m

    node_modules/.pnpm/react-aria-components@1.21._b5cfd5b3f7fdf12844df94706b6190db/node_modules/react-aria-components/dist/private/Separator.mjs:3:54:
[37m      3 │ ...llectionNode} from [32m"react-aria/private/collections/BaseCollection"[37m;
        ╵                       [32m~~~~~~~~~~~~~~~~~~~~~~~~~~~~~~~~~~~~~~~~~~~~~~~[0m

  The module "./dist/exports/private/collections/BaseCollection.mjs" was not found on the file system:

    node_modules/.pnpm/node_modules/react-aria/package.json:30:16:
[37m      30 │       "import": [32m"./dist/exports/*.mjs"[37m,
         ╵                 [32m~~~~~~~~~~~~~~~~~~~~~~[0m

  You can mark the path "react-aria/private/collections/BaseCollection" as external to exclude it from the bundle, which will remove this error and leave the unresolved path in the bundle.


[31mX [41;31m[[41;97mERROR[41;31m][0m [1mCould not resolve "react-aria/CollectionBuilder"[0m

    node_modules/.pnpm/react-aria-components@1.21._b5cfd5b3f7fdf12844df94706b6190db/node_modules/react-aria-components/dist/private/Separator.mjs:4:64:
[37m      4 │ ...as $adn6H$createLeafComponent} from [32m"react-aria/CollectionBuilder"[37m;
        ╵                                        [32m~~~~~~~~~~~~~~~~~~~~~~~~~~~~~~[0m

  The module "./dist/exports/CollectionBuilder.mjs" was not found on the file system:

    node_modules/.pnpm/node_modules/react-aria/package.json:30:16:
[37m      30 │       "import": [32m"./dist/exports/*.mjs"[37m,
         ╵                 [32m~~~~~~~~~~~~~~~~~~~~~~[0m

  You can mark the path "react-aria/CollectionBuilder" as external to exclude it from the bundle, which will remove this error and leave the unresolved path in the bundle.


[31mX [41;31m[[41;97mERROR[41;31m][0m [1mCould not resolve "react-aria/filterDOMProps"[0m

    node_modules/.pnpm/react-aria-components@1.21._b5cfd5b3f7fdf12844df94706b6190db/node_modules/react-aria-components/dist/private/Separator.mjs:5:54:
[37m      5 │ ...OMProps as $adn6H$filterDOMProps} from [32m"react-aria/filterDOMProps"[37m;
        ╵                                           [32m~~~~~~~~~~~~~~~~~~~~~~~~~~~[0m

  The module "./dist/exports/filterDOMProps.mjs" was not found on the file system:

    node_modules/.pnpm/node_modules/react-aria/package.json:30:16:
[37m      30 │       "import": [32m"./dist/exports/*.mjs"[37m,
         ╵                 [32m~~~~~~~~~~~~~~~~~~~~~~[0m

  You can mark the path "react-aria/filterDOMProps" as external to exclude it from the bundle, which will remove this error and leave the unresolved path in the bundle.


[31mX [41;31m[[41;97mERROR[41;31m][0m [1mCould not resolve "react-aria/mergeProps"[0m

    node_modules/.pnpm/react-aria-components@1.21._b5cfd5b3f7fdf12844df94706b6190db/node_modules/react-aria-components/dist/private/Separator.mjs:6:46:
[37m      6 │ import {mergeProps as $adn6H$mergeProps} from [32m"react-aria/mergeProps"[37m;
        ╵                                               [32m~~~~~~~~~~~~~~~~~~~~~~~[0m

  The module "./dist/exports/mergeProps.mjs" was not found on the file system:

    node_modules/.pnpm/node_modules/react-aria/package.json:30:16:
[37m      30 │       "import": [32m"./dist/exports/*.mjs"[37m,
         ╵                 [32m~~~~~~~~~~~~~~~~~~~~~~[0m

  You can mark the path "react-aria/mergeProps" as external to exclude it from the bundle, which will remove this error and leave the unresolved path in the bundle.


[31mX [41;31m[[41;97mERROR[41;31m][0m [1mCould not resolve "react-aria/private/utils/useLayoutEffect"[0m

    node_modules/.pnpm/react-aria-components@1.21._b5cfd5b3f7fdf12844df94706b6190db/node_modules/react-aria-components/dist/private/SharedElementTransition.mjs:4:56:
[37m      4 │ ...0$useLayoutEffect} from [32m"react-aria/private/utils/useLayoutEffect"[37m;
        ╵                            [32m~~~~~~~~~~~~~~~~~~~~~~~~~~~~~~~~~~~~~~~~~~[0m

  The module "./dist/exports/private/utils/useLayoutEffect.mjs" was not found on the file system:

    node_modules/.pnpm/node_modules/react-aria/package.json:30:16:
[37m      30 │       "import": [32m"./dist/exports/*.mjs"[37m,
         ╵                 [32m~~~~~~~~~~~~~~~~~~~~~~[0m

  You can mark the path "react-aria/private/utils/useLayoutEffect" as external to exclude it from the bundle, which will remove this error and leave the unresolved path in the bundle.


[31mX [41;31m[[41;97mERROR[41;31m][0m [1mCould not resolve "react-aria/useObjectRef"[0m

    node_modules/.pnpm/react-aria-components@1.21._b5cfd5b3f7fdf12844df94706b6190db/node_modules/react-aria-components/dist/private/SharedElementTransition.mjs:5:50:
[37m      5 │ ...seObjectRef as $3Lq00$useObjectRef} from [32m"react-aria/useObjectRef"[37m;
        ╵                                             [32m~~~~~~~~~~~~~~~~~~~~~~~~~[0m

  The module "./dist/exports/useObjectRef.mjs" was not found on the file system:

    node_modules/.pnpm/node_modules/react-aria/package.json:30:16:
[37m      30 │       "import": [32m"./dist/exports/*.mjs"[37m,
         ╵                 [32m~~~~~~~~~~~~~~~~~~~~~~[0m

  You can mark the path "react-aria/useObjectRef" as external to exclude it from the bundle, which will remove this error and leave the unresolved path in the bundle.


[31mX [41;31m[[41;97mERROR[41;31m][0m [1mCould not resolve "react-aria/useSlider"[0m

    node_modules/.pnpm/react-aria-components@1.21._b5cfd5b3f7fdf12844df94706b6190db/node_modules/react-aria-components/dist/private/Slider.mjs:3:85:
[37m      3 │ ...eSliderThumb as $270k0$useSliderThumb} from [32m"react-aria/useSlider"[37m;
        ╵                                                [32m~~~~~~~~~~~~~~~~~~~~~~[0m

  The module "./dist/exports/useSlider.mjs" was not found on the file system:

    node_modules/.pnpm/node_modules/react-aria/package.json:30:16:
[37m      30 │       "import": [32m"./dist/exports/*.mjs"[37m,
         ╵                 [32m~~~~~~~~~~~~~~~~~~~~~~[0m

  You can mark the path "react-aria/useSlider" as external to exclude it from the bundle, which will remove this error and leave the unresolved path in the bundle.


[31mX [41;31m[[41;97mERROR[41;31m][0m [1mCould not resolve "react-aria/filterDOMProps"[0m

    node_modules/.pnpm/react-aria-components@1.21._b5cfd5b3f7fdf12844df94706b6190db/node_modules/react-aria-components/dist/private/Slider.mjs:5:54:
[37m      5 │ ...OMProps as $270k0$filterDOMProps} from [32m"react-aria/filterDOMProps"[37m;
        ╵                                           [32m~~~~~~~~~~~~~~~~~~~~~~~~~~~[0m

  The module "./dist/exports/filterDOMProps.mjs" was not found on the file system:

    node_modules/.pnpm/node_modules/react-aria/package.json:30:16:
[37m      30 │       "import": [32m"./dist/exports/*.mjs"[37m,
         ╵                 [32m~~~~~~~~~~~~~~~~~~~~~~[0m

  You can mark the path "react-aria/filterDOMProps" as external to exclude it from the bundle, which will remove this error and leave the unresolved path in the bundle.


[31mX [41;31m[[41;97mERROR[41;31m][0m [1mCould not resolve "react-aria/mergeProps"[0m

    node_modules/.pnpm/react-aria-components@1.21._b5cfd5b3f7fdf12844df94706b6190db/node_modules/react-aria-components/dist/private/Slider.mjs:6:46:
[37m      6 │ import {mergeProps as $270k0$mergeProps} from [32m"react-aria/mergeProps"[37m;
        ╵                                               [32m~~~~~~~~~~~~~~~~~~~~~~~[0m

  The module "./dist/exports/mergeProps.mjs" was not found on the file system:

    node_modules/.pnpm/node_modules/react-aria/package.json:30:16:
[37m      30 │       "import": [32m"./dist/exports/*.mjs"[37m,
         ╵                 [32m~~~~~~~~~~~~~~~~~~~~~~[0m

  You can mark the path "react-aria/mergeProps" as external to exclude it from the bundle, which will remove this error and leave the unresolved path in the bundle.


[31mX [41;31m[[41;97mERROR[41;31m][0m [1mCould not resolve "react-aria/useFocusRing"[0m

    node_modules/.pnpm/react-aria-components@1.21._b5cfd5b3f7fdf12844df94706b6190db/node_modules/react-aria-components/dist/private/Slider.mjs:9:50:
[37m      9 │ ...seFocusRing as $270k0$useFocusRing} from [32m"react-aria/useFocusRing"[37m;
        ╵                                             [32m~~~~~~~~~~~~~~~~~~~~~~~~~[0m

  The module "./dist/exports/useFocusRing.mjs" was not found on the file system:

    node_modules/.pnpm/node_modules/react-aria/package.json:30:16:
[37m      30 │       "import": [32m"./dist/exports/*.mjs"[37m,
         ╵                 [32m~~~~~~~~~~~~~~~~~~~~~~[0m

  You can mark the path "react-aria/useFocusRing" as external to exclude it from the bundle, which will remove this error and leave the unresolved path in the bundle.


[31mX [41;31m[[41;97mERROR[41;31m][0m [1mCould not resolve "react-aria/useHover"[0m

    node_modules/.pnpm/react-aria-components@1.21._b5cfd5b3f7fdf12844df94706b6190db/node_modules/react-aria-components/dist/private/Slider.mjs:10:42:
[37m      10 │ import {useHover as $270k0$useHover} from [32m"react-aria/useHover"[37m;
         ╵                                           [32m~~~~~~~~~~~~~~~~~~~~~[0m

  The module "./dist/exports/useHover.mjs" was not found on the file system:

    node_modules/.pnpm/node_modules/react-aria/package.json:30:16:
[37m      30 │       "import": [32m"./dist/exports/*.mjs"[37m,
         ╵                 [32m~~~~~~~~~~~~~~~~~~~~~~[0m

  You can mark the path "react-aria/useHover" as external to exclude it from the bundle, which will remove this error and leave the unresolved path in the bundle.


[31mX [41;31m[[41;97mERROR[41;31m][0m [1mCould not resolve "react-aria/useNumberFormatter"[0m

    node_modules/.pnpm/react-aria-components@1.21._b5cfd5b3f7fdf12844df94706b6190db/node_modules/react-aria-components/dist/private/Slider.mjs:11:62:
[37m      11 │ ...s $270k0$useNumberFormatter} from [32m"react-aria/useNumberFormatter"[37m;
         ╵                                      [32m~~~~~~~~~~~~~~~~~~~~~~~~~~~~~~~[0m

  The module "./dist/exports/useNumberFormatter.mjs" was not found on the file system:

    node_modules/.pnpm/node_modules/react-aria/package.json:30:16:
[37m      30 │       "import": [32m"./dist/exports/*.mjs"[37m,
         ╵                 [32m~~~~~~~~~~~~~~~~~~~~~~[0m

  You can mark the path "react-aria/useNumberFormatter" as external to exclude it from the bundle, which will remove this error and leave the unresolved path in the bundle.


[31mX [41;31m[[41;97mERROR[41;31m][0m [1mCould not resolve "react-aria/VisuallyHidden"[0m

    node_modules/.pnpm/react-aria-components@1.21._b5cfd5b3f7fdf12844df94706b6190db/node_modules/react-aria-components/dist/private/Slider.mjs:12:54:
[37m      12 │ ...Hidden as $270k0$VisuallyHidden} from [32m"react-aria/VisuallyHidden"[37m;
         ╵                                          [32m~~~~~~~~~~~~~~~~~~~~~~~~~~~[0m

  The module "./dist/exports/VisuallyHidden.mjs" was not found on the file system:

    node_modules/.pnpm/node_modules/react-aria/package.json:30:16:
[37m      30 │       "import": [32m"./dist/exports/*.mjs"[37m,
         ╵                 [32m~~~~~~~~~~~~~~~~~~~~~~[0m

  You can mark the path "react-aria/VisuallyHidden" as external to exclude it from the bundle, which will remove this error and leave the unresolved path in the bundle.


[31mX [41;31m[[41;97mERROR[41;31m][0m [1mCould not resolve "react-aria/useSwitch"[0m

    node_modules/.pnpm/react-aria-components@1.21._b5cfd5b3f7fdf12844df94706b6190db/node_modules/react-aria-components/dist/private/Switch.mjs:5:44:
[37m      5 │ import {useSwitch as $kf3DM$useSwitch} from [32m"react-aria/useSwitch"[37m;
        ╵                                             [32m~~~~~~~~~~~~~~~~~~~~~~[0m

  The module "./dist/exports/useSwitch.mjs" was not found on the file system:

    node_modules/.pnpm/node_modules/react-aria/package.json:30:16:
[37m      30 │       "import": [32m"./dist/exports/*.mjs"[37m,
         ╵                 [32m~~~~~~~~~~~~~~~~~~~~~~[0m

  You can mark the path "react-aria/useSwitch" as external to exclude it from the bundle, which will remove this error and leave the unresolved path in the bundle.


[31mX [41;31m[[41;97mERROR[41;31m][0m [1mCould not resolve "react-aria/filterDOMProps"[0m

    node_modules/.pnpm/react-aria-components@1.21._b5cfd5b3f7fdf12844df94706b6190db/node_modules/react-aria-components/dist/private/Switch.mjs:6:54:
[37m      6 │ ...OMProps as $kf3DM$filterDOMProps} from [32m"react-aria/filterDOMProps"[37m;
        ╵                                           [32m~~~~~~~~~~~~~~~~~~~~~~~~~~~[0m

  The module "./dist/exports/filterDOMProps.mjs" was not found on the file system:

    node_modules/.pnpm/node_modules/react-aria/package.json:30:16:
[37m      30 │       "import": [32m"./dist/exports/*.mjs"[37m,
         ╵                 [32m~~~~~~~~~~~~~~~~~~~~~~[0m

  You can mark the path "react-aria/filterDOMProps" as external to exclude it from the bundle, which will remove this error and leave the unresolved path in the bundle.


[31mX [41;31m[[41;97mERROR[41;31m][0m [1mCould not resolve "react-aria/mergeProps"[0m

    node_modules/.pnpm/react-aria-components@1.21._b5cfd5b3f7fdf12844df94706b6190db/node_modules/react-aria-components/dist/private/Switch.mjs:7:46:
[37m      7 │ import {mergeProps as $kf3DM$mergeProps} from [32m"react-aria/mergeProps"[37m;
        ╵                                               [32m~~~~~~~~~~~~~~~~~~~~~~~[0m

  The module "./dist/exports/mergeProps.mjs" was not found on the file system:

    node_modules/.pnpm/node_modules/react-aria/package.json:30:16:
[37m      30 │       "import": [32m"./dist/exports/*.mjs"[37m,
         ╵                 [32m~~~~~~~~~~~~~~~~~~~~~~[0m

  You can mark the path "react-aria/mergeProps" as external to exclude it from the bundle, which will remove this error and leave the unresolved path in the bundle.


[31mX [41;31m[[41;97mERROR[41;31m][0m [1mCould not resolve "react-aria/mergeRefs"[0m

    node_modules/.pnpm/react-aria-components@1.21._b5cfd5b3f7fdf12844df94706b6190db/node_modules/react-aria-components/dist/private/Switch.mjs:8:44:
[37m      8 │ import {mergeRefs as $kf3DM$mergeRefs} from [32m"react-aria/mergeRefs"[37m;
        ╵                                             [32m~~~~~~~~~~~~~~~~~~~~~~[0m

  The module "./dist/exports/mergeRefs.mjs" was not found on the file system:

    node_modules/.pnpm/node_modules/react-aria/package.json:30:16:
[37m      30 │       "import": [32m"./dist/exports/*.mjs"[37m,
         ╵                 [32m~~~~~~~~~~~~~~~~~~~~~~[0m

  You can mark the path "react-aria/mergeRefs" as external to exclude it from the bundle, which will remove this error and leave the unresolved path in the bundle.


[31mX [41;31m[[41;97mERROR[41;31m][0m [1mCould not resolve "react-aria/useFocusRing"[0m

    node_modules/.pnpm/react-aria-components@1.21._b5cfd5b3f7fdf12844df94706b6190db/node_modules/react-aria-components/dist/private/Switch.mjs:11:50:
[37m      11 │ ...eFocusRing as $kf3DM$useFocusRing} from [32m"react-aria/useFocusRing"[37m;
         ╵                                            [32m~~~~~~~~~~~~~~~~~~~~~~~~~[0m

  The module "./dist/exports/useFocusRing.mjs" was not found on the file system:

    node_modules/.pnpm/node_modules/react-aria/package.json:30:16:
[37m      30 │       "import": [32m"./dist/exports/*.mjs"[37m,
         ╵                 [32m~~~~~~~~~~~~~~~~~~~~~~[0m

  You can mark the path "react-aria/useFocusRing" as external to exclude it from the bundle, which will remove this error and leave the unresolved path in the bundle.


[31mX [41;31m[[41;97mERROR[41;31m][0m [1mCould not resolve "react-aria/useHover"[0m

    node_modules/.pnpm/react-aria-components@1.21._b5cfd5b3f7fdf12844df94706b6190db/node_modules/react-aria-components/dist/private/Switch.mjs:12:42:
[37m      12 │ import {useHover as $kf3DM$useHover} from [32m"react-aria/useHover"[37m;
         ╵                                           [32m~~~~~~~~~~~~~~~~~~~~~[0m

  The module "./dist/exports/useHover.mjs" was not found on the file system:

    node_modules/.pnpm/node_modules/react-aria/package.json:30:16:
[37m      30 │       "import": [32m"./dist/exports/*.mjs"[37m,
         ╵                 [32m~~~~~~~~~~~~~~~~~~~~~~[0m

  You can mark the path "react-aria/useHover" as external to exclude it from the bundle, which will remove this error and leave the unresolved path in the bundle.


[31mX [41;31m[[41;97mERROR[41;31m][0m [1mCould not resolve "react-aria/useObjectRef"[0m

    node_modules/.pnpm/react-aria-components@1.21._b5cfd5b3f7fdf12844df94706b6190db/node_modules/react-aria-components/dist/private/Switch.mjs:13:50:
[37m      13 │ ...eObjectRef as $kf3DM$useObjectRef} from [32m"react-aria/useObjectRef"[37m;
         ╵                                            [32m~~~~~~~~~~~~~~~~~~~~~~~~~[0m

  The module "./dist/exports/useObjectRef.mjs" was not found on the file system:

    node_modules/.pnpm/node_modules/react-aria/package.json:30:16:
[37m      30 │       "import": [32m"./dist/exports/*.mjs"[37m,
         ╵                 [32m~~~~~~~~~~~~~~~~~~~~~~[0m

  You can mark the path "react-aria/useObjectRef" as external to exclude it from the bundle, which will remove this error and leave the unresolved path in the bundle.


[31mX [41;31m[[41;97mERROR[41;31m][0m [1mCould not resolve "react-aria/VisuallyHidden"[0m

    node_modules/.pnpm/react-aria-components@1.21._b5cfd5b3f7fdf12844df94706b6190db/node_modules/react-aria-components/dist/private/Switch.mjs:14:54:
[37m      14 │ ...Hidden as $kf3DM$VisuallyHidden} from [32m"react-aria/VisuallyHidden"[37m;
         ╵                                          [32m~~~~~~~~~~~~~~~~~~~~~~~~~~~[0m

  The module "./dist/exports/VisuallyHidden.mjs" was not found on the file system:

    node_modules/.pnpm/node_modules/react-aria/package.json:30:16:
[37m      30 │       "import": [32m"./dist/exports/*.mjs"[37m,
         ╵                 [32m~~~~~~~~~~~~~~~~~~~~~~[0m

  You can mark the path "react-aria/VisuallyHidden" as external to exclude it from the bundle, which will remove this error and leave the unresolved path in the bundle.


[31mX [41;31m[[41;97mERROR[41;31m][0m [1mCould not resolve "react-aria/private/collections/BaseCollection"[0m

    node_modules/.pnpm/react-aria-components@1.21._b5cfd5b3f7fdf12844df94706b6190db/node_modules/react-aria-components/dist/private/Table.mjs:11:169:
[37m      11 │ ...$LoaderNode} from [32m"react-aria/private/collections/BaseCollection"[37m;
         ╵                      [32m~~~~~~~~~~~~~~~~~~~~~~~~~~~~~~~~~~~~~~~~~~~~~~~[0m

  The module "./dist/exports/private/collections/BaseCollection.mjs" was not found on the file system:

    node_modules/.pnpm/node_modules/react-aria/package.json:30:16:
[37m      30 │       "import": [32m"./dist/exports/*.mjs"[37m,
         ╵                 [32m~~~~~~~~~~~~~~~~~~~~~~[0m

  You can mark the path "react-aria/private/collections/BaseCollection" as external to exclude it from the bundle, which will remove this error and leave the unresolved path in the bundle.


[31mX [41;31m[[41;97mERROR[41;31m][0m [1mCould not resolve "react-aria/Collection"[0m

    node_modules/.pnpm/react-aria-components@1.21._b5cfd5b3f7fdf12844df94706b6190db/node_modules/react-aria-components/dist/private/Table.mjs:13:46:
[37m      13 │ ...rt {Collection as $8WNJc$Collection} from [32m"react-aria/Collection"[37m;
         ╵                                              [32m~~~~~~~~~~~~~~~~~~~~~~~[0m

  The module "./dist/exports/Collection.mjs" was not found on the file system:

    node_modules/.pnpm/node_modules/react-aria/package.json:30:16:
[37m      30 │       "import": [32m"./dist/exports/*.mjs"[37m,
         ╵                 [32m~~~~~~~~~~~~~~~~~~~~~~[0m

  You can mark the path "react-aria/Collection" as external to exclude it from the bundle, which will remove this error and leave the unresolved path in the bundle.


[31mX [41;31m[[41;97mERROR[41;31m][0m [1mCould not resolve "react-aria/CollectionBuilder"[0m

    node_modules/.pnpm/react-aria-components@1.21._b5cfd5b3f7fdf12844df94706b6190db/node_modules/react-aria-components/dist/private/Table.mjs:14:166:
[37m      14 │ ...s $8WNJc$createLeafComponent} from [32m"react-aria/CollectionBuilder"[37m;
         ╵                                       [32m~~~~~~~~~~~~~~~~~~~~~~~~~~~~~~[0m

  The module "./dist/exports/CollectionBuilder.mjs" was not found on the file system:

    node_modules/.pnpm/node_modules/react-aria/package.json:30:16:
[37m      30 │       "import": [32m"./dist/exports/*.mjs"[37m,
         ╵                 [32m~~~~~~~~~~~~~~~~~~~~~~[0m

  You can mark the path "react-aria/CollectionBuilder" as external to exclude it from the bundle, which will remove this error and leave the unresolved path in the bundle.


[31mX [41;31m[[41;97mERROR[41;31m][0m [1mCould not resolve "react-aria/filterDOMProps"[0m

    node_modules/.pnpm/react-aria-components@1.21._b5cfd5b3f7fdf12844df94706b6190db/node_modules/react-aria-components/dist/private/Table.mjs:15:54:
[37m      15 │ ...MProps as $8WNJc$filterDOMProps} from [32m"react-aria/filterDOMProps"[37m;
         ╵                                          [32m~~~~~~~~~~~~~~~~~~~~~~~~~~~[0m

  The module "./dist/exports/filterDOMProps.mjs" was not found on the file system:

    node_modules/.pnpm/node_modules/react-aria/package.json:30:16:
[37m      30 │       "import": [32m"./dist/exports/*.mjs"[37m,
         ╵                 [32m~~~~~~~~~~~~~~~~~~~~~~[0m

  You can mark the path "react-aria/filterDOMProps" as external to exclude it from the bundle, which will remove this error and leave the unresolved path in the bundle.


[31mX [41;31m[[41;97mERROR[41;31m][0m [1mCould not resolve "react-aria/FocusScope"[0m

    node_modules/.pnpm/react-aria-components@1.21._b5cfd5b3f7fdf12844df94706b6190db/node_modules/react-aria-components/dist/private/Table.mjs:16:46:
[37m      16 │ ...rt {FocusScope as $8WNJc$FocusScope} from [32m"react-aria/FocusScope"[37m;
         ╵                                              [32m~~~~~~~~~~~~~~~~~~~~~~~[0m

  The module "./dist/exports/FocusScope.mjs" was not found on the file system:

    node_modules/.pnpm/node_modules/react-aria/package.json:30:16:
[37m      30 │       "import": [32m"./dist/exports/*.mjs"[37m,
         ╵                 [32m~~~~~~~~~~~~~~~~~~~~~~[0m

  You can mark the path "react-aria/FocusScope" as external to exclude it from the bundle, which will remove this error and leave the unresolved path in the bundle.


[31mX [41;31m[[41;97mERROR[41;31m][0m [1mCould not resolve "react-aria/private/utils/inertValue"[0m

    node_modules/.pnpm/react-aria-components@1.21._b5cfd5b3f7fdf12844df94706b6190db/node_modules/react-aria-components/dist/private/Table.mjs:17:46:
[37m      17 │ ... as $8WNJc$inertValue} from [32m"react-aria/private/utils/inertValue"[37m;
         ╵                                [32m~~~~~~~~~~~~~~~~~~~~~~~~~~~~~~~~~~~~~[0m

  The module "./dist/exports/private/utils/inertValue.mjs" was not found on the file system:

    node_modules/.pnpm/node_modules/react-aria/package.json:30:16:
[37m      30 │       "import": [32m"./dist/exports/*.mjs"[37m,
         ╵                 [32m~~~~~~~~~~~~~~~~~~~~~~[0m

  You can mark the path "react-aria/private/utils/inertValue" as external to exclude it from the bundle, which will remove this error and leave the unresolved path in the bundle.


[31mX [41;31m[[41;97mERROR[41;31m][0m [1mCould not resolve "react-aria/private/utils/isScrollable"[0m

    node_modules/.pnpm/react-aria-components@1.21._b5cfd5b3f7fdf12844df94706b6190db/node_modules/react-aria-components/dist/private/Table.mjs:18:50:
[37m      18 │ ...$8WNJc$isScrollable} from [32m"react-aria/private/utils/isScrollable"[37m;
         ╵                              [32m~~~~~~~~~~~~~~~~~~~~~~~~~~~~~~~~~~~~~~~[0m

  The module "./dist/exports/private/utils/isScrollable.mjs" was not found on the file system:

    node_modules/.pnpm/node_modules/react-aria/package.json:30:16:
[37m      30 │       "import": [32m"./dist/exports/*.mjs"[37m,
         ╵                 [32m~~~~~~~~~~~~~~~~~~~~~~[0m

  You can mark the path "react-aria/private/utils/isScrollable" as external to exclude it from the bundle, which will remove this error and leave the unresolved path in the bundle.


[31mX [41;31m[[41;97mERROR[41;31m][0m [1mCould not resolve "react-aria/ListKeyboardDelegate"[0m

    node_modules/.pnpm/react-aria-components@1.21._b5cfd5b3f7fdf12844df94706b6190db/node_modules/react-aria-components/dist/private/Table.mjs:19:66:
[37m      19 │ ...WNJc$ListKeyboardDelegate} from [32m"react-aria/ListKeyboardDelegate"[37m;
         ╵                                    [32m~~~~~~~~~~~~~~~~~~~~~~~~~~~~~~~~~[0m

  The module "./dist/exports/ListKeyboardDelegate.mjs" was not found on the file system:

    node_modules/.pnpm/node_modules/react-aria/package.json:30:16:
[37m      30 │       "import": [32m"./dist/exports/*.mjs"[37m,
         ╵                 [32m~~~~~~~~~~~~~~~~~~~~~~[0m

  You can mark the path "react-aria/ListKeyboardDelegate" as external to exclude it from the bundle, which will remove this error and leave the unresolved path in the bundle.


[31mX [41;31m[[41;97mERROR[41;31m][0m [1mCould not resolve "react-aria/private/utils/useLoadMoreSentinel"[0m

    node_modules/.pnpm/react-aria-components@1.21._b5cfd5b3f7fdf12844df94706b6190db/node_modules/react-aria-components/dist/private/Table.mjs:20:64:
[37m      20 │ ...MoreSentinel} from [32m"react-aria/private/utils/useLoadMoreSentinel"[37m;
         ╵                       [32m~~~~~~~~~~~~~~~~~~~~~~~~~~~~~~~~~~~~~~~~~~~~~~[0m

  The module "./dist/exports/private/utils/useLoadMoreSentinel.mjs" was not found on the file system:

    node_modules/.pnpm/node_modules/react-aria/package.json:30:16:
[37m      30 │       "import": [32m"./dist/exports/*.mjs"[37m,
         ╵                 [32m~~~~~~~~~~~~~~~~~~~~~~[0m

  You can mark the path "react-aria/private/utils/useLoadMoreSentinel" as external to exclude it from the bundle, which will remove this error and leave the unresolved path in the bundle.


[31mX [41;31m[[41;97mERROR[41;31m][0m [1mCould not resolve "react-aria/mergeProps"[0m

    node_modules/.pnpm/react-aria-components@1.21._b5cfd5b3f7fdf12844df94706b6190db/node_modules/react-aria-components/dist/private/Table.mjs:21:46:
[37m      21 │ ...rt {mergeProps as $8WNJc$mergeProps} from [32m"react-aria/mergeProps"[37m;
         ╵                                              [32m~~~~~~~~~~~~~~~~~~~~~~~[0m

  The module "./dist/exports/mergeProps.mjs" was not found on the file system:

    node_modules/.pnpm/node_modules/react-aria/package.json:30:16:
[37m      30 │       "import": [32m"./dist/exports/*.mjs"[37m,
         ╵                 [32m~~~~~~~~~~~~~~~~~~~~~~[0m

  You can mark the path "react-aria/mergeProps" as external to exclude it from the bundle, which will remove this error and leave the unresolved path in the bundle.


[31mX [41;31m[[41;97mERROR[41;31m][0m [1mCould not resolve "react-aria/mergeRefs"[0m

    node_modules/.pnpm/react-aria-components@1.21._b5cfd5b3f7fdf12844df94706b6190db/node_modules/react-aria-components/dist/private/Table.mjs:22:44:
[37m      22 │ import {mergeRefs as $8WNJc$mergeRefs} from [32m"react-aria/mergeRefs"[37m;
         ╵                                             [32m~~~~~~~~~~~~~~~~~~~~~~[0m

  The module "./dist/exports/mergeRefs.mjs" was not found on the file system:

    node_modules/.pnpm/node_modules/react-aria/package.json:30:16:
[37m      30 │       "import": [32m"./dist/exports/*.mjs"[37m,
         ╵                 [32m~~~~~~~~~~~~~~~~~~~~~~[0m

  You can mark the path "react-aria/mergeRefs" as external to exclude it from the bundle, which will remove this error and leave the unresolved path in the bundle.


[31mX [41;31m[[41;97mERROR[41;31m][0m [1mCould not resolve "react-aria/private/collections/useCachedChildren"[0m

    node_modules/.pnpm/react-aria-components@1.21._b5cfd5b3f7fdf12844df94706b6190db/node_modules/react-aria-components/dist/private/Table.mjs:26:60:
[37m      26 │ ...Children} from [32m"react-aria/private/collections/useCachedChildren"[37m;
         ╵                   [32m~~~~~~~~~~~~~~~~~~~~~~~~~~~~~~~~~~~~~~~~~~~~~~~~~~[0m

  The module "./dist/exports/private/collections/useCachedChildren.mjs" was not found on the file system:

    node_modules/.pnpm/node_modules/react-aria/package.json:30:16:
[37m      30 │       "import": [32m"./dist/exports/*.mjs"[37m,
         ╵                 [32m~~~~~~~~~~~~~~~~~~~~~~[0m

  You can mark the path "react-aria/private/collections/useCachedChildren" as external to exclude it from the bundle, which will remove this error and leave the unresolved path in the bundle.


[31mX [41;31m[[41;97mERROR[41;31m][0m [1mCould not resolve "react-aria/useFocusRing"[0m

    node_modules/.pnpm/react-aria-components@1.21._b5cfd5b3f7fdf12844df94706b6190db/node_modules/react-aria-components/dist/private/Table.mjs:28:50:
[37m      28 │ ...eFocusRing as $8WNJc$useFocusRing} from [32m"react-aria/useFocusRing"[37m;
         ╵                                            [32m~~~~~~~~~~~~~~~~~~~~~~~~~[0m

  The module "./dist/exports/useFocusRing.mjs" was not found on the file system:

    node_modules/.pnpm/node_modules/react-aria/package.json:30:16:
[37m      30 │       "import": [32m"./dist/exports/*.mjs"[37m,
         ╵                 [32m~~~~~~~~~~~~~~~~~~~~~~[0m

  You can mark the path "react-aria/useFocusRing" as external to exclude it from the bundle, which will remove this error and leave the unresolved path in the bundle.


[31mX [41;31m[[41;97mERROR[41;31m][0m [1mCould not resolve "react-aria/useHover"[0m

    node_modules/.pnpm/react-aria-components@1.21._b5cfd5b3f7fdf12844df94706b6190db/node_modules/react-aria-components/dist/private/Table.mjs:29:42:
[37m      29 │ import {useHover as $8WNJc$useHover} from [32m"react-aria/useHover"[37m;
         ╵                                           [32m~~~~~~~~~~~~~~~~~~~~~[0m

  The module "./dist/exports/useHover.mjs" was not found on the file system:

    node_modules/.pnpm/node_modules/react-aria/package.json:30:16:
[37m      30 │       "import": [32m"./dist/exports/*.mjs"[37m,
         ╵                 [32m~~~~~~~~~~~~~~~~~~~~~~[0m

  You can mark the path "react-aria/useHover" as external to exclude it from the bundle, which will remove this error and leave the unresolved path in the bundle.


[31mX [41;31m[[41;97mERROR[41;31m][0m [1mCould not resolve "react-aria/private/utils/useLayoutEffect"[0m

    node_modules/.pnpm/react-aria-components@1.21._b5cfd5b3f7fdf12844df94706b6190db/node_modules/react-aria-components/dist/private/Table.mjs:30:56:
[37m      30 │ ...$useLayoutEffect} from [32m"react-aria/private/utils/useLayoutEffect"[37m;
         ╵                           [32m~~~~~~~~~~~~~~~~~~~~~~~~~~~~~~~~~~~~~~~~~~[0m

  The module "./dist/exports/private/utils/useLayoutEffect.mjs" was not found on the file system:

    node_modules/.pnpm/node_modules/react-aria/package.json:30:16:
[37m      30 │       "import": [32m"./dist/exports/*.mjs"[37m,
         ╵                 [32m~~~~~~~~~~~~~~~~~~~~~~[0m

  You can mark the path "react-aria/private/utils/useLayoutEffect" as external to exclude it from the bundle, which will remove this error and leave the unresolved path in the bundle.


[31mX [41;31m[[41;97mERROR[41;31m][0m [1mCould not resolve "react-aria/I18nProvider"[0m

    node_modules/.pnpm/react-aria-components@1.21._b5cfd5b3f7fdf12844df94706b6190db/node_modules/react-aria-components/dist/private/Table.mjs:31:44:
[37m      31 │ ...rt {useLocale as $8WNJc$useLocale} from [32m"react-aria/I18nProvider"[37m;
         ╵                                            [32m~~~~~~~~~~~~~~~~~~~~~~~~~[0m

  The module "./dist/exports/I18nProvider.mjs" was not found on the file system:

    node_modules/.pnpm/node_modules/react-aria/package.json:30:16:
[37m      30 │       "import": [32m"./dist/exports/*.mjs"[37m,
         ╵                 [32m~~~~~~~~~~~~~~~~~~~~~~[0m

  You can mark the path "react-aria/I18nProvider" as external to exclude it from the bundle, which will remove this error and leave the unresolved path in the bundle.


[31mX [41;31m[[41;97mERROR[41;31m][0m [1mCould not resolve "react-aria/useLocalizedStringFormatter"[0m

    node_modules/.pnpm/react-aria-components@1.21._b5cfd5b3f7fdf12844df94706b6190db/node_modules/react-aria-components/dist/private/Table.mjs:32:80:
[37m      32 │ ...zedStringFormatter} from [32m"react-aria/useLocalizedStringFormatter"[37m;
         ╵                             [32m~~~~~~~~~~~~~~~~~~~~~~~~~~~~~~~~~~~~~~~~[0m

  The module "./dist/exports/useLocalizedStringFormatter.mjs" was not found on the file system:

    node_modules/.pnpm/node_modules/react-aria/package.json:30:16:
[37m      30 │       "import": [32m"./dist/exports/*.mjs"[37m,
         ╵                 [32m~~~~~~~~~~~~~~~~~~~~~~[0m

  You can mark the path "react-aria/useLocalizedStringFormatter" as external to exclude it from the bundle, which will remove this error and leave the unresolved path in the bundle.


[31mX [41;31m[[41;97mERROR[41;31m][0m [1mCould not resolve "react-aria/useObjectRef"[0m

    node_modules/.pnpm/react-aria-components@1.21._b5cfd5b3f7fdf12844df94706b6190db/node_modules/react-aria-components/dist/private/Table.mjs:34:50:
[37m      34 │ ...eObjectRef as $8WNJc$useObjectRef} from [32m"react-aria/useObjectRef"[37m;
         ╵                                            [32m~~~~~~~~~~~~~~~~~~~~~~~~~[0m

  The module "./dist/exports/useObjectRef.mjs" was not found on the file system:

    node_modules/.pnpm/node_modules/react-aria/package.json:30:16:
[37m      30 │       "import": [32m"./dist/exports/*.mjs"[37m,
         ╵                 [32m~~~~~~~~~~~~~~~~~~~~~~[0m

  You can mark the path "react-aria/useObjectRef" as external to exclude it from the bundle, which will remove this error and leave the unresolved path in the bundle.


[31mX [41;31m[[41;97mERROR[41;31m][0m [1mCould not resolve "react-aria/private/utils/useResizeObserver"[0m

    node_modules/.pnpm/react-aria-components@1.21._b5cfd5b3f7fdf12844df94706b6190db/node_modules/react-aria-components/dist/private/Table.mjs:35:60:
[37m      35 │ ...ResizeObserver} from [32m"react-aria/private/utils/useResizeObserver"[37m;
         ╵                         [32m~~~~~~~~~~~~~~~~~~~~~~~~~~~~~~~~~~~~~~~~~~~~[0m

  The module "./dist/exports/private/utils/useResizeObserver.mjs" was not found on the file system:

    node_modules/.pnpm/node_modules/react-aria/package.json:30:16:
[37m      30 │       "import": [32m"./dist/exports/*.mjs"[37m,
         ╵                 [32m~~~~~~~~~~~~~~~~~~~~~~[0m

  You can mark the path "react-aria/private/utils/useResizeObserver" as external to exclude it from the bundle, which will remove this error and leave the unresolved path in the bundle.


[31mX [41;31m[[41;97mERROR[41;31m][0m [1mCould not resolve "react-aria/useTable"[0m

    node_modules/.pnpm/react-aria-components@1.21._b5cfd5b3f7fdf12844df94706b6190db/node_modules/react-aria-components/dist/private/Table.mjs:36:438:
[37m      36 │ ..., useTableCell as $8WNJc$useTableCell} from [32m"react-aria/useTable"[37m;
         ╵                                                [32m~~~~~~~~~~~~~~~~~~~~~[0m

  The module "./dist/exports/useTable.mjs" was not found on the file system:

    node_modules/.pnpm/node_modules/react-aria/package.json:30:16:
[37m      30 │       "import": [32m"./dist/exports/*.mjs"[37m,
         ╵                 [32m~~~~~~~~~~~~~~~~~~~~~~[0m

  You can mark the path "react-aria/useTable" as external to exclude it from the bundle, which will remove this error and leave the unresolved path in the bundle.


[31mX [41;31m[[41;97mERROR[41;31m][0m [1mCould not resolve "react-aria/VisuallyHidden"[0m

    node_modules/.pnpm/react-aria-components@1.21._b5cfd5b3f7fdf12844df94706b6190db/node_modules/react-aria-components/dist/private/Table.mjs:37:60:
[37m      37 │ ...den as $8WNJc$useVisuallyHidden} from [32m"react-aria/VisuallyHidden"[37m;
         ╵                                          [32m~~~~~~~~~~~~~~~~~~~~~~~~~~~[0m

  The module "./dist/exports/VisuallyHidden.mjs" was not found on the file system:

    node_modules/.pnpm/node_modules/react-aria/package.json:30:16:
[37m      30 │       "import": [32m"./dist/exports/*.mjs"[37m,
         ╵                 [32m~~~~~~~~~~~~~~~~~~~~~~[0m

  You can mark the path "react-aria/VisuallyHidden" as external to exclude it from the bundle, which will remove this error and leave the unresolved path in the bundle.


[31mX [41;31m[[41;97mERROR[41;31m][0m [1mCould not resolve "react-aria/useTabList"[0m

    node_modules/.pnpm/react-aria-components@1.21._b5cfd5b3f7fdf12844df94706b6190db/node_modules/react-aria-components/dist/private/Tabs.mjs:5:106:
[37m      5 │ ...b, useTabPanel as $4KeVI$useTabPanel} from [32m"react-aria/useTabList"[37m;
        ╵                                               [32m~~~~~~~~~~~~~~~~~~~~~~~[0m

  The module "./dist/exports/useTabList.mjs" was not found on the file system:

    node_modules/.pnpm/node_modules/react-aria/package.json:30:16:
[37m      30 │       "import": [32m"./dist/exports/*.mjs"[37m,
         ╵                 [32m~~~~~~~~~~~~~~~~~~~~~~[0m

  You can mark the path "react-aria/useTabList" as external to exclude it from the bundle, which will remove this error and leave the unresolved path in the bundle.


[31mX [41;31m[[41;97mERROR[41;31m][0m [1mCould not resolve "react-aria/Collection"[0m

    node_modules/.pnpm/react-aria-components@1.21._b5cfd5b3f7fdf12844df94706b6190db/node_modules/react-aria-components/dist/private/Tabs.mjs:6:46:
[37m      6 │ import {Collection as $4KeVI$Collection} from [32m"react-aria/Collection"[37m;
        ╵                                               [32m~~~~~~~~~~~~~~~~~~~~~~~[0m

  The module "./dist/exports/Collection.mjs" was not found on the file system:

    node_modules/.pnpm/node_modules/react-aria/package.json:30:16:
[37m      30 │       "import": [32m"./dist/exports/*.mjs"[37m,
         ╵                 [32m~~~~~~~~~~~~~~~~~~~~~~[0m

  You can mark the path "react-aria/Collection" as external to exclude it from the bundle, which will remove this error and leave the unresolved path in the bundle.


[31mX [41;31m[[41;97mERROR[41;31m][0m [1mCould not resolve "react-aria/CollectionBuilder"[0m

    node_modules/.pnpm/react-aria-components@1.21._b5cfd5b3f7fdf12844df94706b6190db/node_modules/react-aria-components/dist/private/Tabs.mjs:7:111:
[37m      7 │ ...as $4KeVI$createLeafComponent} from [32m"react-aria/CollectionBuilder"[37m;
        ╵                                        [32m~~~~~~~~~~~~~~~~~~~~~~~~~~~~~~[0m

  The module "./dist/exports/CollectionBuilder.mjs" was not found on the file system:

    node_modules/.pnpm/node_modules/react-aria/package.json:30:16:
[37m      30 │       "import": [32m"./dist/exports/*.mjs"[37m,
         ╵                 [32m~~~~~~~~~~~~~~~~~~~~~~[0m

  You can mark the path "react-aria/CollectionBuilder" as external to exclude it from the bundle, which will remove this error and leave the unresolved path in the bundle.


[31mX [41;31m[[41;97mERROR[41;31m][0m [1mCould not resolve "react-aria/private/collections/BaseCollection"[0m

    node_modules/.pnpm/react-aria-components@1.21._b5cfd5b3f7fdf12844df94706b6190db/node_modules/react-aria-components/dist/private/Tabs.mjs:8:54:
[37m      8 │ ...llectionNode} from [32m"react-aria/private/collections/BaseCollection"[37m;
        ╵                       [32m~~~~~~~~~~~~~~~~~~~~~~~~~~~~~~~~~~~~~~~~~~~~~~~[0m

  The module "./dist/exports/private/collections/BaseCollection.mjs" was not found on the file system:

    node_modules/.pnpm/node_modules/react-aria/package.json:30:16:
[37m      30 │       "import": [32m"./dist/exports/*.mjs"[37m,
         ╵                 [32m~~~~~~~~~~~~~~~~~~~~~~[0m

  You can mark the path "react-aria/private/collections/BaseCollection" as external to exclude it from the bundle, which will remove this error and leave the unresolved path in the bundle.


[31mX [41;31m[[41;97mERROR[41;31m][0m [1mCould not resolve "react-aria/private/collections/Hidden"[0m

    node_modules/.pnpm/react-aria-components@1.21._b5cfd5b3f7fdf12844df94706b6190db/node_modules/react-aria-components/dist/private/Tabs.mjs:9:72:
[37m      9 │ ...ateHideableComponent} from [32m"react-aria/private/collections/Hidden"[37m;
        ╵                               [32m~~~~~~~~~~~~~~~~~~~~~~~~~~~~~~~~~~~~~~~[0m

  The module "./dist/exports/private/collections/Hidden.mjs" was not found on the file system:

    node_modules/.pnpm/node_modules/react-aria/package.json:30:16:
[37m      30 │       "import": [32m"./dist/exports/*.mjs"[37m,
         ╵                 [32m~~~~~~~~~~~~~~~~~~~~~~[0m

  You can mark the path "react-aria/private/collections/Hidden" as external to exclude it from the bundle, which will remove this error and leave the unresolved path in the bundle.


[31mX [41;31m[[41;97mERROR[41;31m][0m [1mCould not resolve "react-aria/filterDOMProps"[0m

    node_modules/.pnpm/react-aria-components@1.21._b5cfd5b3f7fdf12844df94706b6190db/node_modules/react-aria-components/dist/private/Tabs.mjs:10:54:
[37m      10 │ ...MProps as $4KeVI$filterDOMProps} from [32m"react-aria/filterDOMProps"[37m;
         ╵                                          [32m~~~~~~~~~~~~~~~~~~~~~~~~~~~[0m

  The module "./dist/exports/filterDOMProps.mjs" was not found on the file system:

    node_modules/.pnpm/node_modules/react-aria/package.json:30:16:
[37m      30 │       "import": [32m"./dist/exports/*.mjs"[37m,
         ╵                 [32m~~~~~~~~~~~~~~~~~~~~~~[0m

  You can mark the path "react-aria/filterDOMProps" as external to exclude it from the bundle, which will remove this error and leave the unresolved path in the bundle.


[31mX [41;31m[[41;97mERROR[41;31m][0m [1mCould not resolve "react-aria/private/utils/inertValue"[0m

    node_modules/.pnpm/react-aria-components@1.21._b5cfd5b3f7fdf12844df94706b6190db/node_modules/react-aria-components/dist/private/Tabs.mjs:11:46:
[37m      11 │ ... as $4KeVI$inertValue} from [32m"react-aria/private/utils/inertValue"[37m;
         ╵                                [32m~~~~~~~~~~~~~~~~~~~~~~~~~~~~~~~~~~~~~[0m

  The module "./dist/exports/private/utils/inertValue.mjs" was not found on the file system:

    node_modules/.pnpm/node_modules/react-aria/package.json:30:16:
[37m      30 │       "import": [32m"./dist/exports/*.mjs"[37m,
         ╵                 [32m~~~~~~~~~~~~~~~~~~~~~~[0m

  You can mark the path "react-aria/private/utils/inertValue" as external to exclude it from the bundle, which will remove this error and leave the unresolved path in the bundle.


[31mX [41;31m[[41;97mERROR[41;31m][0m [1mCould not resolve "react-aria/mergeProps"[0m

    node_modules/.pnpm/react-aria-components@1.21._b5cfd5b3f7fdf12844df94706b6190db/node_modules/react-aria-components/dist/private/Tabs.mjs:12:46:
[37m      12 │ ...rt {mergeProps as $4KeVI$mergeProps} from [32m"react-aria/mergeProps"[37m;
         ╵                                              [32m~~~~~~~~~~~~~~~~~~~~~~~[0m

  The module "./dist/exports/mergeProps.mjs" was not found on the file system:

    node_modules/.pnpm/node_modules/react-aria/package.json:30:16:
[37m      30 │       "import": [32m"./dist/exports/*.mjs"[37m,
         ╵                 [32m~~~~~~~~~~~~~~~~~~~~~~[0m

  You can mark the path "react-aria/mergeProps" as external to exclude it from the bundle, which will remove this error and leave the unresolved path in the bundle.


[31mX [41;31m[[41;97mERROR[41;31m][0m [1mCould not resolve "react-aria/private/utils/animation"[0m

    node_modules/.pnpm/react-aria-components@1.21._b5cfd5b3f7fdf12844df94706b6190db/node_modules/react-aria-components/dist/private/Tabs.mjs:15:105:
[37m      15 │ ...KeVI$useEnterAnimation} from [32m"react-aria/private/utils/animation"[37m;
         ╵                                 [32m~~~~~~~~~~~~~~~~~~~~~~~~~~~~~~~~~~~~[0m

  The module "./dist/exports/private/utils/animation.mjs" was not found on the file system:

    node_modules/.pnpm/node_modules/react-aria/package.json:30:16:
[37m      30 │       "import": [32m"./dist/exports/*.mjs"[37m,
         ╵                 [32m~~~~~~~~~~~~~~~~~~~~~~[0m

  You can mark the path "react-aria/private/utils/animation" as external to exclude it from the bundle, which will remove this error and leave the unresolved path in the bundle.


[31mX [41;31m[[41;97mERROR[41;31m][0m [1mCould not resolve "react-aria/useFocusRing"[0m

    node_modules/.pnpm/react-aria-components@1.21._b5cfd5b3f7fdf12844df94706b6190db/node_modules/react-aria-components/dist/private/Tabs.mjs:16:50:
[37m      16 │ ...eFocusRing as $4KeVI$useFocusRing} from [32m"react-aria/useFocusRing"[37m;
         ╵                                            [32m~~~~~~~~~~~~~~~~~~~~~~~~~[0m

  The module "./dist/exports/useFocusRing.mjs" was not found on the file system:

    node_modules/.pnpm/node_modules/react-aria/package.json:30:16:
[37m      30 │       "import": [32m"./dist/exports/*.mjs"[37m,
         ╵                 [32m~~~~~~~~~~~~~~~~~~~~~~[0m

  You can mark the path "react-aria/useFocusRing" as external to exclude it from the bundle, which will remove this error and leave the unresolved path in the bundle.


[31mX [41;31m[[41;97mERROR[41;31m][0m [1mCould not resolve "react-aria/useHover"[0m

    node_modules/.pnpm/react-aria-components@1.21._b5cfd5b3f7fdf12844df94706b6190db/node_modules/react-aria-components/dist/private/Tabs.mjs:17:42:
[37m      17 │ import {useHover as $4KeVI$useHover} from [32m"react-aria/useHover"[37m;
         ╵                                           [32m~~~~~~~~~~~~~~~~~~~~~[0m

  The module "./dist/exports/useHover.mjs" was not found on the file system:

    node_modules/.pnpm/node_modules/react-aria/package.json:30:16:
[37m      30 │       "import": [32m"./dist/exports/*.mjs"[37m,
         ╵                 [32m~~~~~~~~~~~~~~~~~~~~~~[0m

  You can mark the path "react-aria/useHover" as external to exclude it from the bundle, which will remove this error and leave the unresolved path in the bundle.


[31mX [41;31m[[41;97mERROR[41;31m][0m [1mCould not resolve "react-aria/private/utils/useLayoutEffect"[0m

    node_modules/.pnpm/react-aria-components@1.21._b5cfd5b3f7fdf12844df94706b6190db/node_modules/react-aria-components/dist/private/Tabs.mjs:18:56:
[37m      18 │ ...$useLayoutEffect} from [32m"react-aria/private/utils/useLayoutEffect"[37m;
         ╵                           [32m~~~~~~~~~~~~~~~~~~~~~~~~~~~~~~~~~~~~~~~~~~[0m

  The module "./dist/exports/private/utils/useLayoutEffect.mjs" was not found on the file system:

    node_modules/.pnpm/node_modules/react-aria/package.json:30:16:
[37m      30 │       "import": [32m"./dist/exports/*.mjs"[37m,
         ╵                 [32m~~~~~~~~~~~~~~~~~~~~~~[0m

  You can mark the path "react-aria/private/utils/useLayoutEffect" as external to exclude it from the bundle, which will remove this error and leave the unresolved path in the bundle.


[31mX [41;31m[[41;97mERROR[41;31m][0m [1mCould not resolve "react-aria/useObjectRef"[0m

    node_modules/.pnpm/react-aria-components@1.21._b5cfd5b3f7fdf12844df94706b6190db/node_modules/react-aria-components/dist/private/Tabs.mjs:19:50:
[37m      19 │ ...eObjectRef as $4KeVI$useObjectRef} from [32m"react-aria/useObjectRef"[37m;
         ╵                                            [32m~~~~~~~~~~~~~~~~~~~~~~~~~[0m

  The module "./dist/exports/useObjectRef.mjs" was not found on the file system:

    node_modules/.pnpm/node_modules/react-aria/package.json:30:16:
[37m      30 │       "import": [32m"./dist/exports/*.mjs"[37m,
         ╵                 [32m~~~~~~~~~~~~~~~~~~~~~~[0m

  You can mark the path "react-aria/useObjectRef" as external to exclude it from the bundle, which will remove this error and leave the unresolved path in the bundle.


[31mX [41;31m[[41;97mERROR[41;31m][0m [1mCould not resolve "react-aria/useTagGroup"[0m

    node_modules/.pnpm/react-aria-components@1.21._b5cfd5b3f7fdf12844df94706b6190db/node_modules/react-aria-components/dist/private/TagGroup.mjs:10:73:
[37m      10 │ ...eTagGroup, useTag as $ck0pj$useTag} from [32m"react-aria/useTagGroup"[37m;
         ╵                                             [32m~~~~~~~~~~~~~~~~~~~~~~~~[0m

  The module "./dist/exports/useTagGroup.mjs" was not found on the file system:

    node_modules/.pnpm/node_modules/react-aria/package.json:30:16:
[37m      30 │       "import": [32m"./dist/exports/*.mjs"[37m,
         ╵                 [32m~~~~~~~~~~~~~~~~~~~~~~[0m

  You can mark the path "react-aria/useTagGroup" as external to exclude it from the bundle, which will remove this error and leave the unresolved path in the bundle.


[31mX [41;31m[[41;97mERROR[41;31m][0m [1mCould not resolve "react-aria/Collection"[0m

    node_modules/.pnpm/react-aria-components@1.21._b5cfd5b3f7fdf12844df94706b6190db/node_modules/react-aria-components/dist/private/TagGroup.mjs:11:46:
[37m      11 │ ...rt {Collection as $ck0pj$Collection} from [32m"react-aria/Collection"[37m;
         ╵                                              [32m~~~~~~~~~~~~~~~~~~~~~~~[0m

  The module "./dist/exports/Collection.mjs" was not found on the file system:

    node_modules/.pnpm/node_modules/react-aria/package.json:30:16:
[37m      30 │       "import": [32m"./dist/exports/*.mjs"[37m,
         ╵                 [32m~~~~~~~~~~~~~~~~~~~~~~[0m

  You can mark the path "react-aria/Collection" as external to exclude it from the bundle, which will remove this error and leave the unresolved path in the bundle.


[31mX [41;31m[[41;97mERROR[41;31m][0m [1mCould not resolve "react-aria/CollectionBuilder"[0m

    node_modules/.pnpm/react-aria-components@1.21._b5cfd5b3f7fdf12844df94706b6190db/node_modules/react-aria-components/dist/private/TagGroup.mjs:12:111:
[37m      12 │ ...s $ck0pj$createLeafComponent} from [32m"react-aria/CollectionBuilder"[37m;
         ╵                                       [32m~~~~~~~~~~~~~~~~~~~~~~~~~~~~~~[0m

  The module "./dist/exports/CollectionBuilder.mjs" was not found on the file system:

    node_modules/.pnpm/node_modules/react-aria/package.json:30:16:
[37m      30 │       "import": [32m"./dist/exports/*.mjs"[37m,
         ╵                 [32m~~~~~~~~~~~~~~~~~~~~~~[0m

  You can mark the path "react-aria/CollectionBuilder" as external to exclude it from the bundle, which will remove this error and leave the unresolved path in the bundle.


[31mX [41;31m[[41;97mERROR[41;31m][0m [1mCould not resolve "react-aria/filterDOMProps"[0m

    node_modules/.pnpm/react-aria-components@1.21._b5cfd5b3f7fdf12844df94706b6190db/node_modules/react-aria-components/dist/private/TagGroup.mjs:13:54:
[37m      13 │ ...MProps as $ck0pj$filterDOMProps} from [32m"react-aria/filterDOMProps"[37m;
         ╵                                          [32m~~~~~~~~~~~~~~~~~~~~~~~~~~~[0m

  The module "./dist/exports/filterDOMProps.mjs" was not found on the file system:

    node_modules/.pnpm/node_modules/react-aria/package.json:30:16:
[37m      30 │       "import": [32m"./dist/exports/*.mjs"[37m,
         ╵                 [32m~~~~~~~~~~~~~~~~~~~~~~[0m

  You can mark the path "react-aria/filterDOMProps" as external to exclude it from the bundle, which will remove this error and leave the unresolved path in the bundle.


[31mX [41;31m[[41;97mERROR[41;31m][0m [1mCould not resolve "react-aria/private/collections/BaseCollection"[0m

    node_modules/.pnpm/react-aria-components@1.21._b5cfd5b3f7fdf12844df94706b6190db/node_modules/react-aria-components/dist/private/TagGroup.mjs:14:42:
[37m      14 │ ...pj$ItemNode} from [32m"react-aria/private/collections/BaseCollection"[37m;
         ╵                      [32m~~~~~~~~~~~~~~~~~~~~~~~~~~~~~~~~~~~~~~~~~~~~~~~[0m

  The module "./dist/exports/private/collections/BaseCollection.mjs" was not found on the file system:

    node_modules/.pnpm/node_modules/react-aria/package.json:30:16:
[37m      30 │       "import": [32m"./dist/exports/*.mjs"[37m,
         ╵                 [32m~~~~~~~~~~~~~~~~~~~~~~[0m

  You can mark the path "react-aria/private/collections/BaseCollection" as external to exclude it from the bundle, which will remove this error and leave the unresolved path in the bundle.


[31mX [41;31m[[41;97mERROR[41;31m][0m [1mCould not resolve "react-aria/mergeProps"[0m

    node_modules/.pnpm/react-aria-components@1.21._b5cfd5b3f7fdf12844df94706b6190db/node_modules/react-aria-components/dist/private/TagGroup.mjs:16:46:
[37m      16 │ ...rt {mergeProps as $ck0pj$mergeProps} from [32m"react-aria/mergeProps"[37m;
         ╵                                              [32m~~~~~~~~~~~~~~~~~~~~~~~[0m

  The module "./dist/exports/mergeProps.mjs" was not found on the file system:

    node_modules/.pnpm/node_modules/react-aria/package.json:30:16:
[37m      30 │       "import": [32m"./dist/exports/*.mjs"[37m,
         ╵                 [32m~~~~~~~~~~~~~~~~~~~~~~[0m

  You can mark the path "react-aria/mergeProps" as external to exclude it from the bundle, which will remove this error and leave the unresolved path in the bundle.


[31mX [41;31m[[41;97mERROR[41;31m][0m [1mCould not resolve "react-aria/useFocusRing"[0m

    node_modules/.pnpm/react-aria-components@1.21._b5cfd5b3f7fdf12844df94706b6190db/node_modules/react-aria-components/dist/private/TagGroup.mjs:18:50:
[37m      18 │ ...eFocusRing as $ck0pj$useFocusRing} from [32m"react-aria/useFocusRing"[37m;
         ╵                                            [32m~~~~~~~~~~~~~~~~~~~~~~~~~[0m

  The module "./dist/exports/useFocusRing.mjs" was not found on the file system:

    node_modules/.pnpm/node_modules/react-aria/package.json:30:16:
[37m      30 │       "import": [32m"./dist/exports/*.mjs"[37m,
         ╵                 [32m~~~~~~~~~~~~~~~~~~~~~~[0m

  You can mark the path "react-aria/useFocusRing" as external to exclude it from the bundle, which will remove this error and leave the unresolved path in the bundle.


[31mX [41;31m[[41;97mERROR[41;31m][0m [1mCould not resolve "react-aria/useHover"[0m

    node_modules/.pnpm/react-aria-components@1.21._b5cfd5b3f7fdf12844df94706b6190db/node_modules/react-aria-components/dist/private/TagGroup.mjs:19:42:
[37m      19 │ import {useHover as $ck0pj$useHover} from [32m"react-aria/useHover"[37m;
         ╵                                           [32m~~~~~~~~~~~~~~~~~~~~~[0m

  The module "./dist/exports/useHover.mjs" was not found on the file system:

    node_modules/.pnpm/node_modules/react-aria/package.json:30:16:
[37m      30 │       "import": [32m"./dist/exports/*.mjs"[37m,
         ╵                 [32m~~~~~~~~~~~~~~~~~~~~~~[0m

  You can mark the path "react-aria/useHover" as external to exclude it from the bundle, which will remove this error and leave the unresolved path in the bundle.


[31mX [41;31m[[41;97mERROR[41;31m][0m [1mCould not resolve "react-aria/useObjectRef"[0m

    node_modules/.pnpm/react-aria-components@1.21._b5cfd5b3f7fdf12844df94706b6190db/node_modules/react-aria-components/dist/private/TagGroup.mjs:20:50:
[37m      20 │ ...eObjectRef as $ck0pj$useObjectRef} from [32m"react-aria/useObjectRef"[37m;
         ╵                                            [32m~~~~~~~~~~~~~~~~~~~~~~~~~[0m

  The module "./dist/exports/useObjectRef.mjs" was not found on the file system:

    node_modules/.pnpm/node_modules/react-aria/package.json:30:16:
[37m      30 │       "import": [32m"./dist/exports/*.mjs"[37m,
         ╵                 [32m~~~~~~~~~~~~~~~~~~~~~~[0m

  You can mark the path "react-aria/useObjectRef" as external to exclude it from the bundle, which will remove this error and leave the unresolved path in the bundle.


[31mX [41;31m[[41;97mERROR[41;31m][0m [1mCould not resolve "react-aria/private/collections/Hidden"[0m

    node_modules/.pnpm/react-aria-components@1.21._b5cfd5b3f7fdf12844df94706b6190db/node_modules/react-aria-components/dist/private/Text.mjs:2:72:
[37m      2 │ ...ateHideableComponent} from [32m"react-aria/private/collections/Hidden"[37m;
        ╵                               [32m~~~~~~~~~~~~~~~~~~~~~~~~~~~~~~~~~~~~~~~[0m

  The module "./dist/exports/private/collections/Hidden.mjs" was not found on the file system:

    node_modules/.pnpm/node_modules/react-aria/package.json:30:16:
[37m      30 │       "import": [32m"./dist/exports/*.mjs"[37m,
         ╵                 [32m~~~~~~~~~~~~~~~~~~~~~~[0m

  You can mark the path "react-aria/private/collections/Hidden" as external to exclude it from the bundle, which will remove this error and leave the unresolved path in the bundle.


[31mX [41;31m[[41;97mERROR[41;31m][0m [1mCould not resolve "react-aria/mergeProps"[0m

    node_modules/.pnpm/react-aria-components@1.21._b5cfd5b3f7fdf12844df94706b6190db/node_modules/react-aria-components/dist/private/TextArea.mjs:2:46:
[37m      2 │ import {mergeProps as $8MsPE$mergeProps} from [32m"react-aria/mergeProps"[37m;
        ╵                                               [32m~~~~~~~~~~~~~~~~~~~~~~~[0m

  The module "./dist/exports/mergeProps.mjs" was not found on the file system:

    node_modules/.pnpm/node_modules/react-aria/package.json:30:16:
[37m      30 │       "import": [32m"./dist/exports/*.mjs"[37m,
         ╵                 [32m~~~~~~~~~~~~~~~~~~~~~~[0m

  You can mark the path "react-aria/mergeProps" as external to exclude it from the bundle, which will remove this error and leave the unresolved path in the bundle.


[31mX [41;31m[[41;97mERROR[41;31m][0m [1mCould not resolve "react-aria/useFocusRing"[0m

    node_modules/.pnpm/react-aria-components@1.21._b5cfd5b3f7fdf12844df94706b6190db/node_modules/react-aria-components/dist/private/TextArea.mjs:4:50:
[37m      4 │ ...seFocusRing as $8MsPE$useFocusRing} from [32m"react-aria/useFocusRing"[37m;
        ╵                                             [32m~~~~~~~~~~~~~~~~~~~~~~~~~[0m

  The module "./dist/exports/useFocusRing.mjs" was not found on the file system:

    node_modules/.pnpm/node_modules/react-aria/package.json:30:16:
[37m      30 │       "import": [32m"./dist/exports/*.mjs"[37m,
         ╵                 [32m~~~~~~~~~~~~~~~~~~~~~~[0m

  You can mark the path "react-aria/useFocusRing" as external to exclude it from the bundle, which will remove this error and leave the unresolved path in the bundle.


[31mX [41;31m[[41;97mERROR[41;31m][0m [1mCould not resolve "react-aria/useHover"[0m

    node_modules/.pnpm/react-aria-components@1.21._b5cfd5b3f7fdf12844df94706b6190db/node_modules/react-aria-components/dist/private/TextArea.mjs:5:42:
[37m      5 │ import {useHover as $8MsPE$useHover} from [32m"react-aria/useHover"[37m;
        ╵                                           [32m~~~~~~~~~~~~~~~~~~~~~[0m

  The module "./dist/exports/useHover.mjs" was not found on the file system:

    node_modules/.pnpm/node_modules/react-aria/package.json:30:16:
[37m      30 │       "import": [32m"./dist/exports/*.mjs"[37m,
         ╵                 [32m~~~~~~~~~~~~~~~~~~~~~~[0m

  You can mark the path "react-aria/useHover" as external to exclude it from the bundle, which will remove this error and leave the unresolved path in the bundle.


[31mX [41;31m[[41;97mERROR[41;31m][0m [1mCould not resolve "react-aria/useTextField"[0m

    node_modules/.pnpm/react-aria-components@1.21._b5cfd5b3f7fdf12844df94706b6190db/node_modules/react-aria-components/dist/private/TextField.mjs:10:50:
[37m      10 │ ...eTextField as $hlfBT$useTextField} from [32m"react-aria/useTextField"[37m;
         ╵                                            [32m~~~~~~~~~~~~~~~~~~~~~~~~~[0m

  The module "./dist/exports/useTextField.mjs" was not found on the file system:

    node_modules/.pnpm/node_modules/react-aria/package.json:30:16:
[37m      30 │       "import": [32m"./dist/exports/*.mjs"[37m,
         ╵                 [32m~~~~~~~~~~~~~~~~~~~~~~[0m

  You can mark the path "react-aria/useTextField" as external to exclude it from the bundle, which will remove this error and leave the unresolved path in the bundle.


[31mX [41;31m[[41;97mERROR[41;31m][0m [1mCould not resolve "react-aria/private/collections/Hidden"[0m

    node_modules/.pnpm/react-aria-components@1.21._b5cfd5b3f7fdf12844df94706b6190db/node_modules/react-aria-components/dist/private/TextField.mjs:11:72:
[37m      11 │ ...teHideableComponent} from [32m"react-aria/private/collections/Hidden"[37m;
         ╵                              [32m~~~~~~~~~~~~~~~~~~~~~~~~~~~~~~~~~~~~~~~[0m

  The module "./dist/exports/private/collections/Hidden.mjs" was not found on the file system:

    node_modules/.pnpm/node_modules/react-aria/package.json:30:16:
[37m      30 │       "import": [32m"./dist/exports/*.mjs"[37m,
         ╵                 [32m~~~~~~~~~~~~~~~~~~~~~~[0m

  You can mark the path "react-aria/private/collections/Hidden" as external to exclude it from the bundle, which will remove this error and leave the unresolved path in the bundle.


[31mX [41;31m[[41;97mERROR[41;31m][0m [1mCould not resolve "react-aria/filterDOMProps"[0m

    node_modules/.pnpm/react-aria-components@1.21._b5cfd5b3f7fdf12844df94706b6190db/node_modules/react-aria-components/dist/private/TextField.mjs:12:54:
[37m      12 │ ...MProps as $hlfBT$filterDOMProps} from [32m"react-aria/filterDOMProps"[37m;
         ╵                                          [32m~~~~~~~~~~~~~~~~~~~~~~~~~~~[0m

  The module "./dist/exports/filterDOMProps.mjs" was not found on the file system:

    node_modules/.pnpm/node_modules/react-aria/package.json:30:16:
[37m      30 │       "import": [32m"./dist/exports/*.mjs"[37m,
         ╵                 [32m~~~~~~~~~~~~~~~~~~~~~~[0m

  You can mark the path "react-aria/filterDOMProps" as external to exclude it from the bundle, which will remove this error and leave the unresolved path in the bundle.


[31mX [41;31m[[41;97mERROR[41;31m][0m [1mCould not resolve "react-aria/useToast"[0m

    node_modules/.pnpm/react-aria-components@1.21._b5cfd5b3f7fdf12844df94706b6190db/node_modules/react-aria-components/dist/private/Toast.mjs:4:83:
[37m      4 │ ...astRegion, useToast as $jzto3$useToast} from [32m"react-aria/useToast"[37m;
        ╵                                                 [32m~~~~~~~~~~~~~~~~~~~~~[0m

  The module "./dist/exports/useToast.mjs" was not found on the file system:

    node_modules/.pnpm/node_modules/react-aria/package.json:30:16:
[37m      30 │       "import": [32m"./dist/exports/*.mjs"[37m,
         ╵                 [32m~~~~~~~~~~~~~~~~~~~~~~[0m

  You can mark the path "react-aria/useToast" as external to exclude it from the bundle, which will remove this error and leave the unresolved path in the bundle.


[31mX [41;31m[[41;97mERROR[41;31m][0m [1mCould not resolve "react-aria/filterDOMProps"[0m

    node_modules/.pnpm/react-aria-components@1.21._b5cfd5b3f7fdf12844df94706b6190db/node_modules/react-aria-components/dist/private/Toast.mjs:6:54:
[37m      6 │ ...OMProps as $jzto3$filterDOMProps} from [32m"react-aria/filterDOMProps"[37m;
        ╵                                           [32m~~~~~~~~~~~~~~~~~~~~~~~~~~~[0m

  The module "./dist/exports/filterDOMProps.mjs" was not found on the file system:

    node_modules/.pnpm/node_modules/react-aria/package.json:30:16:
[37m      30 │       "import": [32m"./dist/exports/*.mjs"[37m,
         ╵                 [32m~~~~~~~~~~~~~~~~~~~~~~[0m

  You can mark the path "react-aria/filterDOMProps" as external to exclude it from the bundle, which will remove this error and leave the unresolved path in the bundle.


[31mX [41;31m[[41;97mERROR[41;31m][0m [1mCould not resolve "react-aria/mergeProps"[0m

    node_modules/.pnpm/react-aria-components@1.21._b5cfd5b3f7fdf12844df94706b6190db/node_modules/react-aria-components/dist/private/Toast.mjs:7:46:
[37m      7 │ import {mergeProps as $jzto3$mergeProps} from [32m"react-aria/mergeProps"[37m;
        ╵                                               [32m~~~~~~~~~~~~~~~~~~~~~~~[0m

  The module "./dist/exports/mergeProps.mjs" was not found on the file system:

    node_modules/.pnpm/node_modules/react-aria/package.json:30:16:
[37m      30 │       "import": [32m"./dist/exports/*.mjs"[37m,
         ╵                 [32m~~~~~~~~~~~~~~~~~~~~~~[0m

  You can mark the path "react-aria/mergeProps" as external to exclude it from the bundle, which will remove this error and leave the unresolved path in the bundle.


[31mX [41;31m[[41;97mERROR[41;31m][0m [1mCould not resolve "react-aria/useFocusRing"[0m

    node_modules/.pnpm/react-aria-components@1.21._b5cfd5b3f7fdf12844df94706b6190db/node_modules/react-aria-components/dist/private/Toast.mjs:10:50:
[37m      10 │ ...eFocusRing as $jzto3$useFocusRing} from [32m"react-aria/useFocusRing"[37m;
         ╵                                            [32m~~~~~~~~~~~~~~~~~~~~~~~~~[0m

  The module "./dist/exports/useFocusRing.mjs" was not found on the file system:

    node_modules/.pnpm/node_modules/react-aria/package.json:30:16:
[37m      30 │       "import": [32m"./dist/exports/*.mjs"[37m,
         ╵                 [32m~~~~~~~~~~~~~~~~~~~~~~[0m

  You can mark the path "react-aria/useFocusRing" as external to exclude it from the bundle, which will remove this error and leave the unresolved path in the bundle.


[31mX [41;31m[[41;97mERROR[41;31m][0m [1mCould not resolve "react-aria/useHover"[0m

    node_modules/.pnpm/react-aria-components@1.21._b5cfd5b3f7fdf12844df94706b6190db/node_modules/react-aria-components/dist/private/Toast.mjs:11:42:
[37m      11 │ import {useHover as $jzto3$useHover} from [32m"react-aria/useHover"[37m;
         ╵                                           [32m~~~~~~~~~~~~~~~~~~~~~[0m

  The module "./dist/exports/useHover.mjs" was not found on the file system:

    node_modules/.pnpm/node_modules/react-aria/package.json:30:16:
[37m      30 │       "import": [32m"./dist/exports/*.mjs"[37m,
         ╵                 [32m~~~~~~~~~~~~~~~~~~~~~~[0m

  You can mark the path "react-aria/useHover" as external to exclude it from the bundle, which will remove this error and leave the unresolved path in the bundle.


[31mX [41;31m[[41;97mERROR[41;31m][0m [1mCould not resolve "react-aria/SSRProvider"[0m

    node_modules/.pnpm/react-aria-components@1.21._b5cfd5b3f7fdf12844df94706b6190db/node_modules/react-aria-components/dist/private/Toast.mjs:12:42:
[37m      12 │ import {useIsSSR as $jzto3$useIsSSR} from [32m"react-aria/SSRProvider"[37m;
         ╵                                           [32m~~~~~~~~~~~~~~~~~~~~~~~~[0m

  The module "./dist/exports/SSRProvider.mjs" was not found on the file system:

    node_modules/.pnpm/node_modules/react-aria/package.json:30:16:
[37m      30 │       "import": [32m"./dist/exports/*.mjs"[37m,
         ╵                 [32m~~~~~~~~~~~~~~~~~~~~~~[0m

  You can mark the path "react-aria/SSRProvider" as external to exclude it from the bundle, which will remove this error and leave the unresolved path in the bundle.


[31mX [41;31m[[41;97mERROR[41;31m][0m [1mCould not resolve "react-aria/I18nProvider"[0m

    node_modules/.pnpm/react-aria-components@1.21._b5cfd5b3f7fdf12844df94706b6190db/node_modules/react-aria-components/dist/private/Toast.mjs:13:44:
[37m      13 │ ...rt {useLocale as $jzto3$useLocale} from [32m"react-aria/I18nProvider"[37m;
         ╵                                            [32m~~~~~~~~~~~~~~~~~~~~~~~~~[0m

  The module "./dist/exports/I18nProvider.mjs" was not found on the file system:

    node_modules/.pnpm/node_modules/react-aria/package.json:30:16:
[37m      30 │       "import": [32m"./dist/exports/*.mjs"[37m,
         ╵                 [32m~~~~~~~~~~~~~~~~~~~~~~[0m

  You can mark the path "react-aria/I18nProvider" as external to exclude it from the bundle, which will remove this error and leave the unresolved path in the bundle.


[31mX [41;31m[[41;97mERROR[41;31m][0m [1mCould not resolve "react-aria/useObjectRef"[0m

    node_modules/.pnpm/react-aria-components@1.21._b5cfd5b3f7fdf12844df94706b6190db/node_modules/react-aria-components/dist/private/Toast.mjs:14:50:
[37m      14 │ ...eObjectRef as $jzto3$useObjectRef} from [32m"react-aria/useObjectRef"[37m;
         ╵                                            [32m~~~~~~~~~~~~~~~~~~~~~~~~~[0m

  The module "./dist/exports/useObjectRef.mjs" was not found on the file system:

    node_modules/.pnpm/node_modules/react-aria/package.json:30:16:
[37m      30 │       "import": [32m"./dist/exports/*.mjs"[37m,
         ╵                 [32m~~~~~~~~~~~~~~~~~~~~~~[0m

  You can mark the path "react-aria/useObjectRef" as external to exclude it from the bundle, which will remove this error and leave the unresolved path in the bundle.


[31mX [41;31m[[41;97mERROR[41;31m][0m [1mCould not resolve "react-aria/PortalProvider"[0m

    node_modules/.pnpm/react-aria-components@1.21._b5cfd5b3f7fdf12844df94706b6190db/node_modules/react-aria-components/dist/private/Toast.mjs:15:72:
[37m      15 │ ... $jzto3$useUNSAFE_PortalContext} from [32m"react-aria/PortalProvider"[37m;
         ╵                                          [32m~~~~~~~~~~~~~~~~~~~~~~~~~~~[0m

  The module "./dist/exports/PortalProvider.mjs" was not found on the file system:

    node_modules/.pnpm/node_modules/react-aria/package.json:30:16:
[37m      30 │       "import": [32m"./dist/exports/*.mjs"[37m,
         ╵                 [32m~~~~~~~~~~~~~~~~~~~~~~[0m

  You can mark the path "react-aria/PortalProvider" as external to exclude it from the bundle, which will remove this error and leave the unresolved path in the bundle.


[31mX [41;31m[[41;97mERROR[41;31m][0m [1mCould not resolve "react-aria/useToggleButton"[0m

    node_modules/.pnpm/react-aria-components@1.21._b5cfd5b3f7fdf12844df94706b6190db/node_modules/react-aria-components/dist/private/ToggleButton.mjs:4:56:
[37m      4 │ ...utton as $2YxXO$useToggleButton} from [32m"react-aria/useToggleButton"[37m;
        ╵                                          [32m~~~~~~~~~~~~~~~~~~~~~~~~~~~~[0m

  The module "./dist/exports/useToggleButton.mjs" was not found on the file system:

    node_modules/.pnpm/node_modules/react-aria/package.json:30:16:
[37m      30 │       "import": [32m"./dist/exports/*.mjs"[37m,
         ╵                 [32m~~~~~~~~~~~~~~~~~~~~~~[0m

  You can mark the path "react-aria/useToggleButton" as external to exclude it from the bundle, which will remove this error and leave the unresolved path in the bundle.


[31mX [41;31m[[41;97mERROR[41;31m][0m [1mCould not resolve "react-aria/filterDOMProps"[0m

    node_modules/.pnpm/react-aria-components@1.21._b5cfd5b3f7fdf12844df94706b6190db/node_modules/react-aria-components/dist/private/ToggleButton.mjs:5:54:
[37m      5 │ ...OMProps as $2YxXO$filterDOMProps} from [32m"react-aria/filterDOMProps"[37m;
        ╵                                           [32m~~~~~~~~~~~~~~~~~~~~~~~~~~~[0m

  The module "./dist/exports/filterDOMProps.mjs" was not found on the file system:

    node_modules/.pnpm/node_modules/react-aria/package.json:30:16:
[37m      30 │       "import": [32m"./dist/exports/*.mjs"[37m,
         ╵                 [32m~~~~~~~~~~~~~~~~~~~~~~[0m

  You can mark the path "react-aria/filterDOMProps" as external to exclude it from the bundle, which will remove this error and leave the unresolved path in the bundle.


[31mX [41;31m[[41;97mERROR[41;31m][0m [1mCould not resolve "react-aria/mergeProps"[0m

    node_modules/.pnpm/react-aria-components@1.21._b5cfd5b3f7fdf12844df94706b6190db/node_modules/react-aria-components/dist/private/ToggleButton.mjs:6:46:
[37m      6 │ import {mergeProps as $2YxXO$mergeProps} from [32m"react-aria/mergeProps"[37m;
        ╵                                               [32m~~~~~~~~~~~~~~~~~~~~~~~[0m

  The module "./dist/exports/mergeProps.mjs" was not found on the file system:

    node_modules/.pnpm/node_modules/react-aria/package.json:30:16:
[37m      30 │       "import": [32m"./dist/exports/*.mjs"[37m,
         ╵                 [32m~~~~~~~~~~~~~~~~~~~~~~[0m

  You can mark the path "react-aria/mergeProps" as external to exclude it from the bundle, which will remove this error and leave the unresolved path in the bundle.


[31mX [41;31m[[41;97mERROR[41;31m][0m [1mCould not resolve "react-aria/useFocusRing"[0m

    node_modules/.pnpm/react-aria-components@1.21._b5cfd5b3f7fdf12844df94706b6190db/node_modules/react-aria-components/dist/private/ToggleButton.mjs:9:50:
[37m      9 │ ...seFocusRing as $2YxXO$useFocusRing} from [32m"react-aria/useFocusRing"[37m;
        ╵                                             [32m~~~~~~~~~~~~~~~~~~~~~~~~~[0m

  The module "./dist/exports/useFocusRing.mjs" was not found on the file system:

    node_modules/.pnpm/node_modules/react-aria/package.json:30:16:
[37m      30 │       "import": [32m"./dist/exports/*.mjs"[37m,
         ╵                 [32m~~~~~~~~~~~~~~~~~~~~~~[0m

  You can mark the path "react-aria/useFocusRing" as external to exclude it from the bundle, which will remove this error and leave the unresolved path in the bundle.


[31mX [41;31m[[41;97mERROR[41;31m][0m [1mCould not resolve "react-aria/useHover"[0m

    node_modules/.pnpm/react-aria-components@1.21._b5cfd5b3f7fdf12844df94706b6190db/node_modules/react-aria-components/dist/private/ToggleButton.mjs:10:42:
[37m      10 │ import {useHover as $2YxXO$useHover} from [32m"react-aria/useHover"[37m;
         ╵                                           [32m~~~~~~~~~~~~~~~~~~~~~[0m

  The module "./dist/exports/useHover.mjs" was not found on the file system:

    node_modules/.pnpm/node_modules/react-aria/package.json:30:16:
[37m      30 │       "import": [32m"./dist/exports/*.mjs"[37m,
         ╵                 [32m~~~~~~~~~~~~~~~~~~~~~~[0m

  You can mark the path "react-aria/useHover" as external to exclude it from the bundle, which will remove this error and leave the unresolved path in the bundle.


[31mX [41;31m[[41;97mERROR[41;31m][0m [1mCould not resolve "react-aria/useToggleButtonGroup"[0m

    node_modules/.pnpm/react-aria-components@1.21._b5cfd5b3f7fdf12844df94706b6190db/node_modules/react-aria-components/dist/private/ToggleButton.mjs:11:74:
[37m      11 │ ...$useToggleButtonGroupItem} from [32m"react-aria/useToggleButtonGroup"[37m;
         ╵                                    [32m~~~~~~~~~~~~~~~~~~~~~~~~~~~~~~~~~[0m

  The module "./dist/exports/useToggleButtonGroup.mjs" was not found on the file system:

    node_modules/.pnpm/node_modules/react-aria/package.json:30:16:
[37m      30 │       "import": [32m"./dist/exports/*.mjs"[37m,
         ╵                 [32m~~~~~~~~~~~~~~~~~~~~~~[0m

  You can mark the path "react-aria/useToggleButtonGroup" as external to exclude it from the bundle, which will remove this error and leave the unresolved path in the bundle.


[31mX [41;31m[[41;97mERROR[41;31m][0m [1mCould not resolve "react-aria/useToggleButtonGroup"[0m

    node_modules/.pnpm/react-aria-components@1.21._b5cfd5b3f7fdf12844df94706b6190db/node_modules/react-aria-components/dist/private/ToggleButtonGroup.mjs:3:66:
[37m      3 │ ...9mIod$useToggleButtonGroup} from [32m"react-aria/useToggleButtonGroup"[37m;
        ╵                                     [32m~~~~~~~~~~~~~~~~~~~~~~~~~~~~~~~~~[0m

  The module "./dist/exports/useToggleButtonGroup.mjs" was not found on the file system:

    node_modules/.pnpm/node_modules/react-aria/package.json:30:16:
[37m      30 │       "import": [32m"./dist/exports/*.mjs"[37m,
         ╵                 [32m~~~~~~~~~~~~~~~~~~~~~~[0m

  You can mark the path "react-aria/useToggleButtonGroup" as external to exclude it from the bundle, which will remove this error and leave the unresolved path in the bundle.


[31mX [41;31m[[41;97mERROR[41;31m][0m [1mCould not resolve "react-aria/filterDOMProps"[0m

    node_modules/.pnpm/react-aria-components@1.21._b5cfd5b3f7fdf12844df94706b6190db/node_modules/react-aria-components/dist/private/ToggleButtonGroup.mjs:4:54:
[37m      4 │ ...OMProps as $9mIod$filterDOMProps} from [32m"react-aria/filterDOMProps"[37m;
        ╵                                           [32m~~~~~~~~~~~~~~~~~~~~~~~~~~~[0m

  The module "./dist/exports/filterDOMProps.mjs" was not found on the file system:

    node_modules/.pnpm/node_modules/react-aria/package.json:30:16:
[37m      30 │       "import": [32m"./dist/exports/*.mjs"[37m,
         ╵                 [32m~~~~~~~~~~~~~~~~~~~~~~[0m

  You can mark the path "react-aria/filterDOMProps" as external to exclude it from the bundle, which will remove this error and leave the unresolved path in the bundle.


[31mX [41;31m[[41;97mERROR[41;31m][0m [1mCould not resolve "react-aria/mergeProps"[0m

    node_modules/.pnpm/react-aria-components@1.21._b5cfd5b3f7fdf12844df94706b6190db/node_modules/react-aria-components/dist/private/ToggleButtonGroup.mjs:5:46:
[37m      5 │ import {mergeProps as $9mIod$mergeProps} from [32m"react-aria/mergeProps"[37m;
        ╵                                               [32m~~~~~~~~~~~~~~~~~~~~~~~[0m

  The module "./dist/exports/mergeProps.mjs" was not found on the file system:

    node_modules/.pnpm/node_modules/react-aria/package.json:30:16:
[37m      30 │       "import": [32m"./dist/exports/*.mjs"[37m,
         ╵                 [32m~~~~~~~~~~~~~~~~~~~~~~[0m

  You can mark the path "react-aria/mergeProps" as external to exclude it from the bundle, which will remove this error and leave the unresolved path in the bundle.


[31mX [41;31m[[41;97mERROR[41;31m][0m [1mCould not resolve "react-aria/private/collections/Hidden"[0m

    node_modules/.pnpm/react-aria-components@1.21._b5cfd5b3f7fdf12844df94706b6190db/node_modules/react-aria-components/dist/private/TokenField.mjs:5:72:
[37m      5 │ ...ateHideableComponent} from [32m"react-aria/private/collections/Hidden"[37m;
        ╵                               [32m~~~~~~~~~~~~~~~~~~~~~~~~~~~~~~~~~~~~~~~[0m

  The module "./dist/exports/private/collections/Hidden.mjs" was not found on the file system:

    node_modules/.pnpm/node_modules/react-aria/package.json:30:16:
[37m      30 │       "import": [32m"./dist/exports/*.mjs"[37m,
         ╵                 [32m~~~~~~~~~~~~~~~~~~~~~~[0m

  You can mark the path "react-aria/private/collections/Hidden" as external to exclude it from the bundle, which will remove this error and leave the unresolved path in the bundle.


[31mX [41;31m[[41;97mERROR[41;31m][0m [1mCould not resolve "react-aria/filterDOMProps"[0m

    node_modules/.pnpm/react-aria-components@1.21._b5cfd5b3f7fdf12844df94706b6190db/node_modules/react-aria-components/dist/private/TokenField.mjs:6:54:
[37m      6 │ ...OMProps as $iRP3W$filterDOMProps} from [32m"react-aria/filterDOMProps"[37m;
        ╵                                           [32m~~~~~~~~~~~~~~~~~~~~~~~~~~~[0m

  The module "./dist/exports/filterDOMProps.mjs" was not found on the file system:

    node_modules/.pnpm/node_modules/react-aria/package.json:30:16:
[37m      30 │       "import": [32m"./dist/exports/*.mjs"[37m,
         ╵                 [32m~~~~~~~~~~~~~~~~~~~~~~[0m

  You can mark the path "react-aria/filterDOMProps" as external to exclude it from the bundle, which will remove this error and leave the unresolved path in the bundle.


[31mX [41;31m[[41;97mERROR[41;31m][0m [1mCould not resolve "react-aria/useHover"[0m

    node_modules/.pnpm/react-aria-components@1.21._b5cfd5b3f7fdf12844df94706b6190db/node_modules/react-aria-components/dist/private/TokenField.mjs:7:42:
[37m      7 │ import {useHover as $iRP3W$useHover} from [32m"react-aria/useHover"[37m;
        ╵                                           [32m~~~~~~~~~~~~~~~~~~~~~[0m

  The module "./dist/exports/useHover.mjs" was not found on the file system:

    node_modules/.pnpm/node_modules/react-aria/package.json:30:16:
[37m      30 │       "import": [32m"./dist/exports/*.mjs"[37m,
         ╵                 [32m~~~~~~~~~~~~~~~~~~~~~~[0m

  You can mark the path "react-aria/useHover" as external to exclude it from the bundle, which will remove this error and leave the unresolved path in the bundle.


[31mX [41;31m[[41;97mERROR[41;31m][0m [1mCould not resolve "react-aria/private/utils/domHelpers"[0m

    node_modules/.pnpm/react-aria-components@1.21._b5cfd5b3f7fdf12844df94706b6190db/node_modules/react-aria-components/dist/private/TokenField.mjs:8:83:
[37m      8 │ ...as $iRP3W$isShadowRoot} from [32m"react-aria/private/utils/domHelpers"[37m;
        ╵                                 [32m~~~~~~~~~~~~~~~~~~~~~~~~~~~~~~~~~~~~~[0m

  The module "./dist/exports/private/utils/domHelpers.mjs" was not found on the file system:

    node_modules/.pnpm/node_modules/react-aria/package.json:30:16:
[37m      30 │       "import": [32m"./dist/exports/*.mjs"[37m,
         ╵                 [32m~~~~~~~~~~~~~~~~~~~~~~[0m

  You can mark the path "react-aria/private/utils/domHelpers" as external to exclude it from the bundle, which will remove this error and leave the unresolved path in the bundle.


[31mX [41;31m[[41;97mERROR[41;31m][0m [1mCould not resolve "react-aria/mergeProps"[0m

    node_modules/.pnpm/react-aria-components@1.21._b5cfd5b3f7fdf12844df94706b6190db/node_modules/react-aria-components/dist/private/TokenField.mjs:9:46:
[37m      9 │ import {mergeProps as $iRP3W$mergeProps} from [32m"react-aria/mergeProps"[37m;
        ╵                                               [32m~~~~~~~~~~~~~~~~~~~~~~~[0m

  The module "./dist/exports/mergeProps.mjs" was not found on the file system:

    node_modules/.pnpm/node_modules/react-aria/package.json:30:16:
[37m      30 │       "import": [32m"./dist/exports/*.mjs"[37m,
         ╵                 [32m~~~~~~~~~~~~~~~~~~~~~~[0m

  You can mark the path "react-aria/mergeProps" as external to exclude it from the bundle, which will remove this error and leave the unresolved path in the bundle.


[31mX [41;31m[[41;97mERROR[41;31m][0m [1mCould not resolve "react-aria/mergeRefs"[0m

    node_modules/.pnpm/react-aria-components@1.21._b5cfd5b3f7fdf12844df94706b6190db/node_modules/react-aria-components/dist/private/TokenField.mjs:10:44:
[37m      10 │ import {mergeRefs as $iRP3W$mergeRefs} from [32m"react-aria/mergeRefs"[37m;
         ╵                                             [32m~~~~~~~~~~~~~~~~~~~~~~[0m

  The module "./dist/exports/mergeRefs.mjs" was not found on the file system:

    node_modules/.pnpm/node_modules/react-aria/package.json:30:16:
[37m      30 │       "import": [32m"./dist/exports/*.mjs"[37m,
         ╵                 [32m~~~~~~~~~~~~~~~~~~~~~~[0m

  You can mark the path "react-aria/mergeRefs" as external to exclude it from the bundle, which will remove this error and leave the unresolved path in the bundle.


[31mX [41;31m[[41;97mERROR[41;31m][0m [1mCould not resolve "react-aria/useFocusRing"[0m

    node_modules/.pnpm/react-aria-components@1.21._b5cfd5b3f7fdf12844df94706b6190db/node_modules/react-aria-components/dist/private/TokenField.mjs:13:50:
[37m      13 │ ...eFocusRing as $iRP3W$useFocusRing} from [32m"react-aria/useFocusRing"[37m;
         ╵                                            [32m~~~~~~~~~~~~~~~~~~~~~~~~~[0m

  The module "./dist/exports/useFocusRing.mjs" was not found on the file system:

    node_modules/.pnpm/node_modules/react-aria/package.json:30:16:
[37m      30 │       "import": [32m"./dist/exports/*.mjs"[37m,
         ╵                 [32m~~~~~~~~~~~~~~~~~~~~~~[0m

  You can mark the path "react-aria/useFocusRing" as external to exclude it from the bundle, which will remove this error and leave the unresolved path in the bundle.


[31mX [41;31m[[41;97mERROR[41;31m][0m [1mCould not resolve "react-aria/private/utils/useLayoutEffect"[0m

    node_modules/.pnpm/react-aria-components@1.21._b5cfd5b3f7fdf12844df94706b6190db/node_modules/react-aria-components/dist/private/TokenField.mjs:14:56:
[37m      14 │ ...$useLayoutEffect} from [32m"react-aria/private/utils/useLayoutEffect"[37m;
         ╵                           [32m~~~~~~~~~~~~~~~~~~~~~~~~~~~~~~~~~~~~~~~~~~[0m

  The module "./dist/exports/private/utils/useLayoutEffect.mjs" was not found on the file system:

    node_modules/.pnpm/node_modules/react-aria/package.json:30:16:
[37m      30 │       "import": [32m"./dist/exports/*.mjs"[37m,
         ╵                 [32m~~~~~~~~~~~~~~~~~~~~~~[0m

  You can mark the path "react-aria/private/utils/useLayoutEffect" as external to exclude it from the bundle, which will remove this error and leave the unresolved path in the bundle.


[31mX [41;31m[[41;97mERROR[41;31m][0m [1mCould not resolve "react-aria/useObjectRef"[0m

    node_modules/.pnpm/react-aria-components@1.21._b5cfd5b3f7fdf12844df94706b6190db/node_modules/react-aria-components/dist/private/TokenField.mjs:15:50:
[37m      15 │ ...eObjectRef as $iRP3W$useObjectRef} from [32m"react-aria/useObjectRef"[37m;
         ╵                                            [32m~~~~~~~~~~~~~~~~~~~~~~~~~[0m

  The module "./dist/exports/useObjectRef.mjs" was not found on the file system:

    node_modules/.pnpm/node_modules/react-aria/package.json:30:16:
[37m      30 │       "import": [32m"./dist/exports/*.mjs"[37m,
         ╵                 [32m~~~~~~~~~~~~~~~~~~~~~~[0m

  You can mark the path "react-aria/useObjectRef" as external to exclude it from the bundle, which will remove this error and leave the unresolved path in the bundle.


[31mX [41;31m[[41;97mERROR[41;31m][0m [1mCould not resolve "react-aria/useTokenField"[0m

    node_modules/.pnpm/react-aria-components@1.21._b5cfd5b3f7fdf12844df94706b6190db/node_modules/react-aria-components/dist/private/TokenField.mjs:16:81:
[37m      16 │ ...eld, useToken as $iRP3W$useToken} from [32m"react-aria/useTokenField"[37m;
         ╵                                           [32m~~~~~~~~~~~~~~~~~~~~~~~~~~[0m

  The module "./dist/exports/useTokenField.mjs" was not found on the file system:

    node_modules/.pnpm/node_modules/react-aria/package.json:30:16:
[37m      30 │       "import": [32m"./dist/exports/*.mjs"[37m,
         ╵                 [32m~~~~~~~~~~~~~~~~~~~~~~[0m

  You can mark the path "react-aria/useTokenField" as external to exclude it from the bundle, which will remove this error and leave the unresolved path in the bundle.


[31mX [41;31m[[41;97mERROR[41;31m][0m [1mCould not resolve "react-aria/useToolbar"[0m

    node_modules/.pnpm/react-aria-components@1.21._b5cfd5b3f7fdf12844df94706b6190db/node_modules/react-aria-components/dist/private/Toolbar.mjs:2:46:
[37m      2 │ import {useToolbar as $1ohuH$useToolbar} from [32m"react-aria/useToolbar"[37m;
        ╵                                               [32m~~~~~~~~~~~~~~~~~~~~~~~[0m

  The module "./dist/exports/useToolbar.mjs" was not found on the file system:

    node_modules/.pnpm/node_modules/react-aria/package.json:30:16:
[37m      30 │       "import": [32m"./dist/exports/*.mjs"[37m,
         ╵                 [32m~~~~~~~~~~~~~~~~~~~~~~[0m

  You can mark the path "react-aria/useToolbar" as external to exclude it from the bundle, which will remove this error and leave the unresolved path in the bundle.


[31mX [41;31m[[41;97mERROR[41;31m][0m [1mCould not resolve "react-aria/filterDOMProps"[0m

    node_modules/.pnpm/react-aria-components@1.21._b5cfd5b3f7fdf12844df94706b6190db/node_modules/react-aria-components/dist/private/Toolbar.mjs:3:54:
[37m      3 │ ...OMProps as $1ohuH$filterDOMProps} from [32m"react-aria/filterDOMProps"[37m;
        ╵                                           [32m~~~~~~~~~~~~~~~~~~~~~~~~~~~[0m

  The module "./dist/exports/filterDOMProps.mjs" was not found on the file system:

    node_modules/.pnpm/node_modules/react-aria/package.json:30:16:
[37m      30 │       "import": [32m"./dist/exports/*.mjs"[37m,
         ╵                 [32m~~~~~~~~~~~~~~~~~~~~~~[0m

  You can mark the path "react-aria/filterDOMProps" as external to exclude it from the bundle, which will remove this error and leave the unresolved path in the bundle.


[31mX [41;31m[[41;97mERROR[41;31m][0m [1mCould not resolve "react-aria/mergeProps"[0m

    node_modules/.pnpm/react-aria-components@1.21._b5cfd5b3f7fdf12844df94706b6190db/node_modules/react-aria-components/dist/private/Toolbar.mjs:4:46:
[37m      4 │ import {mergeProps as $1ohuH$mergeProps} from [32m"react-aria/mergeProps"[37m;
        ╵                                               [32m~~~~~~~~~~~~~~~~~~~~~~~[0m

  The module "./dist/exports/mergeProps.mjs" was not found on the file system:

    node_modules/.pnpm/node_modules/react-aria/package.json:30:16:
[37m      30 │       "import": [32m"./dist/exports/*.mjs"[37m,
         ╵                 [32m~~~~~~~~~~~~~~~~~~~~~~[0m

  You can mark the path "react-aria/mergeProps" as external to exclude it from the bundle, which will remove this error and leave the unresolved path in the bundle.


[31mX [41;31m[[41;97mERROR[41;31m][0m [1mCould not resolve "react-aria/useOverlayPosition"[0m

    node_modules/.pnpm/react-aria-components@1.21._b5cfd5b3f7fdf12844df94706b6190db/node_modules/react-aria-components/dist/private/Tooltip.mjs:3:62:
[37m      3 │ ...as $4nVq8$useOverlayPosition} from [32m"react-aria/useOverlayPosition"[37m;
        ╵                                       [32m~~~~~~~~~~~~~~~~~~~~~~~~~~~~~~~[0m

  The module "./dist/exports/useOverlayPosition.mjs" was not found on the file system:

    node_modules/.pnpm/node_modules/react-aria/package.json:30:16:
[37m      30 │       "import": [32m"./dist/exports/*.mjs"[37m,
         ╵                 [32m~~~~~~~~~~~~~~~~~~~~~~[0m

  You can mark the path "react-aria/useOverlayPosition" as external to exclude it from the bundle, which will remove this error and leave the unresolved path in the bundle.


[31mX [41;31m[[41;97mERROR[41;31m][0m [1mCould not resolve "react-aria/filterDOMProps"[0m

    node_modules/.pnpm/react-aria-components@1.21._b5cfd5b3f7fdf12844df94706b6190db/node_modules/react-aria-components/dist/private/Tooltip.mjs:4:54:
[37m      4 │ ...OMProps as $4nVq8$filterDOMProps} from [32m"react-aria/filterDOMProps"[37m;
        ╵                                           [32m~~~~~~~~~~~~~~~~~~~~~~~~~~~[0m

  The module "./dist/exports/filterDOMProps.mjs" was not found on the file system:

    node_modules/.pnpm/node_modules/react-aria/package.json:30:16:
[37m      30 │       "import": [32m"./dist/exports/*.mjs"[37m,
         ╵                 [32m~~~~~~~~~~~~~~~~~~~~~~[0m

  You can mark the path "react-aria/filterDOMProps" as external to exclude it from the bundle, which will remove this error and leave the unresolved path in the bundle.


[31mX [41;31m[[41;97mERROR[41;31m][0m [1mCould not resolve "react-aria/private/interactions/useFocusable"[0m

    node_modules/.pnpm/react-aria-components@1.21._b5cfd5b3f7fdf12844df94706b6190db/node_modules/react-aria-components/dist/private/Tooltip.mjs:5:60:
[37m      5 │ ...sableProvider} from [32m"react-aria/private/interactions/useFocusable"[37m;
        ╵                        [32m~~~~~~~~~~~~~~~~~~~~~~~~~~~~~~~~~~~~~~~~~~~~~~[0m

  The module "./dist/exports/private/interactions/useFocusable.mjs" was not found on the file system:

    node_modules/.pnpm/node_modules/react-aria/package.json:30:16:
[37m      30 │       "import": [32m"./dist/exports/*.mjs"[37m,
         ╵                 [32m~~~~~~~~~~~~~~~~~~~~~~[0m

  You can mark the path "react-aria/private/interactions/useFocusable" as external to exclude it from the bundle, which will remove this error and leave the unresolved path in the bundle.


[31mX [41;31m[[41;97mERROR[41;31m][0m [1mCould not resolve "react-aria/mergeProps"[0m

    node_modules/.pnpm/react-aria-components@1.21._b5cfd5b3f7fdf12844df94706b6190db/node_modules/react-aria-components/dist/private/Tooltip.mjs:6:46:
[37m      6 │ import {mergeProps as $4nVq8$mergeProps} from [32m"react-aria/mergeProps"[37m;
        ╵                                               [32m~~~~~~~~~~~~~~~~~~~~~~~[0m

  The module "./dist/exports/mergeProps.mjs" was not found on the file system:

    node_modules/.pnpm/node_modules/react-aria/package.json:30:16:
[37m      30 │       "import": [32m"./dist/exports/*.mjs"[37m,
         ╵                 [32m~~~~~~~~~~~~~~~~~~~~~~[0m

  You can mark the path "react-aria/mergeProps" as external to exclude it from the bundle, which will remove this error and leave the unresolved path in the bundle.


[31mX [41;31m[[41;97mERROR[41;31m][0m [1mCould not resolve "react-aria/private/overlays/useModal"[0m

    node_modules/.pnpm/react-aria-components@1.21._b5cfd5b3f7fdf12844df94706b6190db/node_modules/react-aria-components/dist/private/Tooltip.mjs:7:58:
[37m      7 │ ...nVq8$OverlayContainer} from [32m"react-aria/private/overlays/useModal"[37m;
        ╵                                [32m~~~~~~~~~~~~~~~~~~~~~~~~~~~~~~~~~~~~~~[0m

  The module "./dist/exports/private/overlays/useModal.mjs" was not found on the file system:

    node_modules/.pnpm/node_modules/react-aria/package.json:30:16:
[37m      30 │       "import": [32m"./dist/exports/*.mjs"[37m,
         ╵                 [32m~~~~~~~~~~~~~~~~~~~~~~[0m

  You can mark the path "react-aria/private/overlays/useModal" as external to exclude it from the bundle, which will remove this error and leave the unresolved path in the bundle.


[31mX [41;31m[[41;97mERROR[41;31m][0m [1mCould not resolve "react-aria/private/utils/animation"[0m

    node_modules/.pnpm/react-aria-components@1.21._b5cfd5b3f7fdf12844df94706b6190db/node_modules/react-aria-components/dist/private/Tooltip.mjs:10:105:
[37m      10 │ ...nVq8$useEnterAnimation} from [32m"react-aria/private/utils/animation"[37m;
         ╵                                 [32m~~~~~~~~~~~~~~~~~~~~~~~~~~~~~~~~~~~~[0m

  The module "./dist/exports/private/utils/animation.mjs" was not found on the file system:

    node_modules/.pnpm/node_modules/react-aria/package.json:30:16:
[37m      30 │       "import": [32m"./dist/exports/*.mjs"[37m,
         ╵                 [32m~~~~~~~~~~~~~~~~~~~~~~[0m

  You can mark the path "react-aria/private/utils/animation" as external to exclude it from the bundle, which will remove this error and leave the unresolved path in the bundle.


[31mX [41;31m[[41;97mERROR[41;31m][0m [1mCould not resolve "react-aria/useTooltipTrigger"[0m

    node_modules/.pnpm/react-aria-components@1.21._b5cfd5b3f7fdf12844df94706b6190db/node_modules/react-aria-components/dist/private/Tooltip.mjs:11:93:
[37m      11 │ ...Tooltip as $4nVq8$useTooltip} from [32m"react-aria/useTooltipTrigger"[37m;
         ╵                                       [32m~~~~~~~~~~~~~~~~~~~~~~~~~~~~~~[0m

  The module "./dist/exports/useTooltipTrigger.mjs" was not found on the file system:

    node_modules/.pnpm/node_modules/react-aria/package.json:30:16:
[37m      30 │       "import": [32m"./dist/exports/*.mjs"[37m,
         ╵                 [32m~~~~~~~~~~~~~~~~~~~~~~[0m

  You can mark the path "react-aria/useTooltipTrigger" as external to exclude it from the bundle, which will remove this error and leave the unresolved path in the bundle.


[31mX [41;31m[[41;97mERROR[41;31m][0m [1mCould not resolve "react-aria/useTree"[0m

    node_modules/.pnpm/react-aria-components@1.21._b5cfd5b3f7fdf12844df94706b6190db/node_modules/react-aria-components/dist/private/Tree.mjs:10:75:
[37m      10 │ ...ree, useTreeItem as $YRtKP$useTreeItem} from [32m"react-aria/useTree"[37m;
         ╵                                                 [32m~~~~~~~~~~~~~~~~~~~~[0m

  The module "./dist/exports/useTree.mjs" was not found on the file system:

    node_modules/.pnpm/node_modules/react-aria/package.json:30:16:
[37m      30 │       "import": [32m"./dist/exports/*.mjs"[37m,
         ╵                 [32m~~~~~~~~~~~~~~~~~~~~~~[0m

  You can mark the path "react-aria/useTree" as external to exclude it from the bundle, which will remove this error and leave the unresolved path in the bundle.


[31mX [41;31m[[41;97mERROR[41;31m][0m [1mCould not resolve "react-aria/private/collections/BaseCollection"[0m

    node_modules/.pnpm/react-aria-components@1.21._b5cfd5b3f7fdf12844df94706b6190db/node_modules/react-aria-components/dist/private/Tree.mjs:11:163:
[37m      11 │ ...SectionNode} from [32m"react-aria/private/collections/BaseCollection"[37m;
         ╵                      [32m~~~~~~~~~~~~~~~~~~~~~~~~~~~~~~~~~~~~~~~~~~~~~~~[0m

  The module "./dist/exports/private/collections/BaseCollection.mjs" was not found on the file system:

    node_modules/.pnpm/node_modules/react-aria/package.json:30:16:
[37m      30 │       "import": [32m"./dist/exports/*.mjs"[37m,
         ╵                 [32m~~~~~~~~~~~~~~~~~~~~~~[0m

  You can mark the path "react-aria/private/collections/BaseCollection" as external to exclude it from the bundle, which will remove this error and leave the unresolved path in the bundle.


[31mX [41;31m[[41;97mERROR[41;31m][0m [1mCould not resolve "react-aria/Collection"[0m

    node_modules/.pnpm/react-aria-components@1.21._b5cfd5b3f7fdf12844df94706b6190db/node_modules/react-aria-components/dist/private/Tree.mjs:12:46:
[37m      12 │ ...rt {Collection as $YRtKP$Collection} from [32m"react-aria/Collection"[37m;
         ╵                                              [32m~~~~~~~~~~~~~~~~~~~~~~~[0m

  The module "./dist/exports/Collection.mjs" was not found on the file system:

    node_modules/.pnpm/node_modules/react-aria/package.json:30:16:
[37m      30 │       "import": [32m"./dist/exports/*.mjs"[37m,
         ╵                 [32m~~~~~~~~~~~~~~~~~~~~~~[0m

  You can mark the path "react-aria/Collection" as external to exclude it from the bundle, which will remove this error and leave the unresolved path in the bundle.


[31mX [41;31m[[41;97mERROR[41;31m][0m [1mCould not resolve "react-aria/CollectionBuilder"[0m

    node_modules/.pnpm/react-aria-components@1.21._b5cfd5b3f7fdf12844df94706b6190db/node_modules/react-aria-components/dist/private/Tree.mjs:13:166:
[37m      13 │ ...$YRtKP$createBranchComponent} from [32m"react-aria/CollectionBuilder"[37m;
         ╵                                       [32m~~~~~~~~~~~~~~~~~~~~~~~~~~~~~~[0m

  The module "./dist/exports/CollectionBuilder.mjs" was not found on the file system:

    node_modules/.pnpm/node_modules/react-aria/package.json:30:16:
[37m      30 │       "import": [32m"./dist/exports/*.mjs"[37m,
         ╵                 [32m~~~~~~~~~~~~~~~~~~~~~~[0m

  You can mark the path "react-aria/CollectionBuilder" as external to exclude it from the bundle, which will remove this error and leave the unresolved path in the bundle.


[31mX [41;31m[[41;97mERROR[41;31m][0m [1mCould not resolve "react-aria/filterDOMProps"[0m

    node_modules/.pnpm/react-aria-components@1.21._b5cfd5b3f7fdf12844df94706b6190db/node_modules/react-aria-components/dist/private/Tree.mjs:14:54:
[37m      14 │ ...MProps as $YRtKP$filterDOMProps} from [32m"react-aria/filterDOMProps"[37m;
         ╵                                          [32m~~~~~~~~~~~~~~~~~~~~~~~~~~~[0m

  The module "./dist/exports/filterDOMProps.mjs" was not found on the file system:

    node_modules/.pnpm/node_modules/react-aria/package.json:30:16:
[37m      30 │       "import": [32m"./dist/exports/*.mjs"[37m,
         ╵                 [32m~~~~~~~~~~~~~~~~~~~~~~[0m

  You can mark the path "react-aria/filterDOMProps" as external to exclude it from the bundle, which will remove this error and leave the unresolved path in the bundle.


[31mX [41;31m[[41;97mERROR[41;31m][0m [1mCould not resolve "react-aria/FocusScope"[0m

    node_modules/.pnpm/react-aria-components@1.21._b5cfd5b3f7fdf12844df94706b6190db/node_modules/react-aria-components/dist/private/Tree.mjs:15:46:
[37m      15 │ ...rt {FocusScope as $YRtKP$FocusScope} from [32m"react-aria/FocusScope"[37m;
         ╵                                              [32m~~~~~~~~~~~~~~~~~~~~~~~[0m

  The module "./dist/exports/FocusScope.mjs" was not found on the file system:

    node_modules/.pnpm/node_modules/react-aria/package.json:30:16:
[37m      30 │       "import": [32m"./dist/exports/*.mjs"[37m,
         ╵                 [32m~~~~~~~~~~~~~~~~~~~~~~[0m

  You can mark the path "react-aria/FocusScope" as external to exclude it from the bundle, which will remove this error and leave the unresolved path in the bundle.


[31mX [41;31m[[41;97mERROR[41;31m][0m [1mCould not resolve "react-aria/private/utils/inertValue"[0m

    node_modules/.pnpm/react-aria-components@1.21._b5cfd5b3f7fdf12844df94706b6190db/node_modules/react-aria-components/dist/private/Tree.mjs:16:46:
[37m      16 │ ... as $YRtKP$inertValue} from [32m"react-aria/private/utils/inertValue"[37m;
         ╵                                [32m~~~~~~~~~~~~~~~~~~~~~~~~~~~~~~~~~~~~~[0m

  The module "./dist/exports/private/utils/inertValue.mjs" was not found on the file system:

    node_modules/.pnpm/node_modules/react-aria/package.json:30:16:
[37m      30 │       "import": [32m"./dist/exports/*.mjs"[37m,
         ╵                 [32m~~~~~~~~~~~~~~~~~~~~~~[0m

  You can mark the path "react-aria/private/utils/inertValue" as external to exclude it from the bundle, which will remove this error and leave the unresolved path in the bundle.


[31mX [41;31m[[41;97mERROR[41;31m][0m [1mCould not resolve "react-aria/ListKeyboardDelegate"[0m

    node_modules/.pnpm/react-aria-components@1.21._b5cfd5b3f7fdf12844df94706b6190db/node_modules/react-aria-components/dist/private/Tree.mjs:17:66:
[37m      17 │ ...RtKP$ListKeyboardDelegate} from [32m"react-aria/ListKeyboardDelegate"[37m;
         ╵                                    [32m~~~~~~~~~~~~~~~~~~~~~~~~~~~~~~~~~[0m

  The module "./dist/exports/ListKeyboardDelegate.mjs" was not found on the file system:

    node_modules/.pnpm/node_modules/react-aria/package.json:30:16:
[37m      30 │       "import": [32m"./dist/exports/*.mjs"[37m,
         ╵                 [32m~~~~~~~~~~~~~~~~~~~~~~[0m

  You can mark the path "react-aria/ListKeyboardDelegate" as external to exclude it from the bundle, which will remove this error and leave the unresolved path in the bundle.


[31mX [41;31m[[41;97mERROR[41;31m][0m [1mCould not resolve "react-aria/private/utils/useLoadMoreSentinel"[0m

    node_modules/.pnpm/react-aria-components@1.21._b5cfd5b3f7fdf12844df94706b6190db/node_modules/react-aria-components/dist/private/Tree.mjs:18:64:
[37m      18 │ ...MoreSentinel} from [32m"react-aria/private/utils/useLoadMoreSentinel"[37m;
         ╵                       [32m~~~~~~~~~~~~~~~~~~~~~~~~~~~~~~~~~~~~~~~~~~~~~~[0m

  The module "./dist/exports/private/utils/useLoadMoreSentinel.mjs" was not found on the file system:

    node_modules/.pnpm/node_modules/react-aria/package.json:30:16:
[37m      30 │       "import": [32m"./dist/exports/*.mjs"[37m,
         ╵                 [32m~~~~~~~~~~~~~~~~~~~~~~[0m

  You can mark the path "react-aria/private/utils/useLoadMoreSentinel" as external to exclude it from the bundle, which will remove this error and leave the unresolved path in the bundle.


[31mX [41;31m[[41;97mERROR[41;31m][0m [1mCould not resolve "react-aria/mergeProps"[0m

    node_modules/.pnpm/react-aria-components@1.21._b5cfd5b3f7fdf12844df94706b6190db/node_modules/react-aria-components/dist/private/Tree.mjs:19:46:
[37m      19 │ ...rt {mergeProps as $YRtKP$mergeProps} from [32m"react-aria/mergeProps"[37m;
         ╵                                              [32m~~~~~~~~~~~~~~~~~~~~~~~[0m

  The module "./dist/exports/mergeProps.mjs" was not found on the file system:

    node_modules/.pnpm/node_modules/react-aria/package.json:30:16:
[37m      30 │       "import": [32m"./dist/exports/*.mjs"[37m,
         ╵                 [32m~~~~~~~~~~~~~~~~~~~~~~[0m

  You can mark the path "react-aria/mergeProps" as external to exclude it from the bundle, which will remove this error and leave the unresolved path in the bundle.


[31mX [41;31m[[41;97mERROR[41;31m][0m [1mCould not resolve "react-aria/private/collections/useCachedChildren"[0m

    node_modules/.pnpm/react-aria-components@1.21._b5cfd5b3f7fdf12844df94706b6190db/node_modules/react-aria-components/dist/private/Tree.mjs:22:60:
[37m      22 │ ...Children} from [32m"react-aria/private/collections/useCachedChildren"[37m;
         ╵                   [32m~~~~~~~~~~~~~~~~~~~~~~~~~~~~~~~~~~~~~~~~~~~~~~~~~~[0m

  The module "./dist/exports/private/collections/useCachedChildren.mjs" was not found on the file system:

    node_modules/.pnpm/node_modules/react-aria/package.json:30:16:
[37m      30 │       "import": [32m"./dist/exports/*.mjs"[37m,
         ╵                 [32m~~~~~~~~~~~~~~~~~~~~~~[0m

  You can mark the path "react-aria/private/collections/useCachedChildren" as external to exclude it from the bundle, which will remove this error and leave the unresolved path in the bundle.


[31mX [41;31m[[41;97mERROR[41;31m][0m [1mCould not resolve "react-aria/useCollator"[0m

    node_modules/.pnpm/react-aria-components@1.21._b5cfd5b3f7fdf12844df94706b6190db/node_modules/react-aria-components/dist/private/Tree.mjs:23:48:
[37m      23 │ ...{useCollator as $YRtKP$useCollator} from [32m"react-aria/useCollator"[37m;
         ╵                                             [32m~~~~~~~~~~~~~~~~~~~~~~~~[0m

  The module "./dist/exports/useCollator.mjs" was not found on the file system:

    node_modules/.pnpm/node_modules/react-aria/package.json:30:16:
[37m      30 │       "import": [32m"./dist/exports/*.mjs"[37m,
         ╵                 [32m~~~~~~~~~~~~~~~~~~~~~~[0m

  You can mark the path "react-aria/useCollator" as external to exclude it from the bundle, which will remove this error and leave the unresolved path in the bundle.


[31mX [41;31m[[41;97mERROR[41;31m][0m [1mCould not resolve "react-aria/useFocusRing"[0m

    node_modules/.pnpm/react-aria-components@1.21._b5cfd5b3f7fdf12844df94706b6190db/node_modules/react-aria-components/dist/private/Tree.mjs:25:50:
[37m      25 │ ...eFocusRing as $YRtKP$useFocusRing} from [32m"react-aria/useFocusRing"[37m;
         ╵                                            [32m~~~~~~~~~~~~~~~~~~~~~~~~~[0m

  The module "./dist/exports/useFocusRing.mjs" was not found on the file system:

    node_modules/.pnpm/node_modules/react-aria/package.json:30:16:
[37m      30 │       "import": [32m"./dist/exports/*.mjs"[37m,
         ╵                 [32m~~~~~~~~~~~~~~~~~~~~~~[0m

  You can mark the path "react-aria/useFocusRing" as external to exclude it from the bundle, which will remove this error and leave the unresolved path in the bundle.


[31mX [41;31m[[41;97mERROR[41;31m][0m [1mCould not resolve "react-aria/useGridList"[0m

    node_modules/.pnpm/react-aria-components@1.21._b5cfd5b3f7fdf12844df94706b6190db/node_modules/react-aria-components/dist/private/Tree.mjs:26:131:
[37m      26 │ ...ction as $YRtKP$useGridListSection} from [32m"react-aria/useGridList"[37m;
         ╵                                             [32m~~~~~~~~~~~~~~~~~~~~~~~~[0m

  The module "./dist/exports/useGridList.mjs" was not found on the file system:

    node_modules/.pnpm/node_modules/react-aria/package.json:30:16:
[37m      30 │       "import": [32m"./dist/exports/*.mjs"[37m,
         ╵                 [32m~~~~~~~~~~~~~~~~~~~~~~[0m

  You can mark the path "react-aria/useGridList" as external to exclude it from the bundle, which will remove this error and leave the unresolved path in the bundle.


[31mX [41;31m[[41;97mERROR[41;31m][0m [1mCould not resolve "react-aria/useHover"[0m

    node_modules/.pnpm/react-aria-components@1.21._b5cfd5b3f7fdf12844df94706b6190db/node_modules/react-aria-components/dist/private/Tree.mjs:27:42:
[37m      27 │ import {useHover as $YRtKP$useHover} from [32m"react-aria/useHover"[37m;
         ╵                                           [32m~~~~~~~~~~~~~~~~~~~~~[0m

  The module "./dist/exports/useHover.mjs" was not found on the file system:

    node_modules/.pnpm/node_modules/react-aria/package.json:30:16:
[37m      30 │       "import": [32m"./dist/exports/*.mjs"[37m,
         ╵                 [32m~~~~~~~~~~~~~~~~~~~~~~[0m

  You can mark the path "react-aria/useHover" as external to exclude it from the bundle, which will remove this error and leave the unresolved path in the bundle.


[31mX [41;31m[[41;97mERROR[41;31m][0m [1mCould not resolve "react-aria/useId"[0m

    node_modules/.pnpm/react-aria-components@1.21._b5cfd5b3f7fdf12844df94706b6190db/node_modules/react-aria-components/dist/private/Tree.mjs:28:36:
[37m      28 │ import {useId as $YRtKP$useId} from [32m"react-aria/useId"[37m;
         ╵                                     [32m~~~~~~~~~~~~~~~~~~[0m

  The module "./dist/exports/useId.mjs" was not found on the file system:

    node_modules/.pnpm/node_modules/react-aria/package.json:30:16:
[37m      30 │       "import": [32m"./dist/exports/*.mjs"[37m,
         ╵                 [32m~~~~~~~~~~~~~~~~~~~~~~[0m

  You can mark the path "react-aria/useId" as external to exclude it from the bundle, which will remove this error and leave the unresolved path in the bundle.


[31mX [41;31m[[41;97mERROR[41;31m][0m [1mCould not resolve "react-aria/I18nProvider"[0m

    node_modules/.pnpm/react-aria-components@1.21._b5cfd5b3f7fdf12844df94706b6190db/node_modules/react-aria-components/dist/private/Tree.mjs:29:44:
[37m      29 │ ...rt {useLocale as $YRtKP$useLocale} from [32m"react-aria/I18nProvider"[37m;
         ╵                                            [32m~~~~~~~~~~~~~~~~~~~~~~~~~[0m

  The module "./dist/exports/I18nProvider.mjs" was not found on the file system:

    node_modules/.pnpm/node_modules/react-aria/package.json:30:16:
[37m      30 │       "import": [32m"./dist/exports/*.mjs"[37m,
         ╵                 [32m~~~~~~~~~~~~~~~~~~~~~~[0m

  You can mark the path "react-aria/I18nProvider" as external to exclude it from the bundle, which will remove this error and leave the unresolved path in the bundle.


[31mX [41;31m[[41;97mERROR[41;31m][0m [1mCould not resolve "react-aria/useObjectRef"[0m

    node_modules/.pnpm/react-aria-components@1.21._b5cfd5b3f7fdf12844df94706b6190db/node_modules/react-aria-components/dist/private/Tree.mjs:30:50:
[37m      30 │ ...eObjectRef as $YRtKP$useObjectRef} from [32m"react-aria/useObjectRef"[37m;
         ╵                                            [32m~~~~~~~~~~~~~~~~~~~~~~~~~[0m

  The module "./dist/exports/useObjectRef.mjs" was not found on the file system:

    node_modules/.pnpm/node_modules/react-aria/package.json:30:16:
[37m      30 │       "import": [32m"./dist/exports/*.mjs"[37m,
         ╵                 [32m~~~~~~~~~~~~~~~~~~~~~~[0m

  You can mark the path "react-aria/useObjectRef" as external to exclude it from the bundle, which will remove this error and leave the unresolved path in the bundle.


[31mX [41;31m[[41;97mERROR[41;31m][0m [1mCould not resolve "react-aria/VisuallyHidden"[0m

    node_modules/.pnpm/react-aria-components@1.21._b5cfd5b3f7fdf12844df94706b6190db/node_modules/react-aria-components/dist/private/Tree.mjs:31:60:
[37m      31 │ ...den as $YRtKP$useVisuallyHidden} from [32m"react-aria/VisuallyHidden"[37m;
         ╵                                          [32m~~~~~~~~~~~~~~~~~~~~~~~~~~~[0m

  The module "./dist/exports/VisuallyHidden.mjs" was not found on the file system:

    node_modules/.pnpm/node_modules/react-aria/package.json:30:16:
[37m      30 │       "import": [32m"./dist/exports/*.mjs"[37m,
         ╵                 [32m~~~~~~~~~~~~~~~~~~~~~~[0m

  You can mark the path "react-aria/VisuallyHidden" as external to exclude it from the bundle, which will remove this error and leave the unresolved path in the bundle.


[31mX [41;31m[[41;97mERROR[41;31m][0m [1mCould not resolve "react-aria/private/virtualizer/ScrollView"[0m

    node_modules/.pnpm/react-aria-components@1.21._b5cfd5b3f7fdf12844df94706b6190db/node_modules/react-aria-components/dist/private/Virtualizer.mjs:4:52:
[37m      4 │ ...aS$useScrollView} from [32m"react-aria/private/virtualizer/ScrollView"[37m;
        ╵                           [32m~~~~~~~~~~~~~~~~~~~~~~~~~~~~~~~~~~~~~~~~~~~[0m

  The module "./dist/exports/private/virtualizer/ScrollView.mjs" was not found on the file system:

    node_modules/.pnpm/node_modules/react-aria/package.json:30:16:
[37m      30 │       "import": [32m"./dist/exports/*.mjs"[37m,
         ╵                 [32m~~~~~~~~~~~~~~~~~~~~~~[0m

  You can mark the path "react-aria/private/virtualizer/ScrollView" as external to exclude it from the bundle, which will remove this error and leave the unresolved path in the bundle.


[31mX [41;31m[[41;97mERROR[41;31m][0m [1mCould not resolve "react-aria/private/virtualizer/VirtualizerItem"[0m

    node_modules/.pnpm/react-aria-components@1.21._b5cfd5b3f7fdf12844df94706b6190db/node_modules/react-aria-components/dist/private/Virtualizer.mjs:5:56:
[37m      5 │ ...ualizerItem} from [32m"react-aria/private/virtualizer/VirtualizerItem"[37m;
        ╵                      [32m~~~~~~~~~~~~~~~~~~~~~~~~~~~~~~~~~~~~~~~~~~~~~~~~[0m

  The module "./dist/exports/private/virtualizer/VirtualizerItem.mjs" was not found on the file system:

    node_modules/.pnpm/node_modules/react-aria/package.json:30:16:
[37m      30 │       "import": [32m"./dist/exports/*.mjs"[37m,
         ╵                 [32m~~~~~~~~~~~~~~~~~~~~~~[0m

  You can mark the path "react-aria/private/virtualizer/VirtualizerItem" as external to exclude it from the bundle, which will remove this error and leave the unresolved path in the bundle.


[31mX [41;31m[[41;97mERROR[41;31m][0m [1mCould not resolve "react-aria/useDroppableCollection"[0m

    node_modules/.pnpm/react-aria-components@1.21._b5cfd5b3f7fdf12844df94706b6190db/node_modules/react-aria-components/dist/private/useDragAndDrop.mjs:2:160:
[37m      2 │ ... $6P4UV$useDropIndicator} from [32m"react-aria/useDroppableCollection"[37m;
        ╵                                   [32m~~~~~~~~~~~~~~~~~~~~~~~~~~~~~~~~~~~[0m

  The module "./dist/exports/useDroppableCollection.mjs" was not found on the file system:

    node_modules/.pnpm/node_modules/react-aria/package.json:30:16:
[37m      30 │       "import": [32m"./dist/exports/*.mjs"[37m,
         ╵                 [32m~~~~~~~~~~~~~~~~~~~~~~[0m

  You can mark the path "react-aria/useDroppableCollection" as external to exclude it from the bundle, which will remove this error and leave the unresolved path in the bundle.


[31mX [41;31m[[41;97mERROR[41;31m][0m [1mCould not resolve "react-aria/useDraggableCollection"[0m

    node_modules/.pnpm/react-aria-components@1.21._b5cfd5b3f7fdf12844df94706b6190db/node_modules/react-aria-components/dist/private/useDragAndDrop.mjs:3:150:
[37m      3 │ ...ew as $6P4UV$DragPreview} from [32m"react-aria/useDraggableCollection"[37m;
        ╵                                   [32m~~~~~~~~~~~~~~~~~~~~~~~~~~~~~~~~~~~[0m

  The module "./dist/exports/useDraggableCollection.mjs" was not found on the file system:

    node_modules/.pnpm/node_modules/react-aria/package.json:30:16:
[37m      30 │       "import": [32m"./dist/exports/*.mjs"[37m,
         ╵                 [32m~~~~~~~~~~~~~~~~~~~~~~[0m

  You can mark the path "react-aria/useDraggableCollection" as external to exclude it from the bundle, which will remove this error and leave the unresolved path in the bundle.


[31mX [41;31m[[41;97mERROR[41;31m][0m [1mCould not resolve "react-aria/private/dnd/DragManager"[0m

    node_modules/.pnpm/react-aria-components@1.21._b5cfd5b3f7fdf12844df94706b6190db/node_modules/react-aria-components/dist/private/useDragAndDrop.mjs:6:60:
[37m      6 │ ...6P4UV$isVirtualDragging} from [32m"react-aria/private/dnd/DragManager"[37m;
        ╵                                  [32m~~~~~~~~~~~~~~~~~~~~~~~~~~~~~~~~~~~~[0m

  The module "./dist/exports/private/dnd/DragManager.mjs" was not found on the file system:

    node_modules/.pnpm/node_modules/react-aria/package.json:30:16:
[37m      30 │       "import": [32m"./dist/exports/*.mjs"[37m,
         ╵                 [32m~~~~~~~~~~~~~~~~~~~~~~[0m

  You can mark the path "react-aria/private/dnd/DragManager" as external to exclude it from the bundle, which will remove this error and leave the unresolved path in the bundle.


[31mX [41;31m[[41;97mERROR[41;31m][0m [1mCould not resolve "react-aria/ListDropTargetDelegate"[0m

    node_modules/.pnpm/react-aria-components@1.21._b5cfd5b3f7fdf12844df94706b6190db/node_modules/react-aria-components/dist/private/useDragAndDrop.mjs:8:70:
[37m      8 │ ...V$ListDropTargetDelegate} from [32m"react-aria/ListDropTargetDelegate"[37m;
        ╵                                   [32m~~~~~~~~~~~~~~~~~~~~~~~~~~~~~~~~~~~[0m

  The module "./dist/exports/ListDropTargetDelegate.mjs" was not found on the file system:

    node_modules/.pnpm/node_modules/react-aria/package.json:30:16:
[37m      30 │       "import": [32m"./dist/exports/*.mjs"[37m,
         ╵                 [32m~~~~~~~~~~~~~~~~~~~~~~[0m

  You can mark the path "react-aria/ListDropTargetDelegate" as external to exclude it from the bundle, which will remove this error and leave the unresolved path in the bundle.


[31mX [41;31m[[41;97mERROR[41;31m][0m [1mCould not resolve "react-aria/mergeProps"[0m

    node_modules/.pnpm/react-aria-components@1.21._b5cfd5b3f7fdf12844df94706b6190db/node_modules/react-aria-components/dist/private/utils.mjs:1:46:
[37m      1 │ import {mergeProps as $ahdqC$mergeProps} from [32m"react-aria/mergeProps"[37m;
        ╵                                               [32m~~~~~~~~~~~~~~~~~~~~~~~[0m

  The module "./dist/exports/mergeProps.mjs" was not found on the file system:

    node_modules/.pnpm/node_modules/react-aria/package.json:30:16:
[37m      30 │       "import": [32m"./dist/exports/*.mjs"[37m,
         ╵                 [32m~~~~~~~~~~~~~~~~~~~~~~[0m

  You can mark the path "react-aria/mergeProps" as external to exclude it from the bundle, which will remove this error and leave the unresolved path in the bundle.


[31mX [41;31m[[41;97mERROR[41;31m][0m [1mCould not resolve "react-aria/mergeRefs"[0m

    node_modules/.pnpm/react-aria-components@1.21._b5cfd5b3f7fdf12844df94706b6190db/node_modules/react-aria-components/dist/private/utils.mjs:2:44:
[37m      2 │ import {mergeRefs as $ahdqC$mergeRefs} from [32m"react-aria/mergeRefs"[37m;
        ╵                                             [32m~~~~~~~~~~~~~~~~~~~~~~[0m

  The module "./dist/exports/mergeRefs.mjs" was not found on the file system:

    node_modules/.pnpm/node_modules/react-aria/package.json:30:16:
[37m      30 │       "import": [32m"./dist/exports/*.mjs"[37m,
         ╵                 [32m~~~~~~~~~~~~~~~~~~~~~~[0m

  You can mark the path "react-aria/mergeRefs" as external to exclude it from the bundle, which will remove this error and leave the unresolved path in the bundle.


[31mX [41;31m[[41;97mERROR[41;31m][0m [1mCould not resolve "react-aria/private/utils/useLayoutEffect"[0m

    node_modules/.pnpm/react-aria-components@1.21._b5cfd5b3f7fdf12844df94706b6190db/node_modules/react-aria-components/dist/private/utils.mjs:4:56:
[37m      4 │ ...C$useLayoutEffect} from [32m"react-aria/private/utils/useLayoutEffect"[37m;
        ╵                            [32m~~~~~~~~~~~~~~~~~~~~~~~~~~~~~~~~~~~~~~~~~~[0m

  The module "./dist/exports/private/utils/useLayoutEffect.mjs" was not found on the file system:

    node_modules/.pnpm/node_modules/react-aria/package.json:30:16:
[37m      30 │       "import": [32m"./dist/exports/*.mjs"[37m,
         ╵                 [32m~~~~~~~~~~~~~~~~~~~~~~[0m

  You can mark the path "react-aria/private/utils/useLayoutEffect" as external to exclude it from the bundle, which will remove this error and leave the unresolved path in the bundle.


[31mX [41;31m[[41;97mERROR[41;31m][0m [1mCould not resolve "react-aria/useObjectRef"[0m

    node_modules/.pnpm/react-aria-components@1.21._b5cfd5b3f7fdf12844df94706b6190db/node_modules/react-aria-components/dist/private/utils.mjs:5:50:
[37m      5 │ ...seObjectRef as $ahdqC$useObjectRef} from [32m"react-aria/useObjectRef"[37m;
        ╵                                             [32m~~~~~~~~~~~~~~~~~~~~~~~~~[0m

  The module "./dist/exports/useObjectRef.mjs" was not found on the file system:

    node_modules/.pnpm/node_modules/react-aria/package.json:30:16:
[37m      30 │       "import": [32m"./dist/exports/*.mjs"[37m,
         ╵                 [32m~~~~~~~~~~~~~~~~~~~~~~[0m

  You can mark the path "react-aria/useObjectRef" as external to exclude it from the bundle, which will remove this error and leave the unresolved path in the bundle.


[31mX [41;31m[[41;97mERROR[41;31m][0m [1mCould not resolve "react-aria/private/i18n/server"[0m

    node_modules/.pnpm/react-aria-components@1.21._b5cfd5b3f7fdf12844df94706b6190db/node_modules/react-aria-components/i18n/index.mjs:1:72:
[37m      1 │ ...etPackageLocalizationScript} from [32m'react-aria/private/i18n/server'[37m;
        ╵                                      [32m~~~~~~~~~~~~~~~~~~~~~~~~~~~~~~~~[0m

  The module "./dist/exports/private/i18n/server.mjs" was not found on the file system:

    node_modules/.pnpm/node_modules/react-aria/package.json:30:16:
[37m      30 │       "import": [32m"./dist/exports/*.mjs"[37m,
         ╵                 [32m~~~~~~~~~~~~~~~~~~~~~~[0m

  You can mark the path "react-aria/private/i18n/server" as external to exclude it from the bundle, which will remove this error and leave the unresolved path in the bundle.


    at failureErrorWithLog (E:\codex\high-resume\node_modules\.pnpm\esbuild@0.28.2\node_modules\esbuild\lib\main.js:1752:15)
    at E:\codex\high-resume\node_modules\.pnpm\esbuild@0.28.2\node_modules\esbuild\lib\main.js:1211:25
    at E:\codex\high-resume\node_modules\.pnpm\esbuild@0.28.2\node_modules\esbuild\lib\main.js:1630:9
    at process.processTicksAndRejections (node:internal/process/task_queues:104:5) {
  errors: [Getter/Setter],
  warnings: [Getter/Setter]
}

Node.js v24.19.0
